ISO-10303-21;
HEADER;
FILE_DESCRIPTION(('KiCad electronic assembly'),'2;1');
FILE_NAME('.step','2026-08-01T21:57:43',('Pcbnew'),('Kicad'),
  'Open CASCADE STEP processor 7.9','KiCad to STEP converter','Unknown'
  );
FILE_SCHEMA(('AUTOMOTIVE_DESIGN { 1 0 10303 214 1 1 1 1 }'));
ENDSEC;
DATA;
#1 = APPLICATION_PROTOCOL_DEFINITION('international standard',
  'automotive_design',2000,#2);
#2 = APPLICATION_CONTEXT(
  'core data for automotive mechanical design processes');
#3 = SHAPE_DEFINITION_REPRESENTATION(#4,#10);
#4 = PRODUCT_DEFINITION_SHAPE('','',#5);
#5 = PRODUCT_DEFINITION('design','',#6,#9);
#6 = PRODUCT_DEFINITION_FORMATION('','',#7);
#7 = PRODUCT('.step 1','.step 1','',(#8));
#8 = PRODUCT_CONTEXT('',#2,'mechanical');
#9 = PRODUCT_DEFINITION_CONTEXT('part definition',#2,'design');
#10 = SHAPE_REPRESENTATION('',(#11,#15,#19,#23,#27,#31,#35,#39,#43,#47),
  #51);
#11 = AXIS2_PLACEMENT_3D('',#12,#13,#14);
#12 = CARTESIAN_POINT('',(0.,0.,0.));
#13 = DIRECTION('',(0.,0.,1.));
#14 = DIRECTION('',(1.,0.,-0.));
#15 = AXIS2_PLACEMENT_3D('',#16,#17,#18);
#16 = CARTESIAN_POINT('',(13.1,22.7,0.885));
#17 = DIRECTION('',(0.,0.,1.));
#18 = DIRECTION('',(1.,0.,0.));
#19 = AXIS2_PLACEMENT_3D('',#20,#21,#22);
#20 = CARTESIAN_POINT('',(19.6,25.78,0.885));
#21 = DIRECTION('',(0.,0.,1.));
#22 = DIRECTION('',(1.,0.,0.));
#23 = AXIS2_PLACEMENT_3D('',#24,#25,#26);
#24 = CARTESIAN_POINT('',(3.7,22.94,0.885));
#25 = DIRECTION('',(0.,0.,1.));
#26 = DIRECTION('',(1.,0.,0.));
#27 = AXIS2_PLACEMENT_3D('',#28,#29,#30);
#28 = CARTESIAN_POINT('',(26.76,25.7,0.885));
#29 = DIRECTION('',(0.,-0.,1.));
#30 = DIRECTION('',(1.110223024625E-16,1.,0.));
#31 = AXIS2_PLACEMENT_3D('',#32,#33,#34);
#32 = CARTESIAN_POINT('',(8.5,23.2,0.885));
#33 = DIRECTION('',(-0.,0.,1.));
#34 = DIRECTION('',(1.110223024625E-16,-1.,0.));
#35 = AXIS2_PLACEMENT_3D('',#36,#37,#38);
#36 = CARTESIAN_POINT('',(23.82,21.,0.885));
#37 = DIRECTION('',(0.,-0.,1.));
#38 = DIRECTION('',(1.110223024625E-16,1.,0.));
#39 = AXIS2_PLACEMENT_3D('',#40,#41,#42);
#40 = CARTESIAN_POINT('',(31.75,1.27,-8.5E-02));
#41 = DIRECTION('',(1.224646799147E-16,-1.359631073447E-32,-1.));
#42 = DIRECTION('',(1.110223024625E-16,1.,0.));
#43 = AXIS2_PLACEMENT_3D('',#44,#45,#46);
#44 = CARTESIAN_POINT('',(3.81,16.51,-8.5E-02));
#45 = DIRECTION('',(-1.224646799147E-16,-1.359631073447E-32,-1.));
#46 = DIRECTION('',(1.110223024625E-16,-1.,0.));
#47 = AXIS2_PLACEMENT_3D('',#48,#49,#50);
#48 = CARTESIAN_POINT('',(0.,0.,0.));
#49 = DIRECTION('',(0.,0.,1.));
#50 = DIRECTION('',(1.,0.,-0.));
#51 = ( GEOMETRIC_REPRESENTATION_CONTEXT(3) 
GLOBAL_UNCERTAINTY_ASSIGNED_CONTEXT((#55)) GLOBAL_UNIT_ASSIGNED_CONTEXT(
(#52,#53,#54)) REPRESENTATION_CONTEXT('Context #1',
  '3D Context with UNIT and UNCERTAINTY') );
#52 = ( LENGTH_UNIT() NAMED_UNIT(*) SI_UNIT(.MILLI.,.METRE.) );
#53 = ( NAMED_UNIT(*) PLANE_ANGLE_UNIT() SI_UNIT($,.RADIAN.) );
#54 = ( NAMED_UNIT(*) SI_UNIT($,.STERADIAN.) SOLID_ANGLE_UNIT() );
#55 = UNCERTAINTY_MEASURE_WITH_UNIT(LENGTH_MEASURE(1.E-07),#52,
  'distance_accuracy_value','confusion accuracy');
#56 = PRODUCT_RELATED_PRODUCT_CATEGORY('part',$,(#7));
#57 = SHAPE_DEFINITION_REPRESENTATION(#58,#64);
#58 = PRODUCT_DEFINITION_SHAPE('','',#59);
#59 = PRODUCT_DEFINITION('design','',#60,#63);
#60 = PRODUCT_DEFINITION_FORMATION('','',#61);
#61 = PRODUCT('CP_Radial_D6.3mm_P2.50mm','CP_Radial_D6.3mm_P2.50mm','',(
    #62));
#62 = PRODUCT_CONTEXT('',#2,'mechanical');
#63 = PRODUCT_DEFINITION_CONTEXT('part definition',#2,'design');
#64 = SHAPE_REPRESENTATION('',(#11,#65),#69);
#65 = AXIS2_PLACEMENT_3D('',#66,#67,#68);
#66 = CARTESIAN_POINT('',(0.,0.,0.));
#67 = DIRECTION('',(0.,0.,1.));
#68 = DIRECTION('',(1.,0.,-0.));
#69 = ( GEOMETRIC_REPRESENTATION_CONTEXT(3) 
GLOBAL_UNCERTAINTY_ASSIGNED_CONTEXT((#73)) GLOBAL_UNIT_ASSIGNED_CONTEXT(
(#70,#71,#72)) REPRESENTATION_CONTEXT('Context #1',
  '3D Context with UNIT and UNCERTAINTY') );
#70 = ( LENGTH_UNIT() NAMED_UNIT(*) SI_UNIT(.MILLI.,.METRE.) );
#71 = ( NAMED_UNIT(*) PLANE_ANGLE_UNIT() SI_UNIT($,.RADIAN.) );
#72 = ( NAMED_UNIT(*) SI_UNIT($,.STERADIAN.) SOLID_ANGLE_UNIT() );
#73 = UNCERTAINTY_MEASURE_WITH_UNIT(LENGTH_MEASURE(1.E-06),#70,
  'distance_accuracy_value','confusion accuracy');
#74 = CONTEXT_DEPENDENT_SHAPE_REPRESENTATION(#75,#77);
#75 = ( REPRESENTATION_RELATIONSHIP('','',#64,#10) 
REPRESENTATION_RELATIONSHIP_WITH_TRANSFORMATION(#76) 
SHAPE_REPRESENTATION_RELATIONSHIP() );
#76 = ITEM_DEFINED_TRANSFORMATION('','',#11,#15);
#77 = PRODUCT_DEFINITION_SHAPE('Placement','Placement of an item',#78);
#78 = NEXT_ASSEMBLY_USAGE_OCCURRENCE('2','C1','',#5,#59,$);
#79 = PRODUCT_RELATED_PRODUCT_CATEGORY('part',$,(#61));
#80 = SHAPE_DEFINITION_REPRESENTATION(#81,#87);
#81 = PRODUCT_DEFINITION_SHAPE('','',#82);
#82 = PRODUCT_DEFINITION('design','',#83,#86);
#83 = PRODUCT_DEFINITION_FORMATION('','',#84);
#84 = PRODUCT('CP_Radial_D63mm_P250mm','CP_Radial_D63mm_P250mm','',(#85)
  );
#85 = PRODUCT_CONTEXT('',#2,'mechanical');
#86 = PRODUCT_DEFINITION_CONTEXT('part definition',#2,'design');
#87 = ADVANCED_BREP_SHAPE_REPRESENTATION('',(#11,#88),#1912);
#88 = BREP_WITH_VOIDS('',#89,(#1790));
#89 = CLOSED_SHELL('',(#90,#107,#132,#181,#214,#232,#257,#289,#307,#316,
    #354,#376,#439,#467,#645,#711,#780,#812,#990,#1056,#1088,#1198,#1232
    ,#1250,#1266,#1298,#1316,#1459,#1511,#1535,#1559,#1583,#1645,#1662,
    #1686,#1702,#1726,#1738,#1754,#1766,#1778));
#90 = ADVANCED_FACE('',(#91),#102,.F.);
#91 = FACE_BOUND('',#92,.F.);
#92 = EDGE_LOOP('',(#93));
#93 = ORIENTED_EDGE('',*,*,#94,.T.);
#94 = EDGE_CURVE('',#95,#95,#97,.T.);
#95 = VERTEX_POINT('',#96);
#96 = CARTESIAN_POINT('',(2.25,-1.224646799147E-16,-1.9));
#97 = CIRCLE('',#98,0.25);
#98 = AXIS2_PLACEMENT_3D('',#99,#100,#101);
#99 = CARTESIAN_POINT('',(2.5,-1.530808498934E-16,-1.9));
#100 = DIRECTION('',(0.,0.,1.));
#101 = DIRECTION('',(-1.,1.224646799147E-16,0.));
#102 = PLANE('',#103);
#103 = AXIS2_PLACEMENT_3D('',#104,#105,#106);
#104 = CARTESIAN_POINT('',(2.5,-1.749248380069E-16,-1.9));
#105 = DIRECTION('',(4.108650548026E-33,4.08046586736E-33,1.));
#106 = DIRECTION('',(-1.,1.224646799147E-16,4.108650548026E-33));
#107 = ADVANCED_FACE('',(#108),#127,.T.);
#108 = FACE_BOUND('',#109,.T.);
#109 = EDGE_LOOP('',(#110,#119,#125,#126));
#110 = ORIENTED_EDGE('',*,*,#111,.F.);
#111 = EDGE_CURVE('',#112,#112,#114,.T.);
#112 = VERTEX_POINT('',#113);
#113 = CARTESIAN_POINT('',(2.25,-1.224646799147E-16,0.2));
#114 = CIRCLE('',#115,0.25);
#115 = AXIS2_PLACEMENT_3D('',#116,#117,#118);
#116 = CARTESIAN_POINT('',(2.5,-1.530808498934E-16,0.2));
#117 = DIRECTION('',(0.,0.,1.));
#118 = DIRECTION('',(-1.,1.224646799147E-16,0.));
#119 = ORIENTED_EDGE('',*,*,#120,.T.);
#120 = EDGE_CURVE('',#112,#95,#121,.T.);
#121 = LINE('',#122,#123);
#122 = CARTESIAN_POINT('',(2.25,-1.224646799147E-16,0.3));
#123 = VECTOR('',#124,1.);
#124 = DIRECTION('',(0.,0.,-1.));
#125 = ORIENTED_EDGE('',*,*,#94,.T.);
#126 = ORIENTED_EDGE('',*,*,#120,.F.);
#127 = CYLINDRICAL_SURFACE('',#128,0.25);
#128 = AXIS2_PLACEMENT_3D('',#129,#130,#131);
#129 = CARTESIAN_POINT('',(2.5,-1.530808498934E-16,0.3));
#130 = DIRECTION('',(0.,0.,1.));
#131 = DIRECTION('',(-1.,1.224646799147E-16,0.));
#132 = ADVANCED_FACE('',(#133,#162,#165),#176,.F.);
#133 = FACE_BOUND('',#134,.F.);
#134 = EDGE_LOOP('',(#135,#146,#155));
#135 = ORIENTED_EDGE('',*,*,#136,.T.);
#136 = EDGE_CURVE('',#137,#139,#141,.T.);
#137 = VERTEX_POINT('',#138);
#138 = CARTESIAN_POINT('',(-0.955,2.70034619212E-16,0.2));
#139 = VERTEX_POINT('',#140);
#140 = CARTESIAN_POINT('',(3.287154369187,-0.843816968365,0.2));
#141 = CIRCLE('',#142,2.205);
#142 = AXIS2_PLACEMENT_3D('',#143,#144,#145);
#143 = CARTESIAN_POINT('',(1.25,0.,0.2));
#144 = DIRECTION('',(0.,0.,1.));
#145 = DIRECTION('',(-1.,1.224646799147E-16,0.));
#146 = ORIENTED_EDGE('',*,*,#147,.T.);
#147 = EDGE_CURVE('',#139,#148,#150,.T.);
#148 = VERTEX_POINT('',#149);
#149 = CARTESIAN_POINT('',(3.287154369187,0.843816968365,0.2));
#150 = CIRCLE('',#151,2.205);
#151 = AXIS2_PLACEMENT_3D('',#152,#153,#154);
#152 = CARTESIAN_POINT('',(1.25,0.,0.2));
#153 = DIRECTION('',(0.,0.,1.));
#154 = DIRECTION('',(-1.,1.224646799147E-16,0.));
#155 = ORIENTED_EDGE('',*,*,#156,.T.);
#156 = EDGE_CURVE('',#148,#137,#157,.T.);
#157 = CIRCLE('',#158,2.205);
#158 = AXIS2_PLACEMENT_3D('',#159,#160,#161);
#159 = CARTESIAN_POINT('',(1.25,0.,0.2));
#160 = DIRECTION('',(0.,0.,1.));
#161 = DIRECTION('',(-1.,1.224646799147E-16,0.));
#162 = FACE_BOUND('',#163,.F.);
#163 = EDGE_LOOP('',(#164));
#164 = ORIENTED_EDGE('',*,*,#111,.F.);
#165 = FACE_BOUND('',#166,.F.);
#166 = EDGE_LOOP('',(#167));
#167 = ORIENTED_EDGE('',*,*,#168,.F.);
#168 = EDGE_CURVE('',#169,#169,#171,.T.);
#169 = VERTEX_POINT('',#170);
#170 = CARTESIAN_POINT('',(-0.25,1.836970198721E-16,0.2));
#171 = CIRCLE('',#172,0.25);
#172 = AXIS2_PLACEMENT_3D('',#173,#174,#175);
#173 = CARTESIAN_POINT('',(0.,1.530808498934E-16,0.2));
#174 = DIRECTION('',(0.,0.,1.));
#175 = DIRECTION('',(-1.,1.224646799147E-16,0.));
#176 = PLANE('',#177);
#177 = AXIS2_PLACEMENT_3D('',#178,#179,#180);
#178 = CARTESIAN_POINT('',(1.25,-1.425463059326E-16,0.2));
#179 = DIRECTION('',(0.,0.,1.));
#180 = DIRECTION('',(-1.,1.224646799147E-16,0.));
#181 = ADVANCED_FACE('',(#182),#209,.F.);
#182 = FACE_BOUND('',#183,.F.);
#183 = EDGE_LOOP('',(#184,#192,#193,#194,#202));
#184 = ORIENTED_EDGE('',*,*,#185,.F.);
#185 = EDGE_CURVE('',#139,#186,#188,.T.);
#186 = VERTEX_POINT('',#187);
#187 = CARTESIAN_POINT('',(3.287154369187,-0.843816968365,0.));
#188 = LINE('',#189,#190);
#189 = CARTESIAN_POINT('',(3.287154369187,-0.843816968365,0.3));
#190 = VECTOR('',#191,1.);
#191 = DIRECTION('',(0.,0.,-1.));
#192 = ORIENTED_EDGE('',*,*,#136,.F.);
#193 = ORIENTED_EDGE('',*,*,#156,.F.);
#194 = ORIENTED_EDGE('',*,*,#195,.T.);
#195 = EDGE_CURVE('',#148,#196,#198,.T.);
#196 = VERTEX_POINT('',#197);
#197 = CARTESIAN_POINT('',(3.287154369187,0.843816968365,0.));
#198 = LINE('',#199,#200);
#199 = CARTESIAN_POINT('',(3.287154369187,0.843816968365,0.3));
#200 = VECTOR('',#201,1.);
#201 = DIRECTION('',(0.,0.,-1.));
#202 = ORIENTED_EDGE('',*,*,#203,.F.);
#203 = EDGE_CURVE('',#186,#196,#204,.T.);
#204 = CIRCLE('',#205,2.205);
#205 = AXIS2_PLACEMENT_3D('',#206,#207,#208);
#206 = CARTESIAN_POINT('',(1.25,0.,0.));
#207 = DIRECTION('',(0.,-0.,-1.));
#208 = DIRECTION('',(0.923879532511,-0.382683432365,0.));
#209 = CYLINDRICAL_SURFACE('',#210,2.205);
#210 = AXIS2_PLACEMENT_3D('',#211,#212,#213);
#211 = CARTESIAN_POINT('',(1.25,0.,0.3));
#212 = DIRECTION('',(0.,0.,-1.));
#213 = DIRECTION('',(0.923879532511,-0.382683432365,0.));
#214 = ADVANCED_FACE('',(#215),#227,.F.);
#215 = FACE_BOUND('',#216,.F.);
#216 = EDGE_LOOP('',(#217,#218,#219,#220));
#217 = ORIENTED_EDGE('',*,*,#195,.F.);
#218 = ORIENTED_EDGE('',*,*,#147,.F.);
#219 = ORIENTED_EDGE('',*,*,#185,.T.);
#220 = ORIENTED_EDGE('',*,*,#221,.F.);
#221 = EDGE_CURVE('',#196,#186,#222,.T.);
#222 = CIRCLE('',#223,2.205);
#223 = AXIS2_PLACEMENT_3D('',#224,#225,#226);
#224 = CARTESIAN_POINT('',(1.25,0.,0.));
#225 = DIRECTION('',(0.,0.,-1.));
#226 = DIRECTION('',(0.923879532511,0.382683432365,0.));
#227 = CYLINDRICAL_SURFACE('',#228,2.205);
#228 = AXIS2_PLACEMENT_3D('',#229,#230,#231);
#229 = CARTESIAN_POINT('',(1.25,0.,0.3));
#230 = DIRECTION('',(0.,0.,-1.));
#231 = DIRECTION('',(0.923879532511,0.382683432365,0.));
#232 = ADVANCED_FACE('',(#233),#252,.T.);
#233 = FACE_BOUND('',#234,.T.);
#234 = EDGE_LOOP('',(#235,#236,#244,#251));
#235 = ORIENTED_EDGE('',*,*,#168,.F.);
#236 = ORIENTED_EDGE('',*,*,#237,.T.);
#237 = EDGE_CURVE('',#169,#238,#240,.T.);
#238 = VERTEX_POINT('',#239);
#239 = CARTESIAN_POINT('',(-0.25,1.836970198721E-16,-2.));
#240 = LINE('',#241,#242);
#241 = CARTESIAN_POINT('',(-0.25,1.836970198721E-16,0.3));
#242 = VECTOR('',#243,1.);
#243 = DIRECTION('',(0.,0.,-1.));
#244 = ORIENTED_EDGE('',*,*,#245,.T.);
#245 = EDGE_CURVE('',#238,#238,#246,.T.);
#246 = CIRCLE('',#247,0.25);
#247 = AXIS2_PLACEMENT_3D('',#248,#249,#250);
#248 = CARTESIAN_POINT('',(0.,1.530808498934E-16,-2.));
#249 = DIRECTION('',(0.,0.,1.));
#250 = DIRECTION('',(-1.,1.224646799147E-16,0.));
#251 = ORIENTED_EDGE('',*,*,#237,.F.);
#252 = CYLINDRICAL_SURFACE('',#253,0.25);
#253 = AXIS2_PLACEMENT_3D('',#254,#255,#256);
#254 = CARTESIAN_POINT('',(0.,1.530808498934E-16,0.3));
#255 = DIRECTION('',(0.,0.,1.));
#256 = DIRECTION('',(-1.,1.224646799147E-16,0.));
#257 = ADVANCED_FACE('',(#258),#284,.T.);
#258 = FACE_BOUND('',#259,.F.);
#259 = EDGE_LOOP('',(#260,#261,#269,#278));
#260 = ORIENTED_EDGE('',*,*,#203,.T.);
#261 = ORIENTED_EDGE('',*,*,#262,.T.);
#262 = EDGE_CURVE('',#196,#263,#265,.T.);
#263 = VERTEX_POINT('',#264);
#264 = CARTESIAN_POINT('',(3.975444620908,1.128916125477,
    -5.551115123126E-17));
#265 = LINE('',#266,#267);
#266 = CARTESIAN_POINT('',(3.287154369187,0.843816968365,0.));
#267 = VECTOR('',#268,1.);
#268 = DIRECTION('',(0.923879532511,0.382683432365,0.));
#269 = ORIENTED_EDGE('',*,*,#270,.F.);
#270 = EDGE_CURVE('',#271,#263,#273,.T.);
#271 = VERTEX_POINT('',#272);
#272 = CARTESIAN_POINT('',(3.975444620908,-1.128916125477,
    -5.551115123126E-17));
#273 = CIRCLE('',#274,2.95);
#274 = AXIS2_PLACEMENT_3D('',#275,#276,#277);
#275 = CARTESIAN_POINT('',(1.25,0.,-5.551115123126E-17));
#276 = DIRECTION('',(0.,-0.,-1.));
#277 = DIRECTION('',(0.923879532511,-0.382683432365,0.));
#278 = ORIENTED_EDGE('',*,*,#279,.F.);
#279 = EDGE_CURVE('',#186,#271,#280,.T.);
#280 = LINE('',#281,#282);
#281 = CARTESIAN_POINT('',(3.287154369187,-0.843816968365,0.));
#282 = VECTOR('',#283,1.);
#283 = DIRECTION('',(0.923879532511,-0.382683432365,0.));
#284 = PLANE('',#285);
#285 = AXIS2_PLACEMENT_3D('',#286,#287,#288);
#286 = CARTESIAN_POINT('',(1.25,0.,0.));
#287 = DIRECTION('',(0.,0.,-1.));
#288 = DIRECTION('',(0.923879532511,-0.382683432365,0.));
#289 = ADVANCED_FACE('',(#290),#302,.T.);
#290 = FACE_BOUND('',#291,.F.);
#291 = EDGE_LOOP('',(#292,#293,#294,#301));
#292 = ORIENTED_EDGE('',*,*,#221,.T.);
#293 = ORIENTED_EDGE('',*,*,#279,.T.);
#294 = ORIENTED_EDGE('',*,*,#295,.F.);
#295 = EDGE_CURVE('',#263,#271,#296,.T.);
#296 = CIRCLE('',#297,2.95);
#297 = AXIS2_PLACEMENT_3D('',#298,#299,#300);
#298 = CARTESIAN_POINT('',(1.25,0.,-5.551115123126E-17));
#299 = DIRECTION('',(0.,0.,-1.));
#300 = DIRECTION('',(0.923879532511,0.382683432365,0.));
#301 = ORIENTED_EDGE('',*,*,#262,.F.);
#302 = PLANE('',#303);
#303 = AXIS2_PLACEMENT_3D('',#304,#305,#306);
#304 = CARTESIAN_POINT('',(1.25,0.,0.));
#305 = DIRECTION('',(0.,0.,-1.));
#306 = DIRECTION('',(0.923879532511,0.382683432365,0.));
#307 = ADVANCED_FACE('',(#308),#311,.F.);
#308 = FACE_BOUND('',#309,.F.);
#309 = EDGE_LOOP('',(#310));
#310 = ORIENTED_EDGE('',*,*,#245,.T.);
#311 = PLANE('',#312);
#312 = AXIS2_PLACEMENT_3D('',#313,#314,#315);
#313 = CARTESIAN_POINT('',(-2.22044604925E-16,1.312368617799E-16,-2.));
#314 = DIRECTION('',(2.013238768533E-31,4.08046586736E-33,1.));
#315 = DIRECTION('',(-1.,1.224646799147E-16,2.013238768533E-31));
#316 = ADVANCED_FACE('',(#317),#345,.F.);
#317 = FACE_BOUND('',#318,.F.);
#318 = EDGE_LOOP('',(#319,#320,#329,#338));
#319 = ORIENTED_EDGE('',*,*,#270,.T.);
#320 = ORIENTED_EDGE('',*,*,#321,.T.);
#321 = EDGE_CURVE('',#263,#322,#324,.T.);
#322 = VERTEX_POINT('',#323);
#323 = CARTESIAN_POINT('',(4.160220527411,1.20545281195,0.2));
#324 = CIRCLE('',#325,0.2);
#325 = AXIS2_PLACEMENT_3D('',#326,#327,#328);
#326 = CARTESIAN_POINT('',(3.975444620908,1.128916125477,0.2));
#327 = DIRECTION('',(0.382683432365,-0.923879532511,0.));
#328 = DIRECTION('',(2.051424657948E-15,8.497279155087E-16,-1.));
#329 = ORIENTED_EDGE('',*,*,#330,.F.);
#330 = EDGE_CURVE('',#331,#322,#333,.T.);
#331 = VERTEX_POINT('',#332);
#332 = CARTESIAN_POINT('',(4.160220527411,-1.20545281195,0.2));
#333 = CIRCLE('',#334,3.15);
#334 = AXIS2_PLACEMENT_3D('',#335,#336,#337);
#335 = CARTESIAN_POINT('',(1.25,0.,0.2));
#336 = DIRECTION('',(0.,-0.,-1.));
#337 = DIRECTION('',(0.923879532511,-0.382683432365,0.));
#338 = ORIENTED_EDGE('',*,*,#339,.F.);
#339 = EDGE_CURVE('',#271,#331,#340,.T.);
#340 = CIRCLE('',#341,0.2);
#341 = AXIS2_PLACEMENT_3D('',#342,#343,#344);
#342 = CARTESIAN_POINT('',(3.975444620908,-1.128916125477,0.2));
#343 = DIRECTION('',(-0.382683432365,-0.923879532511,0.));
#344 = DIRECTION('',(2.051424657948E-15,-8.497279155087E-16,-1.));
#345 = SURFACE_OF_REVOLUTION('',#346,#351);
#346 = CIRCLE('',#347,0.2);
#347 = AXIS2_PLACEMENT_3D('',#348,#349,#350);
#348 = CARTESIAN_POINT('',(3.975444620908,-1.128916125477,0.2));
#349 = DIRECTION('',(-0.382683432365,-0.923879532511,0.));
#350 = DIRECTION('',(2.051424657948E-15,-8.497279155087E-16,-1.));
#351 = AXIS1_PLACEMENT('',#352,#353);
#352 = CARTESIAN_POINT('',(1.25,0.,0.));
#353 = DIRECTION('',(0.,0.,-1.));
#354 = ADVANCED_FACE('',(#355),#367,.F.);
#355 = FACE_BOUND('',#356,.F.);
#356 = EDGE_LOOP('',(#357,#358,#359,#366));
#357 = ORIENTED_EDGE('',*,*,#295,.T.);
#358 = ORIENTED_EDGE('',*,*,#339,.T.);
#359 = ORIENTED_EDGE('',*,*,#360,.F.);
#360 = EDGE_CURVE('',#322,#331,#361,.T.);
#361 = CIRCLE('',#362,3.15);
#362 = AXIS2_PLACEMENT_3D('',#363,#364,#365);
#363 = CARTESIAN_POINT('',(1.25,0.,0.2));
#364 = DIRECTION('',(0.,0.,-1.));
#365 = DIRECTION('',(0.923879532511,0.382683432365,0.));
#366 = ORIENTED_EDGE('',*,*,#321,.F.);
#367 = SURFACE_OF_REVOLUTION('',#368,#373);
#368 = CIRCLE('',#369,0.2);
#369 = AXIS2_PLACEMENT_3D('',#370,#371,#372);
#370 = CARTESIAN_POINT('',(3.975444620908,1.128916125477,0.2));
#371 = DIRECTION('',(0.382683432365,-0.923879532511,0.));
#372 = DIRECTION('',(2.051424657948E-15,8.497279155087E-16,-1.));
#373 = AXIS1_PLACEMENT('',#374,#375);
#374 = CARTESIAN_POINT('',(1.25,0.,0.));
#375 = DIRECTION('',(0.,0.,-1.));
#376 = ADVANCED_FACE('',(#377),#434,.T.);
#377 = FACE_BOUND('',#378,.T.);
#378 = EDGE_LOOP('',(#379,#421,#427,#428));
#379 = ORIENTED_EDGE('',*,*,#380,.T.);
#380 = EDGE_CURVE('',#381,#383,#385,.T.);
#381 = VERTEX_POINT('',#382);
#382 = CARTESIAN_POINT('',(4.160220527411,-1.20545281195,1.064979142851)
  );
#383 = VERTEX_POINT('',#384);
#384 = CARTESIAN_POINT('',(4.160220527411,1.20545281195,1.064979142851)
  );
#385 = B_SPLINE_CURVE_WITH_KNOTS('',12,(#386,#387,#388,#389,#390,#391,
    #392,#393,#394,#395,#396,#397,#398,#399,#400,#401,#402,#403,#404,
    #405,#406,#407,#408,#409,#410,#411,#412,#413,#414,#415,#416,#417,
    #418,#419,#420),.UNSPECIFIED.,.F.,.F.,(13,11,11,13),(-0.737875708395
    ,-5.005450452798E-16,17.318029502913,18.055905211308),
  .UNSPECIFIED.);
#386 = CARTESIAN_POINT('',(4.442593336158,-0.523744547427,1.064979142851
    ));
#387 = CARTESIAN_POINT('',(4.418899197873,-0.580947257422,1.064979142851
    ));
#388 = CARTESIAN_POINT('',(4.395234708841,-0.63807838779,1.064979142851)
  );
#389 = CARTESIAN_POINT('',(4.371599869062,-0.695137938531,1.064979142851
    ));
#390 = CARTESIAN_POINT('',(4.347994678535,-0.752125909643,1.064979142851
    ));
#391 = CARTESIAN_POINT('',(4.32441913726,-0.809042301129,1.064979142851)
  );
#392 = CARTESIAN_POINT('',(4.300873245238,-0.865887112986,1.064979142851
    ));
#393 = CARTESIAN_POINT('',(4.277357002469,-0.922660345216,1.064979142851
    ));
#394 = CARTESIAN_POINT('',(4.253870408952,-0.979361997818,1.064979142851
    ));
#395 = CARTESIAN_POINT('',(4.230413464688,-1.035992070792,1.064979142851
    ));
#396 = CARTESIAN_POINT('',(4.206986169676,-1.092550564139,1.064979142851
    ));
#397 = CARTESIAN_POINT('',(4.183588523917,-1.149037477858,1.064979142851
    ));
#398 = CARTESIAN_POINT('',(3.611770905991,-2.52952732626,1.064979142851)
  );
#399 = CARTESIAN_POINT('',(2.397473580719,-3.601570783487,1.064979180278
    ));
#400 = CARTESIAN_POINT('',(0.644651861499,-4.026279926308,1.064978648913
    ));
#401 = CARTESIAN_POINT('',(-1.234906135463,-3.473813323938,
    1.064980780301));
#402 = CARTESIAN_POINT('',(-2.634312668055,-2.095046805731,
    1.064976073802));
#403 = CARTESIAN_POINT('',(-3.335721730314,-5.195843755246E-12,
    1.064982880597));
#404 = CARTESIAN_POINT('',(-2.634312668056,2.095046805741,1.064976073802
    ));
#405 = CARTESIAN_POINT('',(-1.234906135463,3.473813323931,1.064980780301
    ));
#406 = CARTESIAN_POINT('',(0.644651861498,4.026279926312,1.064978648913)
  );
#407 = CARTESIAN_POINT('',(2.397473580719,3.601570783485,1.064979180278)
  );
#408 = CARTESIAN_POINT('',(3.611770905991,2.529527326261,1.064979142851)
  );
#409 = CARTESIAN_POINT('',(4.183588523917,1.149037477858,1.064979142851)
  );
#410 = CARTESIAN_POINT('',(4.206986169676,1.092550564139,1.064979142851)
  );
#411 = CARTESIAN_POINT('',(4.230413464688,1.035992070792,1.064979142851)
  );
#412 = CARTESIAN_POINT('',(4.253870408952,0.979361997818,1.064979142851)
  );
#413 = CARTESIAN_POINT('',(4.277357002469,0.922660345216,1.064979142851)
  );
#414 = CARTESIAN_POINT('',(4.300873245238,0.865887112986,1.064979142851)
  );
#415 = CARTESIAN_POINT('',(4.32441913726,0.809042301128,1.064979142851)
  );
#416 = CARTESIAN_POINT('',(4.347994678535,0.752125909643,1.064979142851)
  );
#417 = CARTESIAN_POINT('',(4.371599869062,0.695137938531,1.064979142851)
  );
#418 = CARTESIAN_POINT('',(4.395234708841,0.63807838779,1.064979142851)
  );
#419 = CARTESIAN_POINT('',(4.418899197873,0.580947257422,1.064979142851)
  );
#420 = CARTESIAN_POINT('',(4.442593336158,0.523744547427,1.064979142851)
  );
#421 = ORIENTED_EDGE('',*,*,#422,.F.);
#422 = EDGE_CURVE('',#322,#383,#423,.T.);
#423 = LINE('',#424,#425);
#424 = CARTESIAN_POINT('',(4.160220527411,1.20545281195,0.2));
#425 = VECTOR('',#426,1.);
#426 = DIRECTION('',(0.,0.,1.));
#427 = ORIENTED_EDGE('',*,*,#330,.F.);
#428 = ORIENTED_EDGE('',*,*,#429,.T.);
#429 = EDGE_CURVE('',#331,#381,#430,.T.);
#430 = LINE('',#431,#432);
#431 = CARTESIAN_POINT('',(4.160220527411,-1.20545281195,0.2));
#432 = VECTOR('',#433,1.);
#433 = DIRECTION('',(0.,0.,1.));
#434 = CYLINDRICAL_SURFACE('',#435,3.15);
#435 = AXIS2_PLACEMENT_3D('',#436,#437,#438);
#436 = CARTESIAN_POINT('',(1.25,0.,0.2));
#437 = DIRECTION('',(0.,0.,1.));
#438 = DIRECTION('',(0.923879532511,-0.382683432365,0.));
#439 = ADVANCED_FACE('',(#440),#462,.T.);
#440 = FACE_BOUND('',#441,.T.);
#441 = EDGE_LOOP('',(#442,#459,#460,#461));
#442 = ORIENTED_EDGE('',*,*,#443,.T.);
#443 = EDGE_CURVE('',#383,#381,#444,.T.);
#444 = B_SPLINE_CURVE_WITH_KNOTS('',5,(#445,#446,#447,#448,#449,#450,
    #451,#452,#453,#454,#455,#456,#457,#458),.UNSPECIFIED.,.F.,.F.,(6,4,
    4,6),(-0.150460971643,-1.699349482237E-07,2.474004384637,
    2.624464954166),.UNSPECIFIED.);
#445 = CARTESIAN_POINT('',(4.102641670439,1.344460469082,1.064979142851)
  );
#446 = CARTESIAN_POINT('',(4.114157445154,1.316658929638,1.064979142851)
  );
#447 = CARTESIAN_POINT('',(4.125673218125,1.288857394406,1.064979142851)
  );
#448 = CARTESIAN_POINT('',(4.137188989351,1.261055863385,1.064979142851)
  );
#449 = CARTESIAN_POINT('',(4.148704758833,1.233254336576,1.064979142851)
  );
#450 = CARTESIAN_POINT('',(4.349572580446,0.748316518349,1.064979142851)
  );
#451 = CARTESIAN_POINT('',(4.44918882011,0.254004984338,1.064979142851)
  );
#452 = CARTESIAN_POINT('',(4.449189507099,-0.254003344051,1.064979142851
    ));
#453 = CARTESIAN_POINT('',(4.349572930008,-0.748315674432,1.064979142851
    ));
#454 = CARTESIAN_POINT('',(4.148704755344,-1.233254344999,1.064979142851
    ));
#455 = CARTESIAN_POINT('',(4.137188984118,-1.26105587602,1.064979142851)
  );
#456 = CARTESIAN_POINT('',(4.125673212892,-1.288857407041,1.064979142851
    ));
#457 = CARTESIAN_POINT('',(4.114157441665,-1.316658938061,1.064979142851
    ));
#458 = CARTESIAN_POINT('',(4.102641670439,-1.344460469082,1.064979142851
    ));
#459 = ORIENTED_EDGE('',*,*,#429,.F.);
#460 = ORIENTED_EDGE('',*,*,#360,.F.);
#461 = ORIENTED_EDGE('',*,*,#422,.T.);
#462 = CYLINDRICAL_SURFACE('',#463,3.15);
#463 = AXIS2_PLACEMENT_3D('',#464,#465,#466);
#464 = CARTESIAN_POINT('',(1.25,0.,0.2));
#465 = DIRECTION('',(0.,0.,1.));
#466 = DIRECTION('',(0.923879532511,0.382683432365,-0.));
#467 = ADVANCED_FACE('',(#468),#539,.T.);
#468 = FACE_BOUND('',#469,.T.);
#469 = EDGE_LOOP('',(#470,#485,#525,#538));
#470 = ORIENTED_EDGE('',*,*,#471,.T.);
#471 = EDGE_CURVE('',#381,#472,#474,.T.);
#472 = VERTEX_POINT('',#473);
#473 = CARTESIAN_POINT('',(4.085968234571,-1.174696505219,1.269338405373
    ));
#474 = B_SPLINE_CURVE_WITH_KNOTS('',5,(#475,#476,#477,#478,#479,#480,
    #481,#482,#483,#484),.UNSPECIFIED.,.F.,.F.,(6,4,6),(0.,0.5,1.),
  .UNSPECIFIED.);
#475 = CARTESIAN_POINT('',(4.160220527411,-1.20545281195,1.064979142851)
  );
#476 = CARTESIAN_POINT('',(4.160220527325,-1.205452811915,1.086945211059
    ));
#477 = CARTESIAN_POINT('',(4.158363641376,-1.204683664571,1.109287401744
    ));
#478 = CARTESIAN_POINT('',(4.154519320142,-1.203091294577,1.131653463673
    ));
#479 = CARTESIAN_POINT('',(4.148681246824,-1.200673085431,1.153609621265
    ));
#480 = CARTESIAN_POINT('',(4.133299432345,-1.19430172926,1.195943886549)
  );
#481 = CARTESIAN_POINT('',(4.123755497541,-1.190348502026,1.216322527195
    ));
#482 = CARTESIAN_POINT('',(4.112493966491,-1.185683823132,1.235531219587
    ));
#483 = CARTESIAN_POINT('',(4.099792457984,-1.180422686045,1.253257054289
    ));
#484 = CARTESIAN_POINT('',(4.085968234571,-1.174696505219,1.269338405373
    ));
#485 = ORIENTED_EDGE('',*,*,#486,.T.);
#486 = EDGE_CURVE('',#472,#487,#489,.T.);
#487 = VERTEX_POINT('',#488);
#488 = CARTESIAN_POINT('',(4.085968234571,1.174696505219,1.269338405373)
  );
#489 = B_SPLINE_CURVE_WITH_KNOTS('',12,(#490,#491,#492,#493,#494,#495,
    #496,#497,#498,#499,#500,#501,#502,#503,#504,#505,#506,#507,#508,
    #509,#510,#511,#512,#513,#514,#515,#516,#517,#518,#519,#520,#521,
    #522,#523,#524),.UNSPECIFIED.,.F.,.F.,(13,11,11,13),(-0.737875708395
    ,-5.005450452798E-16,17.318029502913,18.055905211308),
  .UNSPECIFIED.);
#490 = CARTESIAN_POINT('',(4.368341043318,-0.492988240695,1.269338405373
    ));
#491 = CARTESIAN_POINT('',(4.344050686533,-0.551630349481,1.269338405373
    ));
#492 = CARTESIAN_POINT('',(4.319898382364,-0.609939169769,1.269338405373
    ));
#493 = CARTESIAN_POINT('',(4.295884130811,-0.667914701558,1.269338405373
    ));
#494 = CARTESIAN_POINT('',(4.272007931874,-0.725556944848,1.269338405373
    ));
#495 = CARTESIAN_POINT('',(4.248269785554,-0.78286589964,1.269338405373)
  );
#496 = CARTESIAN_POINT('',(4.224669691851,-0.839841565933,1.269338405373
    ));
#497 = CARTESIAN_POINT('',(4.201207650763,-0.896483943727,1.269338405373
    ));
#498 = CARTESIAN_POINT('',(4.177883662292,-0.952793033023,1.269338405373
    ));
#499 = CARTESIAN_POINT('',(4.154697726437,-1.00876883382,1.269338405373)
  );
#500 = CARTESIAN_POINT('',(4.131649843199,-1.064411346118,1.269338405373
    ));
#501 = CARTESIAN_POINT('',(4.108740012577,-1.119720569918,1.269338405373
    ));
#502 = CARTESIAN_POINT('',(3.55151193136,-2.464988160927,1.269338405373)
  );
#503 = CARTESIAN_POINT('',(2.368142926712,-3.509870065854,1.269338398404
    ));
#504 = CARTESIAN_POINT('',(0.659702150751,-3.923262885354,1.269338497341
    ));
#505 = CARTESIAN_POINT('',(-1.17054232476,-3.385171524248,1.269338100488
    ));
#506 = CARTESIAN_POINT('',(-2.536114514568,-2.041943209283,
    1.269338976815));
#507 = CARTESIAN_POINT('',(-3.218001563387,1.211253319866E-12,
    1.269337709422));
#508 = CARTESIAN_POINT('',(-2.536114514568,2.041943209281,1.269338976816
    ));
#509 = CARTESIAN_POINT('',(-1.170542324761,3.385171524249,1.269338100487
    ));
#510 = CARTESIAN_POINT('',(0.659702150752,3.923262885354,1.269338497342)
  );
#511 = CARTESIAN_POINT('',(2.368142926712,3.509870065854,1.269338398404)
  );
#512 = CARTESIAN_POINT('',(3.55151193136,2.464988160927,1.269338405373)
  );
#513 = CARTESIAN_POINT('',(4.108740012577,1.119720569918,1.269338405373)
  );
#514 = CARTESIAN_POINT('',(4.131649843199,1.064411346118,1.269338405373)
  );
#515 = CARTESIAN_POINT('',(4.154697726437,1.00876883382,1.269338405373)
  );
#516 = CARTESIAN_POINT('',(4.177883662292,0.952793033023,1.269338405373)
  );
#517 = CARTESIAN_POINT('',(4.201207650763,0.896483943727,1.269338405373)
  );
#518 = CARTESIAN_POINT('',(4.224669691851,0.839841565933,1.269338405373)
  );
#519 = CARTESIAN_POINT('',(4.248269785554,0.78286589964,1.269338405373)
  );
#520 = CARTESIAN_POINT('',(4.272007931874,0.725556944848,1.269338405373)
  );
#521 = CARTESIAN_POINT('',(4.295884130811,0.667914701558,1.269338405373)
  );
#522 = CARTESIAN_POINT('',(4.319898382364,0.609939169769,1.269338405373)
  );
#523 = CARTESIAN_POINT('',(4.344050686533,0.551630349481,1.269338405373)
  );
#524 = CARTESIAN_POINT('',(4.368341043318,0.492988240695,1.269338405373)
  );
#525 = ORIENTED_EDGE('',*,*,#526,.F.);
#526 = EDGE_CURVE('',#383,#487,#527,.T.);
#527 = B_SPLINE_CURVE_WITH_KNOTS('',5,(#528,#529,#530,#531,#532,#533,
    #534,#535,#536,#537),.UNSPECIFIED.,.F.,.F.,(6,4,6),(0.,0.5,1.),
  .UNSPECIFIED.);
#528 = CARTESIAN_POINT('',(4.160220527411,1.20545281195,1.064979142851)
  );
#529 = CARTESIAN_POINT('',(4.160220527325,1.205452811915,1.086945211059)
  );
#530 = CARTESIAN_POINT('',(4.158363641376,1.204683664571,1.109287401744)
  );
#531 = CARTESIAN_POINT('',(4.154519320142,1.203091294577,1.131653463673)
  );
#532 = CARTESIAN_POINT('',(4.148681246824,1.200673085431,1.153609621265)
  );
#533 = CARTESIAN_POINT('',(4.133299432345,1.19430172926,1.195943886549)
  );
#534 = CARTESIAN_POINT('',(4.123755497541,1.190348502026,1.216322527195)
  );
#535 = CARTESIAN_POINT('',(4.112493966491,1.185683823132,1.235531219587)
  );
#536 = CARTESIAN_POINT('',(4.099792457984,1.180422686045,1.253257054289)
  );
#537 = CARTESIAN_POINT('',(4.085968234571,1.174696505219,1.269338405373)
  );
#538 = ORIENTED_EDGE('',*,*,#380,.F.);
#539 = ( BOUNDED_SURFACE() B_SPLINE_SURFACE(2,12,(
    (#540,#541,#542,#543,#544,#545,#546,#547,#548,#549,#550,#551,#552
      ,#553,#554,#555,#556,#557,#558,#559,#560,#561,#562,#563,#564,#565
      ,#566,#567,#568,#569,#570,#571,#572,#573,#574)
    ,(#575,#576,#577,#578,#579,#580,#581,#582,#583,#584,#585,#586,#587
      ,#588,#589,#590,#591,#592,#593,#594,#595,#596,#597,#598,#599,#600
      ,#601,#602,#603,#604,#605,#606,#607,#608,#609)
    ,(#610,#611,#612,#613,#614,#615,#616,#617,#618,#619,#620,#621,#622
      ,#623,#624,#625,#626,#627,#628,#629,#630,#631,#632,#633,#634,#635
      ,#636,#637,#638,#639,#640,#641,#642,#643,#644
)),.UNSPECIFIED.,.F.,.F.,.F.) B_SPLINE_SURFACE_WITH_KNOTS((3,3),(13,11,
    11,13),(0.,17.318029502913),(-0.737875708395,-5.005450452798E-16,
    17.318029502913,18.055905211308),.UNSPECIFIED.) 
GEOMETRIC_REPRESENTATION_ITEM() RATIONAL_B_SPLINE_SURFACE((
    (1.,1.,1.,1.,1.,1.,1.,1.,1.,1.,1.,1.,1.,1.,1.,1.,1.,1.,1.,1.,1.,1.
      ,1.,1.,1.,1.,1.,1.,1.,1.,1.,1.,1.,1.,1.)
    ,(0.93061798229,0.93061798229,0.93061798229,0.93061798229
      ,0.93061798229,0.93061798229,0.93061798229,0.93061798229
      ,0.93061798229,0.93061798229,0.93061798229,0.93061798229
      ,0.93061798229,0.93061801928,0.930617494111,0.930619600648
      ,0.930614949024,0.930621676455,0.930614949024,0.930619600647
      ,0.930617494111,0.93061801928,0.93061798229,0.93061798229
      ,0.93061798229,0.93061798229,0.93061798229,0.93061798229
      ,0.93061798229,0.93061798229,0.93061798229,0.93061798229
      ,0.93061798229,0.93061798229,0.93061798229)
    ,(1.,1.,1.,1.,1.,1.,1.,1.,1.,1.,1.,1.,1.,1.,1.,1.,1.,1.,1.,1.,1.,1.
,1.,1.,1.,1.,1.,1.,1.,1.,1.,1.,1.,1.,1.
))) REPRESENTATION_ITEM('') SURFACE() );
#540 = CARTESIAN_POINT('',(4.442593336158,-0.523744547427,1.064979142851
    ));
#541 = CARTESIAN_POINT('',(4.418899197873,-0.580947257422,1.064979142851
    ));
#542 = CARTESIAN_POINT('',(4.395234708841,-0.63807838779,1.064979142851)
  );
#543 = CARTESIAN_POINT('',(4.371599869062,-0.695137938531,1.064979142851
    ));
#544 = CARTESIAN_POINT('',(4.347994678535,-0.752125909643,1.064979142851
    ));
#545 = CARTESIAN_POINT('',(4.32441913726,-0.809042301129,1.064979142851)
  );
#546 = CARTESIAN_POINT('',(4.300873245238,-0.865887112986,1.064979142851
    ));
#547 = CARTESIAN_POINT('',(4.277357002469,-0.922660345216,1.064979142851
    ));
#548 = CARTESIAN_POINT('',(4.253870408952,-0.979361997818,1.064979142851
    ));
#549 = CARTESIAN_POINT('',(4.230413464688,-1.035992070792,1.064979142851
    ));
#550 = CARTESIAN_POINT('',(4.206986169676,-1.092550564139,1.064979142851
    ));
#551 = CARTESIAN_POINT('',(4.183588523917,-1.149037477858,1.064979142851
    ));
#552 = CARTESIAN_POINT('',(3.611770905991,-2.52952732626,1.064979142851)
  );
#553 = CARTESIAN_POINT('',(2.397473580719,-3.601570783487,1.064979180278
    ));
#554 = CARTESIAN_POINT('',(0.644651861499,-4.026279926308,1.064978648913
    ));
#555 = CARTESIAN_POINT('',(-1.234906135463,-3.473813323938,
    1.064980780301));
#556 = CARTESIAN_POINT('',(-2.634312668055,-2.095046805731,
    1.064976073802));
#557 = CARTESIAN_POINT('',(-3.335721730314,-5.195843755246E-12,
    1.064982880597));
#558 = CARTESIAN_POINT('',(-2.634312668056,2.095046805741,1.064976073802
    ));
#559 = CARTESIAN_POINT('',(-1.234906135463,3.473813323931,1.064980780301
    ));
#560 = CARTESIAN_POINT('',(0.644651861498,4.026279926312,1.064978648913)
  );
#561 = CARTESIAN_POINT('',(2.397473580719,3.601570783485,1.064979180278)
  );
#562 = CARTESIAN_POINT('',(3.611770905991,2.529527326261,1.064979142851)
  );
#563 = CARTESIAN_POINT('',(4.183588523917,1.149037477858,1.064979142851)
  );
#564 = CARTESIAN_POINT('',(4.206986169676,1.092550564139,1.064979142851)
  );
#565 = CARTESIAN_POINT('',(4.230413464688,1.035992070792,1.064979142851)
  );
#566 = CARTESIAN_POINT('',(4.253870408952,0.979361997818,1.064979142851)
  );
#567 = CARTESIAN_POINT('',(4.277357002469,0.922660345216,1.064979142851)
  );
#568 = CARTESIAN_POINT('',(4.300873245238,0.865887112986,1.064979142851)
  );
#569 = CARTESIAN_POINT('',(4.32441913726,0.809042301128,1.064979142851)
  );
#570 = CARTESIAN_POINT('',(4.347994678535,0.752125909643,1.064979142851)
  );
#571 = CARTESIAN_POINT('',(4.371599869062,0.695137938531,1.064979142851)
  );
#572 = CARTESIAN_POINT('',(4.395234708841,0.63807838779,1.064979142851)
  );
#573 = CARTESIAN_POINT('',(4.418899197873,0.580947257422,1.064979142851)
  );
#574 = CARTESIAN_POINT('',(4.442593336158,0.523744547427,1.064979142851)
  );
#575 = CARTESIAN_POINT('',(4.442593336158,-0.523744547427,1.182962690499
    ));
#576 = CARTESIAN_POINT('',(4.418899197873,-0.580947257422,1.182962690499
    ));
#577 = CARTESIAN_POINT('',(4.395234708841,-0.63807838779,1.182962690499)
  );
#578 = CARTESIAN_POINT('',(4.371599869061,-0.695137938531,1.182962690499
    ));
#579 = CARTESIAN_POINT('',(4.347994678534,-0.752125909643,1.182962690499
    ));
#580 = CARTESIAN_POINT('',(4.32441913726,-0.809042301129,1.182962690499)
  );
#581 = CARTESIAN_POINT('',(4.300873245238,-0.865887112986,1.182962690499
    ));
#582 = CARTESIAN_POINT('',(4.277357002469,-0.922660345216,1.182962690499
    ));
#583 = CARTESIAN_POINT('',(4.253870408952,-0.979361997818,1.182962690499
    ));
#584 = CARTESIAN_POINT('',(4.230413464688,-1.035992070792,1.182962690499
    ));
#585 = CARTESIAN_POINT('',(4.206986169676,-1.092550564139,1.182962690499
    ));
#586 = CARTESIAN_POINT('',(4.183588523917,-1.149037477858,1.182962690499
    ));
#587 = CARTESIAN_POINT('',(3.611770905991,-2.529527326261,1.182962690499
    ));
#588 = CARTESIAN_POINT('',(2.397473409613,-3.601570594418,1.182962692916
    ));
#589 = CARTESIAN_POINT('',(0.644651798713,-4.026281720893,1.182962658608
    ));
#590 = CARTESIAN_POINT('',(-1.23490220089,-3.473808210321,1.182962796222
    ));
#591 = CARTESIAN_POINT('',(-2.634324724748,-2.095052673194,
    1.182962492343));
#592 = CARTESIAN_POINT('',(-3.335704239193,3.357980560281E-12,
    1.182962931828));
#593 = CARTESIAN_POINT('',(-2.634324724748,2.095052673188,1.182962492343
    ));
#594 = CARTESIAN_POINT('',(-1.23490220089,3.473808210325,1.182962796222)
  );
#595 = CARTESIAN_POINT('',(0.644651798713,4.026281720891,1.182962658608)
  );
#596 = CARTESIAN_POINT('',(2.397473409613,3.601570594419,1.182962692916)
  );
#597 = CARTESIAN_POINT('',(3.611770905991,2.529527326261,1.182962690499)
  );
#598 = CARTESIAN_POINT('',(4.183588523917,1.149037477858,1.182962690499)
  );
#599 = CARTESIAN_POINT('',(4.206986169676,1.092550564139,1.182962690499)
  );
#600 = CARTESIAN_POINT('',(4.230413464688,1.035992070792,1.182962690499)
  );
#601 = CARTESIAN_POINT('',(4.253870408952,0.979361997818,1.182962690499)
  );
#602 = CARTESIAN_POINT('',(4.277357002469,0.922660345216,1.182962690499)
  );
#603 = CARTESIAN_POINT('',(4.300873245238,0.865887112986,1.182962690499)
  );
#604 = CARTESIAN_POINT('',(4.32441913726,0.809042301129,1.182962690499)
  );
#605 = CARTESIAN_POINT('',(4.347994678534,0.752125909643,1.182962690499)
  );
#606 = CARTESIAN_POINT('',(4.371599869061,0.695137938531,1.182962690499)
  );
#607 = CARTESIAN_POINT('',(4.395234708841,0.63807838779,1.182962690499)
  );
#608 = CARTESIAN_POINT('',(4.418899197873,0.580947257422,1.182962690499)
  );
#609 = CARTESIAN_POINT('',(4.442593336158,0.523744547427,1.182962690499)
  );
#610 = CARTESIAN_POINT('',(4.368341043318,-0.492988240695,1.269338405373
    ));
#611 = CARTESIAN_POINT('',(4.344050686533,-0.551630349481,1.269338405373
    ));
#612 = CARTESIAN_POINT('',(4.319898382364,-0.609939169769,1.269338405373
    ));
#613 = CARTESIAN_POINT('',(4.295884130811,-0.667914701558,1.269338405373
    ));
#614 = CARTESIAN_POINT('',(4.272007931874,-0.725556944848,1.269338405373
    ));
#615 = CARTESIAN_POINT('',(4.248269785554,-0.78286589964,1.269338405373)
  );
#616 = CARTESIAN_POINT('',(4.224669691851,-0.839841565933,1.269338405373
    ));
#617 = CARTESIAN_POINT('',(4.201207650763,-0.896483943727,1.269338405373
    ));
#618 = CARTESIAN_POINT('',(4.177883662292,-0.952793033023,1.269338405373
    ));
#619 = CARTESIAN_POINT('',(4.154697726437,-1.00876883382,1.269338405373)
  );
#620 = CARTESIAN_POINT('',(4.131649843199,-1.064411346118,1.269338405373
    ));
#621 = CARTESIAN_POINT('',(4.108740012577,-1.119720569918,1.269338405373
    ));
#622 = CARTESIAN_POINT('',(3.55151193136,-2.464988160927,1.269338405373)
  );
#623 = CARTESIAN_POINT('',(2.368142926712,-3.509870065854,1.269338398404
    ));
#624 = CARTESIAN_POINT('',(0.659702150751,-3.923262885354,1.269338497341
    ));
#625 = CARTESIAN_POINT('',(-1.17054232476,-3.385171524248,1.269338100488
    ));
#626 = CARTESIAN_POINT('',(-2.536114514568,-2.041943209283,
    1.269338976815));
#627 = CARTESIAN_POINT('',(-3.218001563387,1.211253319866E-12,
    1.269337709422));
#628 = CARTESIAN_POINT('',(-2.536114514568,2.041943209281,1.269338976816
    ));
#629 = CARTESIAN_POINT('',(-1.170542324761,3.385171524249,1.269338100487
    ));
#630 = CARTESIAN_POINT('',(0.659702150752,3.923262885354,1.269338497342)
  );
#631 = CARTESIAN_POINT('',(2.368142926712,3.509870065854,1.269338398404)
  );
#632 = CARTESIAN_POINT('',(3.55151193136,2.464988160927,1.269338405373)
  );
#633 = CARTESIAN_POINT('',(4.108740012577,1.119720569918,1.269338405373)
  );
#634 = CARTESIAN_POINT('',(4.131649843199,1.064411346118,1.269338405373)
  );
#635 = CARTESIAN_POINT('',(4.154697726437,1.00876883382,1.269338405373)
  );
#636 = CARTESIAN_POINT('',(4.177883662292,0.952793033023,1.269338405373)
  );
#637 = CARTESIAN_POINT('',(4.201207650763,0.896483943727,1.269338405373)
  );
#638 = CARTESIAN_POINT('',(4.224669691851,0.839841565933,1.269338405373)
  );
#639 = CARTESIAN_POINT('',(4.248269785554,0.78286589964,1.269338405373)
  );
#640 = CARTESIAN_POINT('',(4.272007931874,0.725556944848,1.269338405373)
  );
#641 = CARTESIAN_POINT('',(4.295884130811,0.667914701558,1.269338405373)
  );
#642 = CARTESIAN_POINT('',(4.319898382364,0.609939169769,1.269338405373)
  );
#643 = CARTESIAN_POINT('',(4.344050686533,0.551630349481,1.269338405373)
  );
#644 = CARTESIAN_POINT('',(4.368341043318,0.492988240695,1.269338405373)
  );
#645 = ADVANCED_FACE('',(#646),#668,.T.);
#646 = FACE_BOUND('',#647,.T.);
#647 = EDGE_LOOP('',(#648,#649,#666,#667));
#648 = ORIENTED_EDGE('',*,*,#526,.T.);
#649 = ORIENTED_EDGE('',*,*,#650,.T.);
#650 = EDGE_CURVE('',#487,#472,#651,.T.);
#651 = B_SPLINE_CURVE_WITH_KNOTS('',5,(#652,#653,#654,#655,#656,#657,
    #658,#659,#660,#661,#662,#663,#664,#665),.UNSPECIFIED.,.F.,.F.,(6,4,
    4,6),(-0.150460971643,-1.699349482237E-07,2.474004384637,
    2.624464954166),.UNSPECIFIED.);
#652 = CARTESIAN_POINT('',(4.028389379453,1.313704158425,1.269338405373)
  );
#653 = CARTESIAN_POINT('',(4.040198971339,1.285193281472,1.269338405373)
  );
#654 = CARTESIAN_POINT('',(4.051861652875,1.257037077477,1.269338405373)
  );
#655 = CARTESIAN_POINT('',(4.063377424063,1.22923554644,1.269338405373)
  );
#656 = CARTESIAN_POINT('',(4.074746284901,1.201788688362,1.269338405373)
  );
#657 = CARTESIAN_POINT('',(4.270489096011,0.72922373811,1.269338405373)
  );
#658 = CARTESIAN_POINT('',(4.367563702078,0.247524287167,1.269338405373)
  );
#659 = CARTESIAN_POINT('',(4.36756434983,-0.247522755157,1.269338405373)
  );
#660 = CARTESIAN_POINT('',(4.270489454492,-0.729222872661,1.269338405373
    ));
#661 = CARTESIAN_POINT('',(4.074746280416,-1.201788699189,1.269338405373
    ));
#662 = CARTESIAN_POINT('',(4.063377417335,-1.229235562681,1.269338405373
    ));
#663 = CARTESIAN_POINT('',(4.051861646148,-1.257037093718,1.269338405373
    ));
#664 = CARTESIAN_POINT('',(4.040198966854,-1.285193292299,1.269338405373
    ));
#665 = CARTESIAN_POINT('',(4.028389379453,-1.313704158425,1.269338405373
    ));
#666 = ORIENTED_EDGE('',*,*,#471,.F.);
#667 = ORIENTED_EDGE('',*,*,#443,.F.);
#668 = ( BOUNDED_SURFACE() B_SPLINE_SURFACE(2,5,(
    (#669,#670,#671,#672,#673,#674,#675,#676,#677,#678,#679,#680,#681
      ,#682)
    ,(#683,#684,#685,#686,#687,#688,#689,#690,#691,#692,#693,#694,#695
      ,#696)
    ,(#697,#698,#699,#700,#701,#702,#703,#704,#705,#706,#707,#708,#709
,#710
    )),.UNSPECIFIED.,.F.,.F.,.F.) B_SPLINE_SURFACE_WITH_KNOTS((3,3),(6,4
    ,4,6),(0.,2.474004554572),(-0.150460971643,-1.699349482237E-07,
    2.474004384637,2.624464954166),.UNSPECIFIED.) 
GEOMETRIC_REPRESENTATION_ITEM() RATIONAL_B_SPLINE_SURFACE((
    (1.,1.,1.,1.,1.,1.,1.,1.,1.,1.,1.,1.,1.,1.)
    ,(0.93061798229,0.93061798229,0.93061798229,0.93061798229
      ,0.93061798229,0.93061798229,0.93061798229,0.93061798229
      ,0.93061798229,0.93061798229,0.93061798229,0.93061798229
      ,0.93061798229,0.93061798229)
,(1.,1.,1.,1.,1.,1.,1.,1.,1.,1.,1.,1.,1.,1.
))) REPRESENTATION_ITEM('') SURFACE() );
#669 = CARTESIAN_POINT('',(4.102641670439,1.344460469082,1.064979142851)
  );
#670 = CARTESIAN_POINT('',(4.114157445154,1.316658929638,1.064979142851)
  );
#671 = CARTESIAN_POINT('',(4.125673218125,1.288857394406,1.064979142851)
  );
#672 = CARTESIAN_POINT('',(4.137188989351,1.261055863385,1.064979142851)
  );
#673 = CARTESIAN_POINT('',(4.148704758833,1.233254336576,1.064979142851)
  );
#674 = CARTESIAN_POINT('',(4.349572580446,0.748316518349,1.064979142851)
  );
#675 = CARTESIAN_POINT('',(4.44918882011,0.254004984338,1.064979142851)
  );
#676 = CARTESIAN_POINT('',(4.449189507099,-0.254003344051,1.064979142851
    ));
#677 = CARTESIAN_POINT('',(4.349572930008,-0.748315674432,1.064979142851
    ));
#678 = CARTESIAN_POINT('',(4.148704755344,-1.233254344999,1.064979142851
    ));
#679 = CARTESIAN_POINT('',(4.137188984118,-1.26105587602,1.064979142851)
  );
#680 = CARTESIAN_POINT('',(4.125673212892,-1.288857407041,1.064979142851
    ));
#681 = CARTESIAN_POINT('',(4.114157441665,-1.316658938061,1.064979142851
    ));
#682 = CARTESIAN_POINT('',(4.102641670439,-1.344460469082,1.064979142851
    ));
#683 = CARTESIAN_POINT('',(4.102641670439,1.344460469082,1.182962690499)
  );
#684 = CARTESIAN_POINT('',(4.114157445154,1.316658929638,1.182962690499)
  );
#685 = CARTESIAN_POINT('',(4.125673218125,1.288857394406,1.182962690499)
  );
#686 = CARTESIAN_POINT('',(4.137188989351,1.261055863385,1.182962690499)
  );
#687 = CARTESIAN_POINT('',(4.148704758833,1.233254336576,1.182962690499)
  );
#688 = CARTESIAN_POINT('',(4.349572580446,0.748316518349,1.182962690499)
  );
#689 = CARTESIAN_POINT('',(4.44918882011,0.254004984338,1.182962690499)
  );
#690 = CARTESIAN_POINT('',(4.449189507099,-0.254003344051,1.182962690499
    ));
#691 = CARTESIAN_POINT('',(4.349572930008,-0.748315674432,1.182962690499
    ));
#692 = CARTESIAN_POINT('',(4.148704755344,-1.233254344999,1.182962690499
    ));
#693 = CARTESIAN_POINT('',(4.137188984118,-1.26105587602,1.182962690499)
  );
#694 = CARTESIAN_POINT('',(4.125673212892,-1.288857407041,1.182962690499
    ));
#695 = CARTESIAN_POINT('',(4.114157441665,-1.316658938061,1.182962690499
    ));
#696 = CARTESIAN_POINT('',(4.102641670439,-1.344460469082,1.182962690499
    ));
#697 = CARTESIAN_POINT('',(4.028389379453,1.313704158425,1.269338405373)
  );
#698 = CARTESIAN_POINT('',(4.040198971339,1.285193281472,1.269338405373)
  );
#699 = CARTESIAN_POINT('',(4.051861652875,1.257037077477,1.269338405373)
  );
#700 = CARTESIAN_POINT('',(4.063377424063,1.22923554644,1.269338405373)
  );
#701 = CARTESIAN_POINT('',(4.074746284901,1.201788688362,1.269338405373)
  );
#702 = CARTESIAN_POINT('',(4.270489096011,0.72922373811,1.269338405373)
  );
#703 = CARTESIAN_POINT('',(4.367563702078,0.247524287167,1.269338405373)
  );
#704 = CARTESIAN_POINT('',(4.36756434983,-0.247522755157,1.269338405373)
  );
#705 = CARTESIAN_POINT('',(4.270489454492,-0.729222872661,1.269338405373
    ));
#706 = CARTESIAN_POINT('',(4.074746280416,-1.201788699189,1.269338405373
    ));
#707 = CARTESIAN_POINT('',(4.063377417335,-1.229235562681,1.269338405373
    ));
#708 = CARTESIAN_POINT('',(4.051861646148,-1.257037093718,1.269338405373
    ));
#709 = CARTESIAN_POINT('',(4.040198966854,-1.285193292299,1.269338405373
    ));
#710 = CARTESIAN_POINT('',(4.028389379453,-1.313704158425,1.269338405373
    ));
#711 = ADVANCED_FACE('',(#712),#771,.F.);
#712 = FACE_BOUND('',#713,.F.);
#713 = EDGE_LOOP('',(#714,#723,#724,#733));
#714 = ORIENTED_EDGE('',*,*,#715,.F.);
#715 = EDGE_CURVE('',#472,#716,#718,.T.);
#716 = VERTEX_POINT('',#717);
#717 = CARTESIAN_POINT('',(4.085968234571,-1.174696505219,1.930661594627
    ));
#718 = CIRCLE('',#719,0.485412195974);
#719 = AXIS2_PLACEMENT_3D('',#720,#721,#722);
#720 = CARTESIAN_POINT('',(4.414287398851,-1.31069075585,1.6));
#721 = DIRECTION('',(0.382683432365,0.923879532511,2.775557561563E-17));
#722 = DIRECTION('',(-0.523404384043,0.216801194476,-0.824041924199));
#723 = ORIENTED_EDGE('',*,*,#486,.T.);
#724 = ORIENTED_EDGE('',*,*,#725,.T.);
#725 = EDGE_CURVE('',#487,#726,#728,.T.);
#726 = VERTEX_POINT('',#727);
#727 = CARTESIAN_POINT('',(4.085968234571,1.174696505219,1.930661594627)
  );
#728 = CIRCLE('',#729,0.485412195974);
#729 = AXIS2_PLACEMENT_3D('',#730,#731,#732);
#730 = CARTESIAN_POINT('',(4.414287398851,1.31069075585,1.6));
#731 = DIRECTION('',(-0.382683432365,0.923879532511,-2.775557561563E-17)
  );
#732 = DIRECTION('',(-0.523404384043,-0.216801194476,-0.824041924199));
#733 = ORIENTED_EDGE('',*,*,#734,.F.);
#734 = EDGE_CURVE('',#716,#726,#735,.T.);
#735 = B_SPLINE_CURVE_WITH_KNOTS('',12,(#736,#737,#738,#739,#740,#741,
    #742,#743,#744,#745,#746,#747,#748,#749,#750,#751,#752,#753,#754,
    #755,#756,#757,#758,#759,#760,#761,#762,#763,#764,#765,#766,#767,
    #768,#769,#770),.UNSPECIFIED.,.F.,.F.,(13,11,11,13),(-0.737875708395
    ,-4.947925115305E-16,17.318029502913,18.055905211308),
  .UNSPECIFIED.);
#736 = CARTESIAN_POINT('',(4.368341043318,-0.492988240695,1.930661594627
    ));
#737 = CARTESIAN_POINT('',(4.344050686533,-0.551630349481,1.930661594627
    ));
#738 = CARTESIAN_POINT('',(4.319898382364,-0.609939169769,1.930661594627
    ));
#739 = CARTESIAN_POINT('',(4.295884130811,-0.667914701558,1.930661594627
    ));
#740 = CARTESIAN_POINT('',(4.272007931874,-0.725556944848,1.930661594627
    ));
#741 = CARTESIAN_POINT('',(4.248269785554,-0.78286589964,1.930661594627)
  );
#742 = CARTESIAN_POINT('',(4.224669691851,-0.839841565933,1.930661594627
    ));
#743 = CARTESIAN_POINT('',(4.201207650763,-0.896483943727,1.930661594627
    ));
#744 = CARTESIAN_POINT('',(4.177883662292,-0.952793033023,1.930661594627
    ));
#745 = CARTESIAN_POINT('',(4.154697726437,-1.00876883382,1.930661594627)
  );
#746 = CARTESIAN_POINT('',(4.131649843199,-1.064411346118,1.930661594627
    ));
#747 = CARTESIAN_POINT('',(4.108740012577,-1.119720569918,1.930661594627
    ));
#748 = CARTESIAN_POINT('',(3.55151193136,-2.464988160927,1.930661594627)
  );
#749 = CARTESIAN_POINT('',(2.368142926712,-3.509870065855,1.930661601596
    ));
#750 = CARTESIAN_POINT('',(0.659702150751,-3.923262885354,1.930661502657
    ));
#751 = CARTESIAN_POINT('',(-1.17054232476,-3.385171524248,1.930661899515
    ));
#752 = CARTESIAN_POINT('',(-2.536114514567,-2.041943209282,
    1.930661023182));
#753 = CARTESIAN_POINT('',(-3.218001563388,6.15951734062E-13,
    1.930662290581));
#754 = CARTESIAN_POINT('',(-2.536114514567,2.041943209281,1.930661023182
    ));
#755 = CARTESIAN_POINT('',(-1.170542324761,3.385171524249,1.930661899514
    ));
#756 = CARTESIAN_POINT('',(0.659702150752,3.923262885354,1.930661502658)
  );
#757 = CARTESIAN_POINT('',(2.368142926712,3.509870065854,1.930661601596)
  );
#758 = CARTESIAN_POINT('',(3.55151193136,2.464988160927,1.930661594627)
  );
#759 = CARTESIAN_POINT('',(4.108740012577,1.119720569918,1.930661594627)
  );
#760 = CARTESIAN_POINT('',(4.131649843199,1.064411346118,1.930661594627)
  );
#761 = CARTESIAN_POINT('',(4.154697726437,1.00876883382,1.930661594627)
  );
#762 = CARTESIAN_POINT('',(4.177883662292,0.952793033023,1.930661594627)
  );
#763 = CARTESIAN_POINT('',(4.201207650763,0.896483943727,1.930661594627)
  );
#764 = CARTESIAN_POINT('',(4.224669691851,0.839841565933,1.930661594627)
  );
#765 = CARTESIAN_POINT('',(4.248269785554,0.78286589964,1.930661594627)
  );
#766 = CARTESIAN_POINT('',(4.272007931874,0.725556944848,1.930661594627)
  );
#767 = CARTESIAN_POINT('',(4.295884130811,0.667914701558,1.930661594627)
  );
#768 = CARTESIAN_POINT('',(4.319898382364,0.609939169769,1.930661594627)
  );
#769 = CARTESIAN_POINT('',(4.344050686533,0.551630349481,1.930661594627)
  );
#770 = CARTESIAN_POINT('',(4.368341043318,0.492988240695,1.930661594627)
  );
#771 = SURFACE_OF_REVOLUTION('',#772,#777);
#772 = CIRCLE('',#773,0.485412195974);
#773 = AXIS2_PLACEMENT_3D('',#774,#775,#776);
#774 = CARTESIAN_POINT('',(4.414287398851,-1.31069075585,1.6));
#775 = DIRECTION('',(0.382683432365,0.923879532511,0.));
#776 = DIRECTION('',(-0.523404384043,0.216801194476,-0.824041924199));
#777 = AXIS1_PLACEMENT('',#778,#779);
#778 = CARTESIAN_POINT('',(1.25,0.,0.));
#779 = DIRECTION('',(0.,0.,-1.));
#780 = ADVANCED_FACE('',(#781),#803,.F.);
#781 = FACE_BOUND('',#782,.F.);
#782 = EDGE_LOOP('',(#783,#784,#785,#786));
#783 = ORIENTED_EDGE('',*,*,#725,.F.);
#784 = ORIENTED_EDGE('',*,*,#650,.T.);
#785 = ORIENTED_EDGE('',*,*,#715,.T.);
#786 = ORIENTED_EDGE('',*,*,#787,.F.);
#787 = EDGE_CURVE('',#726,#716,#788,.T.);
#788 = B_SPLINE_CURVE_WITH_KNOTS('',5,(#789,#790,#791,#792,#793,#794,
    #795,#796,#797,#798,#799,#800,#801,#802),.UNSPECIFIED.,.F.,.F.,(6,4,
    4,6),(-0.150460971643,-1.699349482392E-07,2.474004384637,
    2.624464954166),.UNSPECIFIED.);
#789 = CARTESIAN_POINT('',(4.028389379453,1.313704158425,1.930661594627)
  );
#790 = CARTESIAN_POINT('',(4.040198971339,1.285193281472,1.930661594627)
  );
#791 = CARTESIAN_POINT('',(4.051861652875,1.257037077477,1.930661594627)
  );
#792 = CARTESIAN_POINT('',(4.063377424063,1.22923554644,1.930661594627)
  );
#793 = CARTESIAN_POINT('',(4.074746284901,1.201788688362,1.930661594627)
  );
#794 = CARTESIAN_POINT('',(4.270489096011,0.72922373811,1.930661594627)
  );
#795 = CARTESIAN_POINT('',(4.367563702078,0.247524287167,1.930661594627)
  );
#796 = CARTESIAN_POINT('',(4.36756434983,-0.247522755157,1.930661594627)
  );
#797 = CARTESIAN_POINT('',(4.270489454492,-0.729222872661,1.930661594627
    ));
#798 = CARTESIAN_POINT('',(4.074746280416,-1.201788699189,1.930661594627
    ));
#799 = CARTESIAN_POINT('',(4.063377417335,-1.229235562681,1.930661594627
    ));
#800 = CARTESIAN_POINT('',(4.051861646148,-1.257037093718,1.930661594627
    ));
#801 = CARTESIAN_POINT('',(4.040198966854,-1.285193292299,1.930661594627
    ));
#802 = CARTESIAN_POINT('',(4.028389379453,-1.313704158425,1.930661594627
    ));
#803 = SURFACE_OF_REVOLUTION('',#804,#809);
#804 = CIRCLE('',#805,0.485412195974);
#805 = AXIS2_PLACEMENT_3D('',#806,#807,#808);
#806 = CARTESIAN_POINT('',(4.414287398851,1.31069075585,1.6));
#807 = DIRECTION('',(-0.382683432365,0.923879532511,0.));
#808 = DIRECTION('',(-0.523404384043,-0.216801194476,-0.824041924199));
#809 = AXIS1_PLACEMENT('',#810,#811);
#810 = CARTESIAN_POINT('',(1.25,0.,0.));
#811 = DIRECTION('',(0.,0.,-1.));
#812 = ADVANCED_FACE('',(#813),#884,.T.);
#813 = FACE_BOUND('',#814,.T.);
#814 = EDGE_LOOP('',(#815,#830,#870,#883));
#815 = ORIENTED_EDGE('',*,*,#816,.T.);
#816 = EDGE_CURVE('',#716,#817,#819,.T.);
#817 = VERTEX_POINT('',#818);
#818 = CARTESIAN_POINT('',(4.160220527411,-1.20545281195,2.135020857149)
  );
#819 = B_SPLINE_CURVE_WITH_KNOTS('',5,(#820,#821,#822,#823,#824,#825,
    #826,#827,#828,#829),.UNSPECIFIED.,.F.,.F.,(6,4,6),(0.,0.5,1.),
  .UNSPECIFIED.);
#820 = CARTESIAN_POINT('',(4.085968234571,-1.174696505219,1.930661594627
    ));
#821 = CARTESIAN_POINT('',(4.099792457984,-1.180422686045,1.946742945711
    ));
#822 = CARTESIAN_POINT('',(4.112493966491,-1.185683823132,1.964468780413
    ));
#823 = CARTESIAN_POINT('',(4.123755497541,-1.190348502026,1.983677472805
    ));
#824 = CARTESIAN_POINT('',(4.133299432345,-1.19430172926,2.004056113451)
  );
#825 = CARTESIAN_POINT('',(4.148681246824,-1.200673085431,2.046390378735
    ));
#826 = CARTESIAN_POINT('',(4.154519320142,-1.203091294577,2.068346536327
    ));
#827 = CARTESIAN_POINT('',(4.158363641376,-1.204683664571,2.090712598256
    ));
#828 = CARTESIAN_POINT('',(4.160220527325,-1.205452811915,2.113054788941
    ));
#829 = CARTESIAN_POINT('',(4.160220527411,-1.20545281195,2.135020857149)
  );
#830 = ORIENTED_EDGE('',*,*,#831,.T.);
#831 = EDGE_CURVE('',#817,#832,#834,.T.);
#832 = VERTEX_POINT('',#833);
#833 = CARTESIAN_POINT('',(4.160220527411,1.20545281195,2.135020857149)
  );
#834 = B_SPLINE_CURVE_WITH_KNOTS('',12,(#835,#836,#837,#838,#839,#840,
    #841,#842,#843,#844,#845,#846,#847,#848,#849,#850,#851,#852,#853,
    #854,#855,#856,#857,#858,#859,#860,#861,#862,#863,#864,#865,#866,
    #867,#868,#869),.UNSPECIFIED.,.F.,.F.,(13,11,11,13),(-0.737875708395
    ,-4.947925115305E-16,17.318029502913,18.055905211308),
  .UNSPECIFIED.);
#835 = CARTESIAN_POINT('',(4.442593336158,-0.523744547427,2.135020857149
    ));
#836 = CARTESIAN_POINT('',(4.418899197873,-0.580947257422,2.135020857149
    ));
#837 = CARTESIAN_POINT('',(4.395234708841,-0.63807838779,2.135020857149)
  );
#838 = CARTESIAN_POINT('',(4.371599869062,-0.695137938531,2.135020857149
    ));
#839 = CARTESIAN_POINT('',(4.347994678535,-0.752125909643,2.135020857149
    ));
#840 = CARTESIAN_POINT('',(4.32441913726,-0.809042301129,2.135020857149)
  );
#841 = CARTESIAN_POINT('',(4.300873245238,-0.865887112986,2.135020857149
    ));
#842 = CARTESIAN_POINT('',(4.277357002469,-0.922660345216,2.135020857149
    ));
#843 = CARTESIAN_POINT('',(4.253870408952,-0.979361997818,2.135020857149
    ));
#844 = CARTESIAN_POINT('',(4.230413464688,-1.035992070792,2.135020857149
    ));
#845 = CARTESIAN_POINT('',(4.206986169676,-1.092550564139,2.135020857149
    ));
#846 = CARTESIAN_POINT('',(4.183588523917,-1.149037477858,2.135020857149
    ));
#847 = CARTESIAN_POINT('',(3.61177090599,-2.52952732626,2.135020857149)
  );
#848 = CARTESIAN_POINT('',(2.397473580719,-3.601570783487,2.135020819723
    ));
#849 = CARTESIAN_POINT('',(0.644651861498,-4.026279926309,2.135021351086
    ));
#850 = CARTESIAN_POINT('',(-1.234906135462,-3.473813323936,
    2.135019219701));
#851 = CARTESIAN_POINT('',(-2.634312668057,-2.095046805733,
    2.135023926195));
#852 = CARTESIAN_POINT('',(-3.335721730313,-3.16902060149E-12,
    2.135017119406));
#853 = CARTESIAN_POINT('',(-2.634312668057,2.095046805739,2.135023926196
    ));
#854 = CARTESIAN_POINT('',(-1.234906135462,3.473813323932,2.1350192197)
  );
#855 = CARTESIAN_POINT('',(0.644651861498,4.026279926311,2.135021351086)
  );
#856 = CARTESIAN_POINT('',(2.397473580719,3.601570783485,2.135020819722)
  );
#857 = CARTESIAN_POINT('',(3.61177090599,2.529527326261,2.135020857149)
  );
#858 = CARTESIAN_POINT('',(4.183588523917,1.149037477858,2.135020857149)
  );
#859 = CARTESIAN_POINT('',(4.206986169676,1.092550564139,2.135020857149)
  );
#860 = CARTESIAN_POINT('',(4.230413464688,1.035992070792,2.135020857149)
  );
#861 = CARTESIAN_POINT('',(4.253870408952,0.979361997818,2.135020857149)
  );
#862 = CARTESIAN_POINT('',(4.277357002469,0.922660345216,2.135020857149)
  );
#863 = CARTESIAN_POINT('',(4.300873245238,0.865887112986,2.135020857149)
  );
#864 = CARTESIAN_POINT('',(4.32441913726,0.809042301128,2.135020857149)
  );
#865 = CARTESIAN_POINT('',(4.347994678535,0.752125909643,2.135020857149)
  );
#866 = CARTESIAN_POINT('',(4.371599869062,0.695137938531,2.135020857149)
  );
#867 = CARTESIAN_POINT('',(4.395234708841,0.63807838779,2.135020857149)
  );
#868 = CARTESIAN_POINT('',(4.418899197873,0.580947257422,2.135020857149)
  );
#869 = CARTESIAN_POINT('',(4.442593336158,0.523744547427,2.135020857149)
  );
#870 = ORIENTED_EDGE('',*,*,#871,.F.);
#871 = EDGE_CURVE('',#726,#832,#872,.T.);
#872 = B_SPLINE_CURVE_WITH_KNOTS('',5,(#873,#874,#875,#876,#877,#878,
    #879,#880,#881,#882),.UNSPECIFIED.,.F.,.F.,(6,4,6),(0.,0.5,1.),
  .UNSPECIFIED.);
#873 = CARTESIAN_POINT('',(4.085968234571,1.174696505219,1.930661594627)
  );
#874 = CARTESIAN_POINT('',(4.099792457984,1.180422686045,1.946742945711)
  );
#875 = CARTESIAN_POINT('',(4.112493966491,1.185683823132,1.964468780413)
  );
#876 = CARTESIAN_POINT('',(4.123755497541,1.190348502026,1.983677472805)
  );
#877 = CARTESIAN_POINT('',(4.133299432345,1.19430172926,2.004056113451)
  );
#878 = CARTESIAN_POINT('',(4.148681246824,1.200673085431,2.046390378735)
  );
#879 = CARTESIAN_POINT('',(4.154519320142,1.203091294577,2.068346536327)
  );
#880 = CARTESIAN_POINT('',(4.158363641376,1.204683664571,2.090712598256)
  );
#881 = CARTESIAN_POINT('',(4.160220527325,1.205452811915,2.113054788941)
  );
#882 = CARTESIAN_POINT('',(4.160220527411,1.20545281195,2.135020857149)
  );
#883 = ORIENTED_EDGE('',*,*,#734,.F.);
#884 = ( BOUNDED_SURFACE() B_SPLINE_SURFACE(2,12,(
    (#885,#886,#887,#888,#889,#890,#891,#892,#893,#894,#895,#896,#897
      ,#898,#899,#900,#901,#902,#903,#904,#905,#906,#907,#908,#909,#910
      ,#911,#912,#913,#914,#915,#916,#917,#918,#919)
    ,(#920,#921,#922,#923,#924,#925,#926,#927,#928,#929,#930,#931,#932
      ,#933,#934,#935,#936,#937,#938,#939,#940,#941,#942,#943,#944,#945
      ,#946,#947,#948,#949,#950,#951,#952,#953,#954)
    ,(#955,#956,#957,#958,#959,#960,#961,#962,#963,#964,#965,#966,#967
      ,#968,#969,#970,#971,#972,#973,#974,#975,#976,#977,#978,#979,#980
      ,#981,#982,#983,#984,#985,#986,#987,#988,#989
)),.UNSPECIFIED.,.F.,.F.,.F.) B_SPLINE_SURFACE_WITH_KNOTS((3,3),(13,11,
    11,13),(0.,17.318029502913),(-0.737875708395,-4.947925115305E-16,
    17.318029502913,18.055905211308),.UNSPECIFIED.) 
GEOMETRIC_REPRESENTATION_ITEM() RATIONAL_B_SPLINE_SURFACE((
    (1.,1.,1.,1.,1.,1.,1.,1.,1.,1.,1.,1.,1.,1.,1.,1.,1.,1.,1.,1.,1.,1.
      ,1.,1.,1.,1.,1.,1.,1.,1.,1.,1.,1.,1.,1.)
    ,(0.93061798229,0.93061798229,0.93061798229,0.93061798229
      ,0.93061798229,0.93061798229,0.93061798229,0.93061798229
      ,0.93061798229,0.93061798229,0.93061798229,0.93061798229
      ,0.93061798229,0.93061801928,0.930617494111,0.930619600647
      ,0.930614949024,0.930621676454,0.930614949024,0.930619600647
      ,0.930617494111,0.93061801928,0.93061798229,0.93061798229
      ,0.93061798229,0.93061798229,0.93061798229,0.93061798229
      ,0.93061798229,0.93061798229,0.93061798229,0.93061798229
      ,0.93061798229,0.93061798229,0.93061798229)
    ,(1.,1.,1.,1.,1.,1.,1.,1.,1.,1.,1.,1.,1.,1.,1.,1.,1.,1.,1.,1.,1.,1.
,1.,1.,1.,1.,1.,1.,1.,1.,1.,1.,1.,1.,1.
))) REPRESENTATION_ITEM('') SURFACE() );
#885 = CARTESIAN_POINT('',(4.368341043318,-0.492988240695,1.930661594627
    ));
#886 = CARTESIAN_POINT('',(4.344050686533,-0.551630349481,1.930661594627
    ));
#887 = CARTESIAN_POINT('',(4.319898382364,-0.609939169769,1.930661594627
    ));
#888 = CARTESIAN_POINT('',(4.295884130811,-0.667914701558,1.930661594627
    ));
#889 = CARTESIAN_POINT('',(4.272007931874,-0.725556944848,1.930661594627
    ));
#890 = CARTESIAN_POINT('',(4.248269785554,-0.78286589964,1.930661594627)
  );
#891 = CARTESIAN_POINT('',(4.224669691851,-0.839841565933,1.930661594627
    ));
#892 = CARTESIAN_POINT('',(4.201207650763,-0.896483943727,1.930661594627
    ));
#893 = CARTESIAN_POINT('',(4.177883662292,-0.952793033023,1.930661594627
    ));
#894 = CARTESIAN_POINT('',(4.154697726437,-1.00876883382,1.930661594627)
  );
#895 = CARTESIAN_POINT('',(4.131649843199,-1.064411346118,1.930661594627
    ));
#896 = CARTESIAN_POINT('',(4.108740012577,-1.119720569918,1.930661594627
    ));
#897 = CARTESIAN_POINT('',(3.55151193136,-2.464988160927,1.930661594627)
  );
#898 = CARTESIAN_POINT('',(2.368142926712,-3.509870065855,1.930661601596
    ));
#899 = CARTESIAN_POINT('',(0.659702150751,-3.923262885354,1.930661502657
    ));
#900 = CARTESIAN_POINT('',(-1.17054232476,-3.385171524248,1.930661899515
    ));
#901 = CARTESIAN_POINT('',(-2.536114514567,-2.041943209282,
    1.930661023182));
#902 = CARTESIAN_POINT('',(-3.218001563388,6.15951734062E-13,
    1.930662290581));
#903 = CARTESIAN_POINT('',(-2.536114514567,2.041943209281,1.930661023182
    ));
#904 = CARTESIAN_POINT('',(-1.170542324761,3.385171524249,1.930661899514
    ));
#905 = CARTESIAN_POINT('',(0.659702150752,3.923262885354,1.930661502658)
  );
#906 = CARTESIAN_POINT('',(2.368142926712,3.509870065854,1.930661601596)
  );
#907 = CARTESIAN_POINT('',(3.55151193136,2.464988160927,1.930661594627)
  );
#908 = CARTESIAN_POINT('',(4.108740012577,1.119720569918,1.930661594627)
  );
#909 = CARTESIAN_POINT('',(4.131649843199,1.064411346118,1.930661594627)
  );
#910 = CARTESIAN_POINT('',(4.154697726437,1.00876883382,1.930661594627)
  );
#911 = CARTESIAN_POINT('',(4.177883662292,0.952793033023,1.930661594627)
  );
#912 = CARTESIAN_POINT('',(4.201207650763,0.896483943727,1.930661594627)
  );
#913 = CARTESIAN_POINT('',(4.224669691851,0.839841565933,1.930661594627)
  );
#914 = CARTESIAN_POINT('',(4.248269785554,0.78286589964,1.930661594627)
  );
#915 = CARTESIAN_POINT('',(4.272007931874,0.725556944848,1.930661594627)
  );
#916 = CARTESIAN_POINT('',(4.295884130811,0.667914701558,1.930661594627)
  );
#917 = CARTESIAN_POINT('',(4.319898382364,0.609939169769,1.930661594627)
  );
#918 = CARTESIAN_POINT('',(4.344050686533,0.551630349481,1.930661594627)
  );
#919 = CARTESIAN_POINT('',(4.368341043318,0.492988240695,1.930661594627)
  );
#920 = CARTESIAN_POINT('',(4.442593336158,-0.523744547427,2.017037309501
    ));
#921 = CARTESIAN_POINT('',(4.418899197873,-0.580947257422,2.017037309501
    ));
#922 = CARTESIAN_POINT('',(4.395234708841,-0.63807838779,2.017037309501)
  );
#923 = CARTESIAN_POINT('',(4.371599869061,-0.695137938531,2.017037309501
    ));
#924 = CARTESIAN_POINT('',(4.347994678534,-0.752125909643,2.017037309501
    ));
#925 = CARTESIAN_POINT('',(4.32441913726,-0.809042301129,2.017037309501)
  );
#926 = CARTESIAN_POINT('',(4.300873245238,-0.865887112986,2.017037309501
    ));
#927 = CARTESIAN_POINT('',(4.277357002469,-0.922660345216,2.017037309501
    ));
#928 = CARTESIAN_POINT('',(4.253870408952,-0.979361997818,2.017037309501
    ));
#929 = CARTESIAN_POINT('',(4.230413464688,-1.035992070792,2.017037309501
    ));
#930 = CARTESIAN_POINT('',(4.206986169676,-1.092550564139,2.017037309501
    ));
#931 = CARTESIAN_POINT('',(4.183588523917,-1.149037477858,2.017037309501
    ));
#932 = CARTESIAN_POINT('',(3.611770905991,-2.529527326261,2.017037309501
    ));
#933 = CARTESIAN_POINT('',(2.397473409613,-3.601570594418,2.017037307084
    ));
#934 = CARTESIAN_POINT('',(0.644651798713,-4.026281720893,2.017037341392
    ));
#935 = CARTESIAN_POINT('',(-1.234902200889,-3.473808210322,
    2.017037203778));
#936 = CARTESIAN_POINT('',(-2.634324724748,-2.095052673194,
    2.017037507657));
#937 = CARTESIAN_POINT('',(-3.335704239193,2.968070234033E-12,
    2.017037068171));
#938 = CARTESIAN_POINT('',(-2.634324724748,2.095052673188,2.017037507657
    ));
#939 = CARTESIAN_POINT('',(-1.23490220089,3.473808210326,2.017037203778)
  );
#940 = CARTESIAN_POINT('',(0.644651798713,4.026281720891,2.017037341392)
  );
#941 = CARTESIAN_POINT('',(2.397473409613,3.601570594419,2.017037307084)
  );
#942 = CARTESIAN_POINT('',(3.611770905991,2.529527326261,2.017037309501)
  );
#943 = CARTESIAN_POINT('',(4.183588523917,1.149037477858,2.017037309501)
  );
#944 = CARTESIAN_POINT('',(4.206986169676,1.092550564139,2.017037309501)
  );
#945 = CARTESIAN_POINT('',(4.230413464688,1.035992070792,2.017037309501)
  );
#946 = CARTESIAN_POINT('',(4.253870408952,0.979361997818,2.017037309501)
  );
#947 = CARTESIAN_POINT('',(4.277357002469,0.922660345216,2.017037309501)
  );
#948 = CARTESIAN_POINT('',(4.300873245238,0.865887112986,2.017037309501)
  );
#949 = CARTESIAN_POINT('',(4.32441913726,0.809042301129,2.017037309501)
  );
#950 = CARTESIAN_POINT('',(4.347994678534,0.752125909643,2.017037309501)
  );
#951 = CARTESIAN_POINT('',(4.371599869061,0.695137938531,2.017037309501)
  );
#952 = CARTESIAN_POINT('',(4.395234708841,0.63807838779,2.017037309501)
  );
#953 = CARTESIAN_POINT('',(4.418899197873,0.580947257422,2.017037309501)
  );
#954 = CARTESIAN_POINT('',(4.442593336158,0.523744547427,2.017037309501)
  );
#955 = CARTESIAN_POINT('',(4.442593336158,-0.523744547427,2.135020857149
    ));
#956 = CARTESIAN_POINT('',(4.418899197873,-0.580947257422,2.135020857149
    ));
#957 = CARTESIAN_POINT('',(4.395234708841,-0.63807838779,2.135020857149)
  );
#958 = CARTESIAN_POINT('',(4.371599869062,-0.695137938531,2.135020857149
    ));
#959 = CARTESIAN_POINT('',(4.347994678535,-0.752125909643,2.135020857149
    ));
#960 = CARTESIAN_POINT('',(4.32441913726,-0.809042301129,2.135020857149)
  );
#961 = CARTESIAN_POINT('',(4.300873245238,-0.865887112986,2.135020857149
    ));
#962 = CARTESIAN_POINT('',(4.277357002469,-0.922660345216,2.135020857149
    ));
#963 = CARTESIAN_POINT('',(4.253870408952,-0.979361997818,2.135020857149
    ));
#964 = CARTESIAN_POINT('',(4.230413464688,-1.035992070792,2.135020857149
    ));
#965 = CARTESIAN_POINT('',(4.206986169676,-1.092550564139,2.135020857149
    ));
#966 = CARTESIAN_POINT('',(4.183588523917,-1.149037477858,2.135020857149
    ));
#967 = CARTESIAN_POINT('',(3.61177090599,-2.52952732626,2.135020857149)
  );
#968 = CARTESIAN_POINT('',(2.397473580719,-3.601570783487,2.135020819723
    ));
#969 = CARTESIAN_POINT('',(0.644651861498,-4.026279926309,2.135021351086
    ));
#970 = CARTESIAN_POINT('',(-1.234906135462,-3.473813323936,
    2.135019219701));
#971 = CARTESIAN_POINT('',(-2.634312668057,-2.095046805733,
    2.135023926195));
#972 = CARTESIAN_POINT('',(-3.335721730313,-3.16902060149E-12,
    2.135017119406));
#973 = CARTESIAN_POINT('',(-2.634312668057,2.095046805739,2.135023926196
    ));
#974 = CARTESIAN_POINT('',(-1.234906135462,3.473813323932,2.1350192197)
  );
#975 = CARTESIAN_POINT('',(0.644651861498,4.026279926311,2.135021351086)
  );
#976 = CARTESIAN_POINT('',(2.397473580719,3.601570783485,2.135020819722)
  );
#977 = CARTESIAN_POINT('',(3.61177090599,2.529527326261,2.135020857149)
  );
#978 = CARTESIAN_POINT('',(4.183588523917,1.149037477858,2.135020857149)
  );
#979 = CARTESIAN_POINT('',(4.206986169676,1.092550564139,2.135020857149)
  );
#980 = CARTESIAN_POINT('',(4.230413464688,1.035992070792,2.135020857149)
  );
#981 = CARTESIAN_POINT('',(4.253870408952,0.979361997818,2.135020857149)
  );
#982 = CARTESIAN_POINT('',(4.277357002469,0.922660345216,2.135020857149)
  );
#983 = CARTESIAN_POINT('',(4.300873245238,0.865887112986,2.135020857149)
  );
#984 = CARTESIAN_POINT('',(4.32441913726,0.809042301128,2.135020857149)
  );
#985 = CARTESIAN_POINT('',(4.347994678535,0.752125909643,2.135020857149)
  );
#986 = CARTESIAN_POINT('',(4.371599869062,0.695137938531,2.135020857149)
  );
#987 = CARTESIAN_POINT('',(4.395234708841,0.63807838779,2.135020857149)
  );
#988 = CARTESIAN_POINT('',(4.418899197873,0.580947257422,2.135020857149)
  );
#989 = CARTESIAN_POINT('',(4.442593336158,0.523744547427,2.135020857149)
  );
#990 = ADVANCED_FACE('',(#991),#1013,.T.);
#991 = FACE_BOUND('',#992,.T.);
#992 = EDGE_LOOP('',(#993,#994,#1011,#1012));
#993 = ORIENTED_EDGE('',*,*,#871,.T.);
#994 = ORIENTED_EDGE('',*,*,#995,.T.);
#995 = EDGE_CURVE('',#832,#817,#996,.T.);
#996 = B_SPLINE_CURVE_WITH_KNOTS('',5,(#997,#998,#999,#1000,#1001,#1002,
    #1003,#1004,#1005,#1006,#1007,#1008,#1009,#1010),.UNSPECIFIED.,.F.,
  .F.,(6,4,4,6),(-0.150460971643,-1.699349482392E-07,2.474004384637,
    2.624464954166),.UNSPECIFIED.);
#997 = CARTESIAN_POINT('',(4.102641670439,1.344460469082,2.135020857149)
  );
#998 = CARTESIAN_POINT('',(4.114157445154,1.316658929638,2.135020857149)
  );
#999 = CARTESIAN_POINT('',(4.125673218125,1.288857394406,2.135020857149)
  );
#1000 = CARTESIAN_POINT('',(4.137188989351,1.261055863385,2.135020857149
    ));
#1001 = CARTESIAN_POINT('',(4.148704758833,1.233254336576,2.135020857149
    ));
#1002 = CARTESIAN_POINT('',(4.349572580446,0.748316518349,2.135020857149
    ));
#1003 = CARTESIAN_POINT('',(4.44918882011,0.254004984338,2.135020857149)
  );
#1004 = CARTESIAN_POINT('',(4.449189507099,-0.254003344051,
    2.135020857149));
#1005 = CARTESIAN_POINT('',(4.349572930008,-0.748315674432,
    2.135020857149));
#1006 = CARTESIAN_POINT('',(4.148704755344,-1.233254344999,
    2.135020857149));
#1007 = CARTESIAN_POINT('',(4.137188984118,-1.26105587602,2.135020857149
    ));
#1008 = CARTESIAN_POINT('',(4.125673212892,-1.288857407041,
    2.135020857149));
#1009 = CARTESIAN_POINT('',(4.114157441665,-1.316658938061,
    2.135020857149));
#1010 = CARTESIAN_POINT('',(4.102641670439,-1.344460469082,
    2.135020857149));
#1011 = ORIENTED_EDGE('',*,*,#816,.F.);
#1012 = ORIENTED_EDGE('',*,*,#787,.F.);
#1013 = ( BOUNDED_SURFACE() B_SPLINE_SURFACE(2,5,(
    (#1014,#1015,#1016,#1017,#1018,#1019,#1020,#1021,#1022,#1023,#1024
      ,#1025,#1026,#1027)
    ,(#1028,#1029,#1030,#1031,#1032,#1033,#1034,#1035,#1036,#1037,#1038
      ,#1039,#1040,#1041)
    ,(#1042,#1043,#1044,#1045,#1046,#1047,#1048,#1049,#1050,#1051,#1052
      ,#1053,#1054,#1055
)),.UNSPECIFIED.,.F.,.F.,.F.) B_SPLINE_SURFACE_WITH_KNOTS((3,3),(6,4,4,6
    ),(0.,2.474004554572),(-0.150460971643,-1.699349482392E-07,
    2.474004384637,2.624464954166),.UNSPECIFIED.) 
GEOMETRIC_REPRESENTATION_ITEM() RATIONAL_B_SPLINE_SURFACE((
    (1.,1.,1.,1.,1.,1.,1.,1.,1.,1.,1.,1.,1.,1.)
    ,(0.93061798229,0.93061798229,0.93061798229,0.93061798229
      ,0.93061798229,0.93061798229,0.93061798229,0.93061798229
      ,0.93061798229,0.93061798229,0.93061798229,0.93061798229
      ,0.93061798229,0.93061798229)
,(1.,1.,1.,1.,1.,1.,1.,1.,1.,1.,1.,1.,1.,1.
))) REPRESENTATION_ITEM('') SURFACE() );
#1014 = CARTESIAN_POINT('',(4.028389379453,1.313704158425,1.930661594627
    ));
#1015 = CARTESIAN_POINT('',(4.040198971339,1.285193281472,1.930661594627
    ));
#1016 = CARTESIAN_POINT('',(4.051861652875,1.257037077477,1.930661594627
    ));
#1017 = CARTESIAN_POINT('',(4.063377424063,1.22923554644,1.930661594627)
  );
#1018 = CARTESIAN_POINT('',(4.074746284901,1.201788688362,1.930661594627
    ));
#1019 = CARTESIAN_POINT('',(4.270489096011,0.72922373811,1.930661594627)
  );
#1020 = CARTESIAN_POINT('',(4.367563702078,0.247524287167,1.930661594627
    ));
#1021 = CARTESIAN_POINT('',(4.36756434983,-0.247522755157,1.930661594627
    ));
#1022 = CARTESIAN_POINT('',(4.270489454492,-0.729222872661,
    1.930661594627));
#1023 = CARTESIAN_POINT('',(4.074746280416,-1.201788699189,
    1.930661594627));
#1024 = CARTESIAN_POINT('',(4.063377417335,-1.229235562681,
    1.930661594627));
#1025 = CARTESIAN_POINT('',(4.051861646148,-1.257037093718,
    1.930661594627));
#1026 = CARTESIAN_POINT('',(4.040198966854,-1.285193292299,
    1.930661594627));
#1027 = CARTESIAN_POINT('',(4.028389379453,-1.313704158425,
    1.930661594627));
#1028 = CARTESIAN_POINT('',(4.102641670439,1.344460469082,2.017037309501
    ));
#1029 = CARTESIAN_POINT('',(4.114157445154,1.316658929638,2.017037309501
    ));
#1030 = CARTESIAN_POINT('',(4.125673218125,1.288857394406,2.017037309501
    ));
#1031 = CARTESIAN_POINT('',(4.137188989351,1.261055863385,2.017037309501
    ));
#1032 = CARTESIAN_POINT('',(4.148704758833,1.233254336576,2.017037309501
    ));
#1033 = CARTESIAN_POINT('',(4.349572580446,0.748316518349,2.017037309501
    ));
#1034 = CARTESIAN_POINT('',(4.44918882011,0.254004984338,2.017037309501)
  );
#1035 = CARTESIAN_POINT('',(4.449189507099,-0.254003344051,
    2.017037309501));
#1036 = CARTESIAN_POINT('',(4.349572930008,-0.748315674432,
    2.017037309501));
#1037 = CARTESIAN_POINT('',(4.148704755344,-1.233254344999,
    2.017037309501));
#1038 = CARTESIAN_POINT('',(4.137188984118,-1.26105587602,2.017037309501
    ));
#1039 = CARTESIAN_POINT('',(4.125673212892,-1.288857407041,
    2.017037309501));
#1040 = CARTESIAN_POINT('',(4.114157441665,-1.316658938061,
    2.017037309501));
#1041 = CARTESIAN_POINT('',(4.102641670439,-1.344460469082,
    2.017037309501));
#1042 = CARTESIAN_POINT('',(4.102641670439,1.344460469082,2.135020857149
    ));
#1043 = CARTESIAN_POINT('',(4.114157445154,1.316658929638,2.135020857149
    ));
#1044 = CARTESIAN_POINT('',(4.125673218125,1.288857394406,2.135020857149
    ));
#1045 = CARTESIAN_POINT('',(4.137188989351,1.261055863385,2.135020857149
    ));
#1046 = CARTESIAN_POINT('',(4.148704758833,1.233254336576,2.135020857149
    ));
#1047 = CARTESIAN_POINT('',(4.349572580446,0.748316518349,2.135020857149
    ));
#1048 = CARTESIAN_POINT('',(4.44918882011,0.254004984338,2.135020857149)
  );
#1049 = CARTESIAN_POINT('',(4.449189507099,-0.254003344051,
    2.135020857149));
#1050 = CARTESIAN_POINT('',(4.349572930008,-0.748315674432,
    2.135020857149));
#1051 = CARTESIAN_POINT('',(4.148704755344,-1.233254344999,
    2.135020857149));
#1052 = CARTESIAN_POINT('',(4.137188984118,-1.26105587602,2.135020857149
    ));
#1053 = CARTESIAN_POINT('',(4.125673212892,-1.288857407041,
    2.135020857149));
#1054 = CARTESIAN_POINT('',(4.114157441665,-1.316658938061,
    2.135020857149));
#1055 = CARTESIAN_POINT('',(4.102641670439,-1.344460469082,
    2.135020857149));
#1056 = ADVANCED_FACE('',(#1057),#1083,.T.);
#1057 = FACE_BOUND('',#1058,.T.);
#1058 = EDGE_LOOP('',(#1059,#1070,#1076,#1077));
#1059 = ORIENTED_EDGE('',*,*,#1060,.T.);
#1060 = EDGE_CURVE('',#1061,#1063,#1065,.T.);
#1061 = VERTEX_POINT('',#1062);
#1062 = CARTESIAN_POINT('',(4.160220527411,-1.20545281195,6.1));
#1063 = VERTEX_POINT('',#1064);
#1064 = CARTESIAN_POINT('',(4.160220527411,1.20545281195,6.1));
#1065 = CIRCLE('',#1066,3.15);
#1066 = AXIS2_PLACEMENT_3D('',#1067,#1068,#1069);
#1067 = CARTESIAN_POINT('',(1.25,0.,6.1));
#1068 = DIRECTION('',(0.,-0.,-1.));
#1069 = DIRECTION('',(0.923879532511,-0.382683432365,0.));
#1070 = ORIENTED_EDGE('',*,*,#1071,.F.);
#1071 = EDGE_CURVE('',#832,#1063,#1072,.T.);
#1072 = LINE('',#1073,#1074);
#1073 = CARTESIAN_POINT('',(4.160220527411,1.20545281195,2.));
#1074 = VECTOR('',#1075,1.);
#1075 = DIRECTION('',(0.,0.,1.));
#1076 = ORIENTED_EDGE('',*,*,#831,.F.);
#1077 = ORIENTED_EDGE('',*,*,#1078,.T.);
#1078 = EDGE_CURVE('',#817,#1061,#1079,.T.);
#1079 = LINE('',#1080,#1081);
#1080 = CARTESIAN_POINT('',(4.160220527411,-1.20545281195,2.));
#1081 = VECTOR('',#1082,1.);
#1082 = DIRECTION('',(0.,0.,1.));
#1083 = CYLINDRICAL_SURFACE('',#1084,3.15);
#1084 = AXIS2_PLACEMENT_3D('',#1085,#1086,#1087);
#1085 = CARTESIAN_POINT('',(1.25,0.,2.));
#1086 = DIRECTION('',(0.,0.,1.));
#1087 = DIRECTION('',(0.923879532511,-0.382683432365,0.));
#1088 = ADVANCED_FACE('',(#1089,#1101),#1193,.T.);
#1089 = FACE_BOUND('',#1090,.T.);
#1090 = EDGE_LOOP('',(#1091,#1098,#1099,#1100));
#1091 = ORIENTED_EDGE('',*,*,#1092,.T.);
#1092 = EDGE_CURVE('',#1063,#1061,#1093,.T.);
#1093 = CIRCLE('',#1094,3.15);
#1094 = AXIS2_PLACEMENT_3D('',#1095,#1096,#1097);
#1095 = CARTESIAN_POINT('',(1.25,0.,6.1));
#1096 = DIRECTION('',(0.,0.,-1.));
#1097 = DIRECTION('',(0.923879532511,0.382683432365,0.));
#1098 = ORIENTED_EDGE('',*,*,#1078,.F.);
#1099 = ORIENTED_EDGE('',*,*,#995,.F.);
#1100 = ORIENTED_EDGE('',*,*,#1071,.T.);
#1101 = FACE_BOUND('',#1102,.T.);
#1102 = EDGE_LOOP('',(#1103,#1113,#1127,#1136,#1150,#1158,#1172,#1181));
#1103 = ORIENTED_EDGE('',*,*,#1104,.T.);
#1104 = EDGE_CURVE('',#1105,#1107,#1109,.T.);
#1105 = VERTEX_POINT('',#1106);
#1106 = CARTESIAN_POINT('',(4.390063693622,-0.25,2.399));
#1107 = VERTEX_POINT('',#1108);
#1108 = CARTESIAN_POINT('',(4.390063693622,-0.25,3.901));
#1109 = LINE('',#1110,#1111);
#1110 = CARTESIAN_POINT('',(4.390063693622,-0.25,2.));
#1111 = VECTOR('',#1112,1.);
#1112 = DIRECTION('',(0.,0.,1.));
#1113 = ORIENTED_EDGE('',*,*,#1114,.F.);
#1114 = EDGE_CURVE('',#1115,#1107,#1117,.T.);
#1115 = VERTEX_POINT('',#1116);
#1116 = CARTESIAN_POINT('',(4.39999984127,-1.E-03,4.15));
#1117 = B_SPLINE_CURVE_WITH_KNOTS('',8,(#1118,#1119,#1120,#1121,#1122,
    #1123,#1124,#1125,#1126),.UNSPECIFIED.,.F.,.F.,(9,9),(0.,1.),
  .PIECEWISE_BEZIER_KNOTS.);
#1118 = CARTESIAN_POINT('',(4.39999984127,-1.000000000001E-03,4.15));
#1119 = CARTESIAN_POINT('',(4.399982832147,-5.457873493797E-02,4.15));
#1120 = CARTESIAN_POINT('',(4.398924962418,-0.105860655764,
    4.136823478699));
#1121 = CARTESIAN_POINT('',(4.396983999654,-0.151858354996,
    4.112452495157));
#1122 = CARTESIAN_POINT('',(4.394628545982,-0.190544274441,
    4.078937530663));
#1123 = CARTESIAN_POINT('',(4.392425632883,-0.220329159971,
    4.038561656652));
#1124 = CARTESIAN_POINT('',(4.390837535903,-0.240281331805,
    3.993723730179));
#1125 = CARTESIAN_POINT('',(4.390063693622,-0.25,3.947017732857));
#1126 = CARTESIAN_POINT('',(4.390063693622,-0.25,3.901));
#1127 = ORIENTED_EDGE('',*,*,#1128,.T.);
#1128 = EDGE_CURVE('',#1115,#1129,#1131,.T.);
#1129 = VERTEX_POINT('',#1130);
#1130 = CARTESIAN_POINT('',(4.39999984127,9.999999999997E-04,4.15));
#1131 = CIRCLE('',#1132,3.15);
#1132 = AXIS2_PLACEMENT_3D('',#1133,#1134,#1135);
#1133 = CARTESIAN_POINT('',(1.25,0.,4.15));
#1134 = DIRECTION('',(0.,-0.,1.));
#1135 = DIRECTION('',(0.923879532511,0.382683432365,0.));
#1136 = ORIENTED_EDGE('',*,*,#1137,.F.);
#1137 = EDGE_CURVE('',#1138,#1129,#1140,.T.);
#1138 = VERTEX_POINT('',#1139);
#1139 = CARTESIAN_POINT('',(4.390063693622,0.25,3.901));
#1140 = B_SPLINE_CURVE_WITH_KNOTS('',8,(#1141,#1142,#1143,#1144,#1145,
    #1146,#1147,#1148,#1149),.UNSPECIFIED.,.F.,.F.,(9,9),(0.,1.),
  .PIECEWISE_BEZIER_KNOTS.);
#1141 = CARTESIAN_POINT('',(4.390063693622,0.25,3.901));
#1142 = CARTESIAN_POINT('',(4.390063693622,0.25,3.94700658647));
#1143 = CARTESIAN_POINT('',(4.390837156831,0.240286057061,3.993714055517
    ));
#1144 = CARTESIAN_POINT('',(4.392425259348,0.220333951949,4.038563137215
    ));
#1145 = CARTESIAN_POINT('',(4.394629002117,0.190540617786,4.078947056242
    ));
#1146 = CARTESIAN_POINT('',(4.39698493313,0.151845982412,4.112464490725)
  );
#1147 = CARTESIAN_POINT('',(4.398925562906,0.105841643592,4.136830953417
    ));
#1148 = CARTESIAN_POINT('',(4.399982836978,5.456351661409E-02,4.15));
#1149 = CARTESIAN_POINT('',(4.39999984127,1.000000000001E-03,4.15));
#1150 = ORIENTED_EDGE('',*,*,#1151,.F.);
#1151 = EDGE_CURVE('',#1152,#1138,#1154,.T.);
#1152 = VERTEX_POINT('',#1153);
#1153 = CARTESIAN_POINT('',(4.390063693622,0.25,2.399));
#1154 = LINE('',#1155,#1156);
#1155 = CARTESIAN_POINT('',(4.390063693622,0.25,2.));
#1156 = VECTOR('',#1157,1.);
#1157 = DIRECTION('',(0.,0.,1.));
#1158 = ORIENTED_EDGE('',*,*,#1159,.T.);
#1159 = EDGE_CURVE('',#1152,#1160,#1162,.T.);
#1160 = VERTEX_POINT('',#1161);
#1161 = CARTESIAN_POINT('',(4.39999984127,9.999999999997E-04,2.15));
#1162 = B_SPLINE_CURVE_WITH_KNOTS('',8,(#1163,#1164,#1165,#1166,#1167,
    #1168,#1169,#1170,#1171),.UNSPECIFIED.,.F.,.F.,(9,9),(0.,1.),
  .PIECEWISE_BEZIER_KNOTS.);
#1163 = CARTESIAN_POINT('',(4.390063693622,0.25,2.399));
#1164 = CARTESIAN_POINT('',(4.390063693622,0.25,2.35299341353));
#1165 = CARTESIAN_POINT('',(4.390837156831,0.240286057061,2.306285944483
    ));
#1166 = CARTESIAN_POINT('',(4.392425259347,0.22033395195,2.261436862787)
  );
#1167 = CARTESIAN_POINT('',(4.394629002117,0.190540617785,2.221052943756
    ));
#1168 = CARTESIAN_POINT('',(4.39698493313,0.151845982412,2.187535509277)
  );
#1169 = CARTESIAN_POINT('',(4.398925562906,0.105841643593,2.163169046583
    ));
#1170 = CARTESIAN_POINT('',(4.399982836978,5.456351661366E-02,2.15));
#1171 = CARTESIAN_POINT('',(4.39999984127,1.000000000001E-03,2.15));
#1172 = ORIENTED_EDGE('',*,*,#1173,.F.);
#1173 = EDGE_CURVE('',#1174,#1160,#1176,.T.);
#1174 = VERTEX_POINT('',#1175);
#1175 = CARTESIAN_POINT('',(4.39999984127,-1.E-03,2.15));
#1176 = CIRCLE('',#1177,3.15);
#1177 = AXIS2_PLACEMENT_3D('',#1178,#1179,#1180);
#1178 = CARTESIAN_POINT('',(1.25,0.,2.15));
#1179 = DIRECTION('',(0.,-0.,1.));
#1180 = DIRECTION('',(0.923879532511,0.382683432365,0.));
#1181 = ORIENTED_EDGE('',*,*,#1182,.T.);
#1182 = EDGE_CURVE('',#1174,#1105,#1183,.T.);
#1183 = B_SPLINE_CURVE_WITH_KNOTS('',8,(#1184,#1185,#1186,#1187,#1188,
    #1189,#1190,#1191,#1192),.UNSPECIFIED.,.F.,.F.,(9,9),(0.,1.),
  .PIECEWISE_BEZIER_KNOTS.);
#1184 = CARTESIAN_POINT('',(4.39999984127,-1.000000000001E-03,2.15));
#1185 = CARTESIAN_POINT('',(4.399982832147,-5.457873493738E-02,2.15));
#1186 = CARTESIAN_POINT('',(4.398924962418,-0.105860655765,
    2.163176521301));
#1187 = CARTESIAN_POINT('',(4.396983999654,-0.151858354994,
    2.187547504842));
#1188 = CARTESIAN_POINT('',(4.394628545982,-0.190544274443,
    2.221062469337));
#1189 = CARTESIAN_POINT('',(4.392425632883,-0.22032915997,2.261438343347
    ));
#1190 = CARTESIAN_POINT('',(4.390837535903,-0.240281331806,
    2.306276269822));
#1191 = CARTESIAN_POINT('',(4.390063693622,-0.25,2.352982267143));
#1192 = CARTESIAN_POINT('',(4.390063693622,-0.25,2.399));
#1193 = CYLINDRICAL_SURFACE('',#1194,3.15);
#1194 = AXIS2_PLACEMENT_3D('',#1195,#1196,#1197);
#1195 = CARTESIAN_POINT('',(1.25,0.,2.));
#1196 = DIRECTION('',(0.,0.,1.));
#1197 = DIRECTION('',(0.923879532511,0.382683432365,-0.));
#1198 = ADVANCED_FACE('',(#1199),#1227,.T.);
#1199 = FACE_BOUND('',#1200,.T.);
#1200 = EDGE_LOOP('',(#1201,#1210,#1219,#1226));
#1201 = ORIENTED_EDGE('',*,*,#1202,.T.);
#1202 = EDGE_CURVE('',#1061,#1203,#1205,.T.);
#1203 = VERTEX_POINT('',#1204);
#1204 = CARTESIAN_POINT('',(3.975444620908,-1.128916125477,6.3));
#1205 = CIRCLE('',#1206,0.2);
#1206 = AXIS2_PLACEMENT_3D('',#1207,#1208,#1209);
#1207 = CARTESIAN_POINT('',(3.975444620908,-1.128916125477,6.1));
#1208 = DIRECTION('',(-0.382683432365,-0.923879532511,0.));
#1209 = DIRECTION('',(0.923879532511,-0.382683432365,0.));
#1210 = ORIENTED_EDGE('',*,*,#1211,.T.);
#1211 = EDGE_CURVE('',#1203,#1212,#1214,.T.);
#1212 = VERTEX_POINT('',#1213);
#1213 = CARTESIAN_POINT('',(3.975444620908,1.128916125477,6.3));
#1214 = CIRCLE('',#1215,2.95);
#1215 = AXIS2_PLACEMENT_3D('',#1216,#1217,#1218);
#1216 = CARTESIAN_POINT('',(1.25,0.,6.3));
#1217 = DIRECTION('',(0.,-0.,-1.));
#1218 = DIRECTION('',(0.923879532511,-0.382683432365,0.));
#1219 = ORIENTED_EDGE('',*,*,#1220,.F.);
#1220 = EDGE_CURVE('',#1063,#1212,#1221,.T.);
#1221 = CIRCLE('',#1222,0.2);
#1222 = AXIS2_PLACEMENT_3D('',#1223,#1224,#1225);
#1223 = CARTESIAN_POINT('',(3.975444620908,1.128916125477,6.1));
#1224 = DIRECTION('',(0.382683432365,-0.923879532511,0.));
#1225 = DIRECTION('',(0.923879532511,0.382683432365,0.));
#1226 = ORIENTED_EDGE('',*,*,#1060,.F.);
#1227 = TOROIDAL_SURFACE('',#1228,2.95,0.2);
#1228 = AXIS2_PLACEMENT_3D('',#1229,#1230,#1231);
#1229 = CARTESIAN_POINT('',(1.25,0.,6.1));
#1230 = DIRECTION('',(0.,0.,1.));
#1231 = DIRECTION('',(0.923879532511,-0.382683432365,0.));
#1232 = ADVANCED_FACE('',(#1233),#1245,.T.);
#1233 = FACE_BOUND('',#1234,.T.);
#1234 = EDGE_LOOP('',(#1235,#1236,#1243,#1244));
#1235 = ORIENTED_EDGE('',*,*,#1220,.T.);
#1236 = ORIENTED_EDGE('',*,*,#1237,.T.);
#1237 = EDGE_CURVE('',#1212,#1203,#1238,.T.);
#1238 = CIRCLE('',#1239,2.95);
#1239 = AXIS2_PLACEMENT_3D('',#1240,#1241,#1242);
#1240 = CARTESIAN_POINT('',(1.25,0.,6.3));
#1241 = DIRECTION('',(0.,0.,-1.));
#1242 = DIRECTION('',(0.923879532511,0.382683432365,0.));
#1243 = ORIENTED_EDGE('',*,*,#1202,.F.);
#1244 = ORIENTED_EDGE('',*,*,#1092,.F.);
#1245 = TOROIDAL_SURFACE('',#1246,2.95,0.2);
#1246 = AXIS2_PLACEMENT_3D('',#1247,#1248,#1249);
#1247 = CARTESIAN_POINT('',(1.25,0.,6.1));
#1248 = DIRECTION('',(0.,0.,1.));
#1249 = DIRECTION('',(0.923879532511,0.382683432365,-0.));
#1250 = ADVANCED_FACE('',(#1251),#1261,.T.);
#1251 = FACE_BOUND('',#1252,.T.);
#1252 = EDGE_LOOP('',(#1253,#1254,#1255,#1256,#1257,#1258,#1259,#1260));
#1253 = ORIENTED_EDGE('',*,*,#1137,.T.);
#1254 = ORIENTED_EDGE('',*,*,#1128,.F.);
#1255 = ORIENTED_EDGE('',*,*,#1114,.T.);
#1256 = ORIENTED_EDGE('',*,*,#1104,.F.);
#1257 = ORIENTED_EDGE('',*,*,#1182,.F.);
#1258 = ORIENTED_EDGE('',*,*,#1173,.T.);
#1259 = ORIENTED_EDGE('',*,*,#1159,.F.);
#1260 = ORIENTED_EDGE('',*,*,#1151,.T.);
#1261 = CYLINDRICAL_SURFACE('',#1262,3.15);
#1262 = AXIS2_PLACEMENT_3D('',#1263,#1264,#1265);
#1263 = CARTESIAN_POINT('',(1.25,0.,2.));
#1264 = DIRECTION('',(0.,0.,1.));
#1265 = DIRECTION('',(0.923879532511,0.382683432365,-0.));
#1266 = ADVANCED_FACE('',(#1267),#1293,.F.);
#1267 = FACE_BOUND('',#1268,.F.);
#1268 = EDGE_LOOP('',(#1269,#1270,#1278,#1287));
#1269 = ORIENTED_EDGE('',*,*,#1211,.T.);
#1270 = ORIENTED_EDGE('',*,*,#1271,.T.);
#1271 = EDGE_CURVE('',#1212,#1272,#1274,.T.);
#1272 = VERTEX_POINT('',#1273);
#1273 = CARTESIAN_POINT('',(3.287154369187,0.843816968365,6.3));
#1274 = LINE('',#1275,#1276);
#1275 = CARTESIAN_POINT('',(3.975444620908,1.128916125477,6.3));
#1276 = VECTOR('',#1277,1.);
#1277 = DIRECTION('',(-0.923879532511,-0.382683432365,0.));
#1278 = ORIENTED_EDGE('',*,*,#1279,.F.);
#1279 = EDGE_CURVE('',#1280,#1272,#1282,.T.);
#1280 = VERTEX_POINT('',#1281);
#1281 = CARTESIAN_POINT('',(3.287154369187,-0.843816968365,6.3));
#1282 = CIRCLE('',#1283,2.205);
#1283 = AXIS2_PLACEMENT_3D('',#1284,#1285,#1286);
#1284 = CARTESIAN_POINT('',(1.25,0.,6.3));
#1285 = DIRECTION('',(0.,-0.,-1.));
#1286 = DIRECTION('',(0.923879532511,-0.382683432365,0.));
#1287 = ORIENTED_EDGE('',*,*,#1288,.F.);
#1288 = EDGE_CURVE('',#1203,#1280,#1289,.T.);
#1289 = LINE('',#1290,#1291);
#1290 = CARTESIAN_POINT('',(3.975444620908,-1.128916125477,6.3));
#1291 = VECTOR('',#1292,1.);
#1292 = DIRECTION('',(-0.923879532511,0.382683432365,0.));
#1293 = PLANE('',#1294);
#1294 = AXIS2_PLACEMENT_3D('',#1295,#1296,#1297);
#1295 = CARTESIAN_POINT('',(1.25,0.,6.3));
#1296 = DIRECTION('',(0.,0.,-1.));
#1297 = DIRECTION('',(0.923879532511,-0.382683432365,0.));
#1298 = ADVANCED_FACE('',(#1299),#1311,.F.);
#1299 = FACE_BOUND('',#1300,.F.);
#1300 = EDGE_LOOP('',(#1301,#1302,#1303,#1310));
#1301 = ORIENTED_EDGE('',*,*,#1237,.T.);
#1302 = ORIENTED_EDGE('',*,*,#1288,.T.);
#1303 = ORIENTED_EDGE('',*,*,#1304,.F.);
#1304 = EDGE_CURVE('',#1272,#1280,#1305,.T.);
#1305 = CIRCLE('',#1306,2.205);
#1306 = AXIS2_PLACEMENT_3D('',#1307,#1308,#1309);
#1307 = CARTESIAN_POINT('',(1.25,0.,6.3));
#1308 = DIRECTION('',(0.,0.,-1.));
#1309 = DIRECTION('',(0.923879532511,0.382683432365,0.));
#1310 = ORIENTED_EDGE('',*,*,#1271,.F.);
#1311 = PLANE('',#1312);
#1312 = AXIS2_PLACEMENT_3D('',#1313,#1314,#1315);
#1313 = CARTESIAN_POINT('',(1.25,0.,6.3));
#1314 = DIRECTION('',(0.,0.,-1.));
#1315 = DIRECTION('',(0.923879532511,0.382683432365,0.));
#1316 = ADVANCED_FACE('',(#1317),#1454,.F.);
#1317 = FACE_BOUND('',#1318,.F.);
#1318 = EDGE_LOOP('',(#1319,#1327,#1328,#1336,#1345,#1353,#1362,#1370,
    #1379,#1387,#1396,#1405,#1413,#1422,#1430,#1439,#1447));
#1319 = ORIENTED_EDGE('',*,*,#1320,.F.);
#1320 = EDGE_CURVE('',#1280,#1321,#1323,.T.);
#1321 = VERTEX_POINT('',#1322);
#1322 = CARTESIAN_POINT('',(3.287154369187,-0.843816968365,6.2));
#1323 = LINE('',#1324,#1325);
#1324 = CARTESIAN_POINT('',(3.287154369187,-0.843816968365,6.3));
#1325 = VECTOR('',#1326,1.);
#1326 = DIRECTION('',(0.,0.,-1.));
#1327 = ORIENTED_EDGE('',*,*,#1279,.T.);
#1328 = ORIENTED_EDGE('',*,*,#1329,.T.);
#1329 = EDGE_CURVE('',#1272,#1330,#1332,.T.);
#1330 = VERTEX_POINT('',#1331);
#1331 = CARTESIAN_POINT('',(3.287154369187,0.843816968365,6.2));
#1332 = LINE('',#1333,#1334);
#1333 = CARTESIAN_POINT('',(3.287154369187,0.843816968365,6.3));
#1334 = VECTOR('',#1335,1.);
#1335 = DIRECTION('',(0.,0.,-1.));
#1336 = ORIENTED_EDGE('',*,*,#1337,.T.);
#1337 = EDGE_CURVE('',#1330,#1338,#1340,.T.);
#1338 = VERTEX_POINT('',#1339);
#1339 = CARTESIAN_POINT('',(1.3,2.204433033685,6.2));
#1340 = CIRCLE('',#1341,2.205);
#1341 = AXIS2_PLACEMENT_3D('',#1342,#1343,#1344);
#1342 = CARTESIAN_POINT('',(1.25,0.,6.2));
#1343 = DIRECTION('',(0.,0.,1.));
#1344 = DIRECTION('',(-1.,1.224646799147E-16,0.));
#1345 = ORIENTED_EDGE('',*,*,#1346,.T.);
#1346 = EDGE_CURVE('',#1338,#1347,#1349,.T.);
#1347 = VERTEX_POINT('',#1348);
#1348 = CARTESIAN_POINT('',(1.3,2.204433033685,6.1));
#1349 = LINE('',#1350,#1351);
#1350 = CARTESIAN_POINT('',(1.3,2.204433033685,6.));
#1351 = VECTOR('',#1352,1.);
#1352 = DIRECTION('',(0.,0.,-1.));
#1353 = ORIENTED_EDGE('',*,*,#1354,.F.);
#1354 = EDGE_CURVE('',#1355,#1347,#1357,.T.);
#1355 = VERTEX_POINT('',#1356);
#1356 = CARTESIAN_POINT('',(1.2,2.204433033685,6.1));
#1357 = CIRCLE('',#1358,2.205);
#1358 = AXIS2_PLACEMENT_3D('',#1359,#1360,#1361);
#1359 = CARTESIAN_POINT('',(1.25,0.,6.1));
#1360 = DIRECTION('',(0.,0.,-1.));
#1361 = DIRECTION('',(-1.,1.224646799147E-16,0.));
#1362 = ORIENTED_EDGE('',*,*,#1363,.F.);
#1363 = EDGE_CURVE('',#1364,#1355,#1366,.T.);
#1364 = VERTEX_POINT('',#1365);
#1365 = CARTESIAN_POINT('',(1.2,2.204433033685,6.2));
#1366 = LINE('',#1367,#1368);
#1367 = CARTESIAN_POINT('',(1.2,2.204433033685,6.));
#1368 = VECTOR('',#1369,1.);
#1369 = DIRECTION('',(0.,0.,-1.));
#1370 = ORIENTED_EDGE('',*,*,#1371,.T.);
#1371 = EDGE_CURVE('',#1364,#1372,#1374,.T.);
#1372 = VERTEX_POINT('',#1373);
#1373 = CARTESIAN_POINT('',(-0.954433033685,5.000000000003E-02,6.2));
#1374 = CIRCLE('',#1375,2.205);
#1375 = AXIS2_PLACEMENT_3D('',#1376,#1377,#1378);
#1376 = CARTESIAN_POINT('',(1.25,0.,6.2));
#1377 = DIRECTION('',(0.,0.,1.));
#1378 = DIRECTION('',(-1.,1.224646799147E-16,0.));
#1379 = ORIENTED_EDGE('',*,*,#1380,.T.);
#1380 = EDGE_CURVE('',#1372,#1381,#1383,.T.);
#1381 = VERTEX_POINT('',#1382);
#1382 = CARTESIAN_POINT('',(-0.954433033685,5.E-02,6.1));
#1383 = LINE('',#1384,#1385);
#1384 = CARTESIAN_POINT('',(-0.954433033685,5.E-02,6.));
#1385 = VECTOR('',#1386,1.);
#1386 = DIRECTION('',(0.,0.,-1.));
#1387 = ORIENTED_EDGE('',*,*,#1388,.F.);
#1388 = EDGE_CURVE('',#1389,#1381,#1391,.T.);
#1389 = VERTEX_POINT('',#1390);
#1390 = CARTESIAN_POINT('',(-0.955,2.70034619212E-16,6.1));
#1391 = CIRCLE('',#1392,2.205);
#1392 = AXIS2_PLACEMENT_3D('',#1393,#1394,#1395);
#1393 = CARTESIAN_POINT('',(1.25,0.,6.1));
#1394 = DIRECTION('',(0.,0.,-1.));
#1395 = DIRECTION('',(-1.,1.224646799147E-16,0.));
#1396 = ORIENTED_EDGE('',*,*,#1397,.F.);
#1397 = EDGE_CURVE('',#1398,#1389,#1400,.T.);
#1398 = VERTEX_POINT('',#1399);
#1399 = CARTESIAN_POINT('',(-0.954433033685,-5.E-02,6.1));
#1400 = CIRCLE('',#1401,2.205);
#1401 = AXIS2_PLACEMENT_3D('',#1402,#1403,#1404);
#1402 = CARTESIAN_POINT('',(1.25,0.,6.1));
#1403 = DIRECTION('',(0.,0.,-1.));
#1404 = DIRECTION('',(-1.,1.224646799147E-16,0.));
#1405 = ORIENTED_EDGE('',*,*,#1406,.F.);
#1406 = EDGE_CURVE('',#1407,#1398,#1409,.T.);
#1407 = VERTEX_POINT('',#1408);
#1408 = CARTESIAN_POINT('',(-0.954433033685,-5.000000000003E-02,6.2));
#1409 = LINE('',#1410,#1411);
#1410 = CARTESIAN_POINT('',(-0.954433033685,-5.E-02,6.));
#1411 = VECTOR('',#1412,1.);
#1412 = DIRECTION('',(0.,0.,-1.));
#1413 = ORIENTED_EDGE('',*,*,#1414,.T.);
#1414 = EDGE_CURVE('',#1407,#1415,#1417,.T.);
#1415 = VERTEX_POINT('',#1416);
#1416 = CARTESIAN_POINT('',(1.2,-2.204433033685,6.2));
#1417 = CIRCLE('',#1418,2.205);
#1418 = AXIS2_PLACEMENT_3D('',#1419,#1420,#1421);
#1419 = CARTESIAN_POINT('',(1.25,0.,6.2));
#1420 = DIRECTION('',(0.,0.,1.));
#1421 = DIRECTION('',(-1.,1.224646799147E-16,0.));
#1422 = ORIENTED_EDGE('',*,*,#1423,.T.);
#1423 = EDGE_CURVE('',#1415,#1424,#1426,.T.);
#1424 = VERTEX_POINT('',#1425);
#1425 = CARTESIAN_POINT('',(1.2,-2.204433033685,6.1));
#1426 = LINE('',#1427,#1428);
#1427 = CARTESIAN_POINT('',(1.2,-2.204433033685,6.));
#1428 = VECTOR('',#1429,1.);
#1429 = DIRECTION('',(0.,0.,-1.));
#1430 = ORIENTED_EDGE('',*,*,#1431,.F.);
#1431 = EDGE_CURVE('',#1432,#1424,#1434,.T.);
#1432 = VERTEX_POINT('',#1433);
#1433 = CARTESIAN_POINT('',(1.3,-2.204433033685,6.1));
#1434 = CIRCLE('',#1435,2.205);
#1435 = AXIS2_PLACEMENT_3D('',#1436,#1437,#1438);
#1436 = CARTESIAN_POINT('',(1.25,0.,6.1));
#1437 = DIRECTION('',(0.,0.,-1.));
#1438 = DIRECTION('',(-1.,1.224646799147E-16,0.));
#1439 = ORIENTED_EDGE('',*,*,#1440,.F.);
#1440 = EDGE_CURVE('',#1441,#1432,#1443,.T.);
#1441 = VERTEX_POINT('',#1442);
#1442 = CARTESIAN_POINT('',(1.3,-2.204433033685,6.2));
#1443 = LINE('',#1444,#1445);
#1444 = CARTESIAN_POINT('',(1.3,-2.204433033685,6.));
#1445 = VECTOR('',#1446,1.);
#1446 = DIRECTION('',(0.,0.,-1.));
#1447 = ORIENTED_EDGE('',*,*,#1448,.T.);
#1448 = EDGE_CURVE('',#1441,#1321,#1449,.T.);
#1449 = CIRCLE('',#1450,2.205);
#1450 = AXIS2_PLACEMENT_3D('',#1451,#1452,#1453);
#1451 = CARTESIAN_POINT('',(1.25,0.,6.2));
#1452 = DIRECTION('',(0.,0.,1.));
#1453 = DIRECTION('',(-1.,1.224646799147E-16,0.));
#1454 = CYLINDRICAL_SURFACE('',#1455,2.205);
#1455 = AXIS2_PLACEMENT_3D('',#1456,#1457,#1458);
#1456 = CARTESIAN_POINT('',(1.25,0.,6.3));
#1457 = DIRECTION('',(0.,0.,-1.));
#1458 = DIRECTION('',(0.923879532511,-0.382683432365,0.));
#1459 = ADVANCED_FACE('',(#1460),#1506,.F.);
#1460 = FACE_BOUND('',#1461,.F.);
#1461 = EDGE_LOOP('',(#1462,#1463,#1464,#1465,#1474,#1482,#1491,#1499));
#1462 = ORIENTED_EDGE('',*,*,#1329,.F.);
#1463 = ORIENTED_EDGE('',*,*,#1304,.T.);
#1464 = ORIENTED_EDGE('',*,*,#1320,.T.);
#1465 = ORIENTED_EDGE('',*,*,#1466,.T.);
#1466 = EDGE_CURVE('',#1321,#1467,#1469,.T.);
#1467 = VERTEX_POINT('',#1468);
#1468 = CARTESIAN_POINT('',(3.454433033685,-5.000000000005E-02,6.2));
#1469 = CIRCLE('',#1470,2.205);
#1470 = AXIS2_PLACEMENT_3D('',#1471,#1472,#1473);
#1471 = CARTESIAN_POINT('',(1.25,0.,6.2));
#1472 = DIRECTION('',(0.,0.,1.));
#1473 = DIRECTION('',(-1.,1.224646799147E-16,0.));
#1474 = ORIENTED_EDGE('',*,*,#1475,.T.);
#1475 = EDGE_CURVE('',#1467,#1476,#1478,.T.);
#1476 = VERTEX_POINT('',#1477);
#1477 = CARTESIAN_POINT('',(3.454433033685,-5.E-02,6.1));
#1478 = LINE('',#1479,#1480);
#1479 = CARTESIAN_POINT('',(3.454433033685,-5.E-02,6.));
#1480 = VECTOR('',#1481,1.);
#1481 = DIRECTION('',(0.,0.,-1.));
#1482 = ORIENTED_EDGE('',*,*,#1483,.F.);
#1483 = EDGE_CURVE('',#1484,#1476,#1486,.T.);
#1484 = VERTEX_POINT('',#1485);
#1485 = CARTESIAN_POINT('',(3.454433033685,5.E-02,6.1));
#1486 = CIRCLE('',#1487,2.205);
#1487 = AXIS2_PLACEMENT_3D('',#1488,#1489,#1490);
#1488 = CARTESIAN_POINT('',(1.25,0.,6.1));
#1489 = DIRECTION('',(0.,0.,-1.));
#1490 = DIRECTION('',(-1.,1.224646799147E-16,0.));
#1491 = ORIENTED_EDGE('',*,*,#1492,.F.);
#1492 = EDGE_CURVE('',#1493,#1484,#1495,.T.);
#1493 = VERTEX_POINT('',#1494);
#1494 = CARTESIAN_POINT('',(3.454433033685,5.000000000005E-02,6.2));
#1495 = LINE('',#1496,#1497);
#1496 = CARTESIAN_POINT('',(3.454433033685,5.E-02,6.));
#1497 = VECTOR('',#1498,1.);
#1498 = DIRECTION('',(0.,0.,-1.));
#1499 = ORIENTED_EDGE('',*,*,#1500,.T.);
#1500 = EDGE_CURVE('',#1493,#1330,#1501,.T.);
#1501 = CIRCLE('',#1502,2.205);
#1502 = AXIS2_PLACEMENT_3D('',#1503,#1504,#1505);
#1503 = CARTESIAN_POINT('',(1.25,0.,6.2));
#1504 = DIRECTION('',(0.,0.,1.));
#1505 = DIRECTION('',(-1.,1.224646799147E-16,0.));
#1506 = CYLINDRICAL_SURFACE('',#1507,2.205);
#1507 = AXIS2_PLACEMENT_3D('',#1508,#1509,#1510);
#1508 = CARTESIAN_POINT('',(1.25,0.,6.3));
#1509 = DIRECTION('',(0.,0.,-1.));
#1510 = DIRECTION('',(0.923879532511,0.382683432365,0.));
#1511 = ADVANCED_FACE('',(#1512),#1530,.T.);
#1512 = FACE_BOUND('',#1513,.T.);
#1513 = EDGE_LOOP('',(#1514,#1522,#1523,#1524));
#1514 = ORIENTED_EDGE('',*,*,#1515,.F.);
#1515 = EDGE_CURVE('',#1441,#1516,#1518,.T.);
#1516 = VERTEX_POINT('',#1517);
#1517 = CARTESIAN_POINT('',(1.3,-5.E-02,6.2));
#1518 = LINE('',#1519,#1520);
#1519 = CARTESIAN_POINT('',(1.3,-6.35,6.2));
#1520 = VECTOR('',#1521,1.);
#1521 = DIRECTION('',(1.224646799147E-16,1.,0.));
#1522 = ORIENTED_EDGE('',*,*,#1448,.T.);
#1523 = ORIENTED_EDGE('',*,*,#1466,.T.);
#1524 = ORIENTED_EDGE('',*,*,#1525,.F.);
#1525 = EDGE_CURVE('',#1516,#1467,#1526,.T.);
#1526 = LINE('',#1527,#1528);
#1527 = CARTESIAN_POINT('',(1.3,-5.E-02,6.2));
#1528 = VECTOR('',#1529,1.);
#1529 = DIRECTION('',(1.,-1.224646799147E-16,0.));
#1530 = PLANE('',#1531);
#1531 = AXIS2_PLACEMENT_3D('',#1532,#1533,#1534);
#1532 = CARTESIAN_POINT('',(1.25,-1.425463059326E-16,6.2));
#1533 = DIRECTION('',(1.203998759507E-48,-1.2517178869E-32,1.));
#1534 = DIRECTION('',(-1.224646799147E-16,-1.,-1.2517178869E-32));
#1535 = ADVANCED_FACE('',(#1536),#1554,.F.);
#1536 = FACE_BOUND('',#1537,.F.);
#1537 = EDGE_LOOP('',(#1538,#1539,#1540,#1548));
#1538 = ORIENTED_EDGE('',*,*,#1515,.F.);
#1539 = ORIENTED_EDGE('',*,*,#1440,.T.);
#1540 = ORIENTED_EDGE('',*,*,#1541,.T.);
#1541 = EDGE_CURVE('',#1432,#1542,#1544,.T.);
#1542 = VERTEX_POINT('',#1543);
#1543 = CARTESIAN_POINT('',(1.3,-5.E-02,6.1));
#1544 = LINE('',#1545,#1546);
#1545 = CARTESIAN_POINT('',(1.3,-6.35,6.1));
#1546 = VECTOR('',#1547,1.);
#1547 = DIRECTION('',(1.224646799147E-16,1.,0.));
#1548 = ORIENTED_EDGE('',*,*,#1549,.F.);
#1549 = EDGE_CURVE('',#1516,#1542,#1550,.T.);
#1550 = LINE('',#1551,#1552);
#1551 = CARTESIAN_POINT('',(1.3,-5.E-02,6.2));
#1552 = VECTOR('',#1553,1.);
#1553 = DIRECTION('',(-1.203998759507E-48,1.2517178869E-32,-1.));
#1554 = PLANE('',#1555);
#1555 = AXIS2_PLACEMENT_3D('',#1556,#1557,#1558);
#1556 = CARTESIAN_POINT('',(1.3,-6.35,6.2));
#1557 = DIRECTION('',(1.,-1.224646799147E-16,-2.736911063134E-48));
#1558 = DIRECTION('',(1.224646799147E-16,1.,0.));
#1559 = ADVANCED_FACE('',(#1560),#1578,.T.);
#1560 = FACE_BOUND('',#1561,.T.);
#1561 = EDGE_LOOP('',(#1562,#1563,#1564,#1572));
#1562 = ORIENTED_EDGE('',*,*,#1500,.T.);
#1563 = ORIENTED_EDGE('',*,*,#1337,.T.);
#1564 = ORIENTED_EDGE('',*,*,#1565,.F.);
#1565 = EDGE_CURVE('',#1566,#1338,#1568,.T.);
#1566 = VERTEX_POINT('',#1567);
#1567 = CARTESIAN_POINT('',(1.3,5.E-02,6.2));
#1568 = LINE('',#1569,#1570);
#1569 = CARTESIAN_POINT('',(1.3,5.E-02,6.2));
#1570 = VECTOR('',#1571,1.);
#1571 = DIRECTION('',(1.224646799147E-16,1.,0.));
#1572 = ORIENTED_EDGE('',*,*,#1573,.F.);
#1573 = EDGE_CURVE('',#1493,#1566,#1574,.T.);
#1574 = LINE('',#1575,#1576);
#1575 = CARTESIAN_POINT('',(7.6,5.E-02,6.2));
#1576 = VECTOR('',#1577,1.);
#1577 = DIRECTION('',(-1.,1.224646799147E-16,0.));
#1578 = PLANE('',#1579);
#1579 = AXIS2_PLACEMENT_3D('',#1580,#1581,#1582);
#1580 = CARTESIAN_POINT('',(1.25,-1.425463059326E-16,6.2));
#1581 = DIRECTION('',(1.203998759507E-48,-1.2517178869E-32,1.));
#1582 = DIRECTION('',(-1.224646799147E-16,-1.,-1.2517178869E-32));
#1583 = ADVANCED_FACE('',(#1584),#1640,.T.);
#1584 = FACE_BOUND('',#1585,.T.);
#1585 = EDGE_LOOP('',(#1586,#1594,#1600,#1601,#1602,#1608,#1609,#1617,
    #1623,#1624,#1632,#1638,#1639));
#1586 = ORIENTED_EDGE('',*,*,#1587,.T.);
#1587 = EDGE_CURVE('',#1398,#1588,#1590,.T.);
#1588 = VERTEX_POINT('',#1589);
#1589 = CARTESIAN_POINT('',(1.2,-5.E-02,6.1));
#1590 = LINE('',#1591,#1592);
#1591 = CARTESIAN_POINT('',(-5.1,-5.E-02,6.1));
#1592 = VECTOR('',#1593,1.);
#1593 = DIRECTION('',(1.,-1.059435039531E-16,0.));
#1594 = ORIENTED_EDGE('',*,*,#1595,.T.);
#1595 = EDGE_CURVE('',#1588,#1424,#1596,.T.);
#1596 = LINE('',#1597,#1598);
#1597 = CARTESIAN_POINT('',(1.2,-5.E-02,6.1));
#1598 = VECTOR('',#1599,1.);
#1599 = DIRECTION('',(-1.224646799147E-16,-1.,0.));
#1600 = ORIENTED_EDGE('',*,*,#1431,.F.);
#1601 = ORIENTED_EDGE('',*,*,#1541,.T.);
#1602 = ORIENTED_EDGE('',*,*,#1603,.T.);
#1603 = EDGE_CURVE('',#1542,#1476,#1604,.T.);
#1604 = LINE('',#1605,#1606);
#1605 = CARTESIAN_POINT('',(1.3,-5.E-02,6.1));
#1606 = VECTOR('',#1607,1.);
#1607 = DIRECTION('',(1.,-1.224646799147E-16,0.));
#1608 = ORIENTED_EDGE('',*,*,#1483,.F.);
#1609 = ORIENTED_EDGE('',*,*,#1610,.T.);
#1610 = EDGE_CURVE('',#1484,#1611,#1613,.T.);
#1611 = VERTEX_POINT('',#1612);
#1612 = CARTESIAN_POINT('',(1.3,5.E-02,6.1));
#1613 = LINE('',#1614,#1615);
#1614 = CARTESIAN_POINT('',(7.6,5.E-02,6.1));
#1615 = VECTOR('',#1616,1.);
#1616 = DIRECTION('',(-1.,1.224646799147E-16,0.));
#1617 = ORIENTED_EDGE('',*,*,#1618,.T.);
#1618 = EDGE_CURVE('',#1611,#1347,#1619,.T.);
#1619 = LINE('',#1620,#1621);
#1620 = CARTESIAN_POINT('',(1.3,5.E-02,6.1));
#1621 = VECTOR('',#1622,1.);
#1622 = DIRECTION('',(1.224646799147E-16,1.,0.));
#1623 = ORIENTED_EDGE('',*,*,#1354,.F.);
#1624 = ORIENTED_EDGE('',*,*,#1625,.T.);
#1625 = EDGE_CURVE('',#1355,#1626,#1628,.T.);
#1626 = VERTEX_POINT('',#1627);
#1627 = CARTESIAN_POINT('',(1.2,5.E-02,6.1));
#1628 = LINE('',#1629,#1630);
#1629 = CARTESIAN_POINT('',(1.2,6.35,6.1));
#1630 = VECTOR('',#1631,1.);
#1631 = DIRECTION('',(-1.224646799147E-16,-1.,0.));
#1632 = ORIENTED_EDGE('',*,*,#1633,.T.);
#1633 = EDGE_CURVE('',#1626,#1381,#1634,.T.);
#1634 = LINE('',#1635,#1636);
#1635 = CARTESIAN_POINT('',(1.2,5.E-02,6.1));
#1636 = VECTOR('',#1637,1.);
#1637 = DIRECTION('',(-1.,1.224646799147E-16,0.));
#1638 = ORIENTED_EDGE('',*,*,#1388,.F.);
#1639 = ORIENTED_EDGE('',*,*,#1397,.F.);
#1640 = PLANE('',#1641);
#1641 = AXIS2_PLACEMENT_3D('',#1642,#1643,#1644);
#1642 = CARTESIAN_POINT('',(1.25,-2.622574073918E-17,6.1));
#1643 = DIRECTION('',(3.196558030834E-32,8.145581993865E-32,1.));
#1644 = DIRECTION('',(-1.224646799147E-16,-1.,8.145581993865E-32));
#1645 = ADVANCED_FACE('',(#1646),#1657,.F.);
#1646 = FACE_BOUND('',#1647,.F.);
#1647 = EDGE_LOOP('',(#1648,#1649,#1655,#1656));
#1648 = ORIENTED_EDGE('',*,*,#1565,.F.);
#1649 = ORIENTED_EDGE('',*,*,#1650,.T.);
#1650 = EDGE_CURVE('',#1566,#1611,#1651,.T.);
#1651 = LINE('',#1652,#1653);
#1652 = CARTESIAN_POINT('',(1.3,5.E-02,6.2));
#1653 = VECTOR('',#1654,1.);
#1654 = DIRECTION('',(-1.203998759507E-48,1.2517178869E-32,-1.));
#1655 = ORIENTED_EDGE('',*,*,#1618,.T.);
#1656 = ORIENTED_EDGE('',*,*,#1346,.F.);
#1657 = PLANE('',#1658);
#1658 = AXIS2_PLACEMENT_3D('',#1659,#1660,#1661);
#1659 = CARTESIAN_POINT('',(1.3,5.E-02,6.2));
#1660 = DIRECTION('',(1.,-1.224646799147E-16,-2.736911063134E-48));
#1661 = DIRECTION('',(1.224646799147E-16,1.,0.));
#1662 = ADVANCED_FACE('',(#1663),#1681,.F.);
#1663 = FACE_BOUND('',#1664,.F.);
#1664 = EDGE_LOOP('',(#1665,#1673,#1679,#1680));
#1665 = ORIENTED_EDGE('',*,*,#1666,.F.);
#1666 = EDGE_CURVE('',#1667,#1415,#1669,.T.);
#1667 = VERTEX_POINT('',#1668);
#1668 = CARTESIAN_POINT('',(1.2,-5.E-02,6.2));
#1669 = LINE('',#1670,#1671);
#1670 = CARTESIAN_POINT('',(1.2,-5.E-02,6.2));
#1671 = VECTOR('',#1672,1.);
#1672 = DIRECTION('',(-1.224646799147E-16,-1.,0.));
#1673 = ORIENTED_EDGE('',*,*,#1674,.T.);
#1674 = EDGE_CURVE('',#1667,#1588,#1675,.T.);
#1675 = LINE('',#1676,#1677);
#1676 = CARTESIAN_POINT('',(1.2,-5.E-02,6.2));
#1677 = VECTOR('',#1678,1.);
#1678 = DIRECTION('',(-1.203998759507E-48,1.2517178869E-32,-1.));
#1679 = ORIENTED_EDGE('',*,*,#1595,.T.);
#1680 = ORIENTED_EDGE('',*,*,#1423,.F.);
#1681 = PLANE('',#1682);
#1682 = AXIS2_PLACEMENT_3D('',#1683,#1684,#1685);
#1683 = CARTESIAN_POINT('',(1.2,-5.E-02,6.2));
#1684 = DIRECTION('',(-1.,1.224646799147E-16,2.736911063134E-48));
#1685 = DIRECTION('',(-1.224646799147E-16,-1.,0.));
#1686 = ADVANCED_FACE('',(#1687),#1697,.T.);
#1687 = FACE_BOUND('',#1688,.T.);
#1688 = EDGE_LOOP('',(#1689,#1695,#1696));
#1689 = ORIENTED_EDGE('',*,*,#1690,.F.);
#1690 = EDGE_CURVE('',#1407,#1667,#1691,.T.);
#1691 = LINE('',#1692,#1693);
#1692 = CARTESIAN_POINT('',(-5.1,-5.E-02,6.2));
#1693 = VECTOR('',#1694,1.);
#1694 = DIRECTION('',(1.,-1.059435039531E-16,0.));
#1695 = ORIENTED_EDGE('',*,*,#1414,.T.);
#1696 = ORIENTED_EDGE('',*,*,#1666,.F.);
#1697 = PLANE('',#1698);
#1698 = AXIS2_PLACEMENT_3D('',#1699,#1700,#1701);
#1699 = CARTESIAN_POINT('',(1.25,-1.425463059326E-16,6.2));
#1700 = DIRECTION('',(1.203998759507E-48,-1.2517178869E-32,1.));
#1701 = DIRECTION('',(-1.224646799147E-16,-1.,-1.2517178869E-32));
#1702 = ADVANCED_FACE('',(#1703),#1721,.F.);
#1703 = FACE_BOUND('',#1704,.F.);
#1704 = EDGE_LOOP('',(#1705,#1713,#1714,#1715));
#1705 = ORIENTED_EDGE('',*,*,#1706,.F.);
#1706 = EDGE_CURVE('',#1364,#1707,#1709,.T.);
#1707 = VERTEX_POINT('',#1708);
#1708 = CARTESIAN_POINT('',(1.2,5.E-02,6.2));
#1709 = LINE('',#1710,#1711);
#1710 = CARTESIAN_POINT('',(1.2,6.35,6.2));
#1711 = VECTOR('',#1712,1.);
#1712 = DIRECTION('',(-1.224646799147E-16,-1.,0.));
#1713 = ORIENTED_EDGE('',*,*,#1363,.T.);
#1714 = ORIENTED_EDGE('',*,*,#1625,.T.);
#1715 = ORIENTED_EDGE('',*,*,#1716,.F.);
#1716 = EDGE_CURVE('',#1707,#1626,#1717,.T.);
#1717 = LINE('',#1718,#1719);
#1718 = CARTESIAN_POINT('',(1.2,5.E-02,6.2));
#1719 = VECTOR('',#1720,1.);
#1720 = DIRECTION('',(-1.203998759507E-48,1.2517178869E-32,-1.));
#1721 = PLANE('',#1722);
#1722 = AXIS2_PLACEMENT_3D('',#1723,#1724,#1725);
#1723 = CARTESIAN_POINT('',(1.2,6.35,6.2));
#1724 = DIRECTION('',(-1.,1.224646799147E-16,2.736911063134E-48));
#1725 = DIRECTION('',(-1.224646799147E-16,-1.,0.));
#1726 = ADVANCED_FACE('',(#1727),#1733,.F.);
#1727 = FACE_BOUND('',#1728,.F.);
#1728 = EDGE_LOOP('',(#1729,#1730,#1731,#1732));
#1729 = ORIENTED_EDGE('',*,*,#1690,.F.);
#1730 = ORIENTED_EDGE('',*,*,#1406,.T.);
#1731 = ORIENTED_EDGE('',*,*,#1587,.T.);
#1732 = ORIENTED_EDGE('',*,*,#1674,.F.);
#1733 = PLANE('',#1734);
#1734 = AXIS2_PLACEMENT_3D('',#1735,#1736,#1737);
#1735 = CARTESIAN_POINT('',(-5.1,-5.E-02,6.2));
#1736 = DIRECTION('',(-1.059435039531E-16,-1.,-1.2517178869E-32));
#1737 = DIRECTION('',(1.,-1.059435039531E-16,0.));
#1738 = ADVANCED_FACE('',(#1739),#1749,.T.);
#1739 = FACE_BOUND('',#1740,.T.);
#1740 = EDGE_LOOP('',(#1741,#1742,#1748));
#1741 = ORIENTED_EDGE('',*,*,#1371,.T.);
#1742 = ORIENTED_EDGE('',*,*,#1743,.F.);
#1743 = EDGE_CURVE('',#1707,#1372,#1744,.T.);
#1744 = LINE('',#1745,#1746);
#1745 = CARTESIAN_POINT('',(1.2,5.E-02,6.2));
#1746 = VECTOR('',#1747,1.);
#1747 = DIRECTION('',(-1.,1.224646799147E-16,0.));
#1748 = ORIENTED_EDGE('',*,*,#1706,.F.);
#1749 = PLANE('',#1750);
#1750 = AXIS2_PLACEMENT_3D('',#1751,#1752,#1753);
#1751 = CARTESIAN_POINT('',(1.25,-1.425463059326E-16,6.2));
#1752 = DIRECTION('',(1.203998759507E-48,-1.2517178869E-32,1.));
#1753 = DIRECTION('',(-1.224646799147E-16,-1.,-1.2517178869E-32));
#1754 = ADVANCED_FACE('',(#1755),#1761,.F.);
#1755 = FACE_BOUND('',#1756,.F.);
#1756 = EDGE_LOOP('',(#1757,#1758,#1759,#1760));
#1757 = ORIENTED_EDGE('',*,*,#1743,.F.);
#1758 = ORIENTED_EDGE('',*,*,#1716,.T.);
#1759 = ORIENTED_EDGE('',*,*,#1633,.T.);
#1760 = ORIENTED_EDGE('',*,*,#1380,.F.);
#1761 = PLANE('',#1762);
#1762 = AXIS2_PLACEMENT_3D('',#1763,#1764,#1765);
#1763 = CARTESIAN_POINT('',(1.2,5.E-02,6.2));
#1764 = DIRECTION('',(1.224646799147E-16,1.,1.2517178869E-32));
#1765 = DIRECTION('',(-1.,1.224646799147E-16,0.));
#1766 = ADVANCED_FACE('',(#1767),#1773,.F.);
#1767 = FACE_BOUND('',#1768,.F.);
#1768 = EDGE_LOOP('',(#1769,#1770,#1771,#1772));
#1769 = ORIENTED_EDGE('',*,*,#1573,.F.);
#1770 = ORIENTED_EDGE('',*,*,#1492,.T.);
#1771 = ORIENTED_EDGE('',*,*,#1610,.T.);
#1772 = ORIENTED_EDGE('',*,*,#1650,.F.);
#1773 = PLANE('',#1774);
#1774 = AXIS2_PLACEMENT_3D('',#1775,#1776,#1777);
#1775 = CARTESIAN_POINT('',(7.6,5.E-02,6.2));
#1776 = DIRECTION('',(1.224646799147E-16,1.,1.2517178869E-32));
#1777 = DIRECTION('',(-1.,1.224646799147E-16,0.));
#1778 = ADVANCED_FACE('',(#1779),#1785,.F.);
#1779 = FACE_BOUND('',#1780,.F.);
#1780 = EDGE_LOOP('',(#1781,#1782,#1783,#1784));
#1781 = ORIENTED_EDGE('',*,*,#1525,.F.);
#1782 = ORIENTED_EDGE('',*,*,#1549,.T.);
#1783 = ORIENTED_EDGE('',*,*,#1603,.T.);
#1784 = ORIENTED_EDGE('',*,*,#1475,.F.);
#1785 = PLANE('',#1786);
#1786 = AXIS2_PLACEMENT_3D('',#1787,#1788,#1789);
#1787 = CARTESIAN_POINT('',(1.3,-5.E-02,6.2));
#1788 = DIRECTION('',(-1.224646799147E-16,-1.,-1.2517178869E-32));
#1789 = DIRECTION('',(1.,-1.224646799147E-16,0.));
#1790 = ORIENTED_CLOSED_SHELL('',*,#1791,.F.);
#1791 = CLOSED_SHELL('',(#1792,#1825,#1857,#1874,#1901));
#1792 = ADVANCED_FACE('',(#1793),#1820,.T.);
#1793 = FACE_BOUND('',#1794,.T.);
#1794 = EDGE_LOOP('',(#1795,#1806,#1814));
#1795 = ORIENTED_EDGE('',*,*,#1796,.T.);
#1796 = EDGE_CURVE('',#1797,#1799,#1801,.T.);
#1797 = VERTEX_POINT('',#1798);
#1798 = CARTESIAN_POINT('',(3.287154369187,0.843816968365,5.9));
#1799 = VERTEX_POINT('',#1800);
#1800 = CARTESIAN_POINT('',(3.287154369187,-0.843816968365,5.9));
#1801 = CIRCLE('',#1802,2.205);
#1802 = AXIS2_PLACEMENT_3D('',#1803,#1804,#1805);
#1803 = CARTESIAN_POINT('',(1.25,0.,5.9));
#1804 = DIRECTION('',(0.,0.,-1.));
#1805 = DIRECTION('',(0.923879532511,0.382683432365,0.));
#1806 = ORIENTED_EDGE('',*,*,#1807,.T.);
#1807 = EDGE_CURVE('',#1799,#1808,#1810,.T.);
#1808 = VERTEX_POINT('',#1809);
#1809 = CARTESIAN_POINT('',(1.25,0.,5.9));
#1810 = LINE('',#1811,#1812);
#1811 = CARTESIAN_POINT('',(3.287154369187,-0.843816968365,5.9));
#1812 = VECTOR('',#1813,1.);
#1813 = DIRECTION('',(-0.923879532511,0.382683432365,0.));
#1814 = ORIENTED_EDGE('',*,*,#1815,.F.);
#1815 = EDGE_CURVE('',#1797,#1808,#1816,.T.);
#1816 = LINE('',#1817,#1818);
#1817 = CARTESIAN_POINT('',(3.287154369187,0.843816968365,5.9));
#1818 = VECTOR('',#1819,1.);
#1819 = DIRECTION('',(-0.923879532511,-0.382683432365,0.));
#1820 = PLANE('',#1821);
#1821 = AXIS2_PLACEMENT_3D('',#1822,#1823,#1824);
#1822 = CARTESIAN_POINT('',(1.25,0.,5.9));
#1823 = DIRECTION('',(0.,0.,-1.));
#1824 = DIRECTION('',(0.923879532511,0.382683432365,0.));
#1825 = ADVANCED_FACE('',(#1826),#1852,.T.);
#1826 = FACE_BOUND('',#1827,.T.);
#1827 = EDGE_LOOP('',(#1828,#1836,#1845,#1851));
#1828 = ORIENTED_EDGE('',*,*,#1829,.F.);
#1829 = EDGE_CURVE('',#1830,#1797,#1832,.T.);
#1830 = VERTEX_POINT('',#1831);
#1831 = CARTESIAN_POINT('',(3.287154369187,0.843816968365,6.));
#1832 = LINE('',#1833,#1834);
#1833 = CARTESIAN_POINT('',(3.287154369187,0.843816968365,6.3));
#1834 = VECTOR('',#1835,1.);
#1835 = DIRECTION('',(0.,0.,-1.));
#1836 = ORIENTED_EDGE('',*,*,#1837,.F.);
#1837 = EDGE_CURVE('',#1838,#1830,#1840,.T.);
#1838 = VERTEX_POINT('',#1839);
#1839 = CARTESIAN_POINT('',(3.287154369187,-0.843816968365,6.));
#1840 = CIRCLE('',#1841,2.205);
#1841 = AXIS2_PLACEMENT_3D('',#1842,#1843,#1844);
#1842 = CARTESIAN_POINT('',(1.25,0.,6.));
#1843 = DIRECTION('',(0.,0.,1.));
#1844 = DIRECTION('',(-1.,1.224646799147E-16,0.));
#1845 = ORIENTED_EDGE('',*,*,#1846,.T.);
#1846 = EDGE_CURVE('',#1838,#1799,#1847,.T.);
#1847 = LINE('',#1848,#1849);
#1848 = CARTESIAN_POINT('',(3.287154369187,-0.843816968365,6.3));
#1849 = VECTOR('',#1850,1.);
#1850 = DIRECTION('',(0.,0.,-1.));
#1851 = ORIENTED_EDGE('',*,*,#1796,.F.);
#1852 = CYLINDRICAL_SURFACE('',#1853,2.205);
#1853 = AXIS2_PLACEMENT_3D('',#1854,#1855,#1856);
#1854 = CARTESIAN_POINT('',(1.25,0.,6.3));
#1855 = DIRECTION('',(0.,0.,-1.));
#1856 = DIRECTION('',(0.923879532511,0.382683432365,0.));
#1857 = ADVANCED_FACE('',(#1858),#1869,.T.);
#1858 = FACE_BOUND('',#1859,.T.);
#1859 = EDGE_LOOP('',(#1860,#1867,#1868));
#1860 = ORIENTED_EDGE('',*,*,#1861,.T.);
#1861 = EDGE_CURVE('',#1799,#1797,#1862,.T.);
#1862 = CIRCLE('',#1863,2.205);
#1863 = AXIS2_PLACEMENT_3D('',#1864,#1865,#1866);
#1864 = CARTESIAN_POINT('',(1.25,0.,5.9));
#1865 = DIRECTION('',(0.,-0.,-1.));
#1866 = DIRECTION('',(0.923879532511,-0.382683432365,0.));
#1867 = ORIENTED_EDGE('',*,*,#1815,.T.);
#1868 = ORIENTED_EDGE('',*,*,#1807,.F.);
#1869 = PLANE('',#1870);
#1870 = AXIS2_PLACEMENT_3D('',#1871,#1872,#1873);
#1871 = CARTESIAN_POINT('',(1.25,0.,5.9));
#1872 = DIRECTION('',(0.,0.,-1.));
#1873 = DIRECTION('',(0.923879532511,-0.382683432365,0.));
#1874 = ADVANCED_FACE('',(#1875),#1896,.T.);
#1875 = FACE_BOUND('',#1876,.T.);
#1876 = EDGE_LOOP('',(#1877,#1878,#1887,#1894,#1895));
#1877 = ORIENTED_EDGE('',*,*,#1846,.F.);
#1878 = ORIENTED_EDGE('',*,*,#1879,.F.);
#1879 = EDGE_CURVE('',#1880,#1838,#1882,.T.);
#1880 = VERTEX_POINT('',#1881);
#1881 = CARTESIAN_POINT('',(-0.955,2.70034619212E-16,6.));
#1882 = CIRCLE('',#1883,2.205);
#1883 = AXIS2_PLACEMENT_3D('',#1884,#1885,#1886);
#1884 = CARTESIAN_POINT('',(1.25,0.,6.));
#1885 = DIRECTION('',(0.,0.,1.));
#1886 = DIRECTION('',(-1.,1.224646799147E-16,0.));
#1887 = ORIENTED_EDGE('',*,*,#1888,.F.);
#1888 = EDGE_CURVE('',#1830,#1880,#1889,.T.);
#1889 = CIRCLE('',#1890,2.205);
#1890 = AXIS2_PLACEMENT_3D('',#1891,#1892,#1893);
#1891 = CARTESIAN_POINT('',(1.25,0.,6.));
#1892 = DIRECTION('',(0.,0.,1.));
#1893 = DIRECTION('',(-1.,1.224646799147E-16,0.));
#1894 = ORIENTED_EDGE('',*,*,#1829,.T.);
#1895 = ORIENTED_EDGE('',*,*,#1861,.F.);
#1896 = CYLINDRICAL_SURFACE('',#1897,2.205);
#1897 = AXIS2_PLACEMENT_3D('',#1898,#1899,#1900);
#1898 = CARTESIAN_POINT('',(1.25,0.,6.3));
#1899 = DIRECTION('',(0.,0.,-1.));
#1900 = DIRECTION('',(0.923879532511,-0.382683432365,0.));
#1901 = ADVANCED_FACE('',(#1902),#1907,.T.);
#1902 = FACE_BOUND('',#1903,.T.);
#1903 = EDGE_LOOP('',(#1904,#1905,#1906));
#1904 = ORIENTED_EDGE('',*,*,#1879,.T.);
#1905 = ORIENTED_EDGE('',*,*,#1837,.T.);
#1906 = ORIENTED_EDGE('',*,*,#1888,.T.);
#1907 = PLANE('',#1908);
#1908 = AXIS2_PLACEMENT_3D('',#1909,#1910,#1911);
#1909 = CARTESIAN_POINT('',(1.25,-1.425463059326E-16,6.));
#1910 = DIRECTION('',(1.203998759507E-48,-1.2517178869E-32,1.));
#1911 = DIRECTION('',(-1.224646799147E-16,-1.,-1.2517178869E-32));
#1912 = ( GEOMETRIC_REPRESENTATION_CONTEXT(3) 
GLOBAL_UNCERTAINTY_ASSIGNED_CONTEXT((#1916)) 
GLOBAL_UNIT_ASSIGNED_CONTEXT((#1913,#1914,#1915)) REPRESENTATION_CONTEXT
('Context #1','3D Context with UNIT and UNCERTAINTY') );
#1913 = ( LENGTH_UNIT() NAMED_UNIT(*) SI_UNIT(.MILLI.,.METRE.) );
#1914 = ( NAMED_UNIT(*) PLANE_ANGLE_UNIT() SI_UNIT($,.RADIAN.) );
#1915 = ( NAMED_UNIT(*) SI_UNIT($,.STERADIAN.) SOLID_ANGLE_UNIT() );
#1916 = UNCERTAINTY_MEASURE_WITH_UNIT(LENGTH_MEASURE(1.E-06),#1913,
  'distance_accuracy_value','confusion accuracy');
#1917 = CONTEXT_DEPENDENT_SHAPE_REPRESENTATION(#1918,#1920);
#1918 = ( REPRESENTATION_RELATIONSHIP('','',#87,#64) 
REPRESENTATION_RELATIONSHIP_WITH_TRANSFORMATION(#1919) 
SHAPE_REPRESENTATION_RELATIONSHIP() );
#1919 = ITEM_DEFINED_TRANSFORMATION('','',#11,#65);
#1920 = PRODUCT_DEFINITION_SHAPE('Placement','Placement of an item',
  #1921);
#1921 = NEXT_ASSEMBLY_USAGE_OCCURRENCE('1','=>[0:1:1:3]','',#59,#82,$);
#1922 = PRODUCT_RELATED_PRODUCT_CATEGORY('part',$,(#84));
#1923 = SHAPE_DEFINITION_REPRESENTATION(#1924,#1930);
#1924 = PRODUCT_DEFINITION_SHAPE('','',#1925);
#1925 = PRODUCT_DEFINITION('design','',#1926,#1929);
#1926 = PRODUCT_DEFINITION_FORMATION('','',#1927);
#1927 = PRODUCT('PinHeader_1x03_P2.54mm_Vertical',
  'PinHeader_1x03_P2.54mm_Vertical','',(#1928));
#1928 = PRODUCT_CONTEXT('',#2,'mechanical');
#1929 = PRODUCT_DEFINITION_CONTEXT('part definition',#2,'design');
#1930 = SHAPE_REPRESENTATION('',(#11,#1931),#1935);
#1931 = AXIS2_PLACEMENT_3D('',#1932,#1933,#1934);
#1932 = CARTESIAN_POINT('',(0.,0.,0.));
#1933 = DIRECTION('',(0.,0.,1.));
#1934 = DIRECTION('',(1.,0.,-0.));
#1935 = ( GEOMETRIC_REPRESENTATION_CONTEXT(3) 
GLOBAL_UNCERTAINTY_ASSIGNED_CONTEXT((#1939)) 
GLOBAL_UNIT_ASSIGNED_CONTEXT((#1936,#1937,#1938)) REPRESENTATION_CONTEXT
('Context #1','3D Context with UNIT and UNCERTAINTY') );
#1936 = ( LENGTH_UNIT() NAMED_UNIT(*) SI_UNIT(.MILLI.,.METRE.) );
#1937 = ( NAMED_UNIT(*) PLANE_ANGLE_UNIT() SI_UNIT($,.RADIAN.) );
#1938 = ( NAMED_UNIT(*) SI_UNIT($,.STERADIAN.) SOLID_ANGLE_UNIT() );
#1939 = UNCERTAINTY_MEASURE_WITH_UNIT(LENGTH_MEASURE(1.E-07),#1936,
  'distance_accuracy_value','confusion accuracy');
#1940 = CONTEXT_DEPENDENT_SHAPE_REPRESENTATION(#1941,#1943);
#1941 = ( REPRESENTATION_RELATIONSHIP('','',#1930,#10) 
REPRESENTATION_RELATIONSHIP_WITH_TRANSFORMATION(#1942) 
SHAPE_REPRESENTATION_RELATIONSHIP() );
#1942 = ITEM_DEFINED_TRANSFORMATION('','',#11,#19);
#1943 = PRODUCT_DEFINITION_SHAPE('Placement','Placement of an item',
  #1944);
#1944 = NEXT_ASSEMBLY_USAGE_OCCURRENCE('4','J5','',#5,#1925,$);
#1945 = PRODUCT_RELATED_PRODUCT_CATEGORY('part',$,(#1927));
#1946 = SHAPE_DEFINITION_REPRESENTATION(#1947,#1953);
#1947 = PRODUCT_DEFINITION_SHAPE('','',#1948);
#1948 = PRODUCT_DEFINITION('design','',#1949,#1952);
#1949 = PRODUCT_DEFINITION_FORMATION('','',#1950);
#1950 = PRODUCT('PinHeader_1x03_P254mm_Vertical',
  'PinHeader_1x03_P254mm_Vertical','',(#1951));
#1951 = PRODUCT_CONTEXT('',#2,'mechanical');
#1952 = PRODUCT_DEFINITION_CONTEXT('part definition',#2,'design');
#1953 = ADVANCED_BREP_SHAPE_REPRESENTATION('',(#11,#1954),#4060);
#1954 = MANIFOLD_SOLID_BREP('',#1955);
#1955 = CLOSED_SHELL('',(#1956,#1996,#2027,#2058,#2305,#2552,#2569,#2586
    ,#2603,#2620,#2637,#2654,#2671,#2688,#2705,#2722,#2739,#2756,#2773,
    #2790,#2807,#2824,#2836,#2867,#2891,#2915,#2932,#2963,#2987,#3011,
    #3028,#3059,#3083,#3107,#3124,#3155,#3179,#3203,#3220,#3251,#3275,
    #3299,#3316,#3347,#3371,#3395,#3412,#3443,#3467,#3491,#3508,#3539,
    #3563,#3587,#3604,#3635,#3659,#3683,#3700,#3731,#3755,#3779,#3796,
    #3827,#3851,#3875,#3892,#3923,#3947,#3971,#3988,#4000,#4012,#4024,
    #4036,#4048));
#1956 = ADVANCED_FACE('',(#1957),#1991,.F.);
#1957 = FACE_BOUND('',#1958,.F.);
#1958 = EDGE_LOOP('',(#1959,#1969,#1977,#1985));
#1959 = ORIENTED_EDGE('',*,*,#1960,.T.);
#1960 = EDGE_CURVE('',#1961,#1963,#1965,.T.);
#1961 = VERTEX_POINT('',#1962);
#1962 = CARTESIAN_POINT('',(-1.016,1.27,0.));
#1963 = VERTEX_POINT('',#1964);
#1964 = CARTESIAN_POINT('',(-1.016,1.27,2.54));
#1965 = LINE('',#1966,#1967);
#1966 = CARTESIAN_POINT('',(-1.016,1.27,0.));
#1967 = VECTOR('',#1968,1.);
#1968 = DIRECTION('',(0.,0.,1.));
#1969 = ORIENTED_EDGE('',*,*,#1970,.T.);
#1970 = EDGE_CURVE('',#1963,#1971,#1973,.T.);
#1971 = VERTEX_POINT('',#1972);
#1972 = CARTESIAN_POINT('',(-1.27,1.016,2.54));
#1973 = LINE('',#1974,#1975);
#1974 = CARTESIAN_POINT('',(-1.016,1.27,2.54));
#1975 = VECTOR('',#1976,1.);
#1976 = DIRECTION('',(-0.707106781187,-0.707106781187,0.));
#1977 = ORIENTED_EDGE('',*,*,#1978,.F.);
#1978 = EDGE_CURVE('',#1979,#1971,#1981,.T.);
#1979 = VERTEX_POINT('',#1980);
#1980 = CARTESIAN_POINT('',(-1.27,1.016,0.));
#1981 = LINE('',#1982,#1983);
#1982 = CARTESIAN_POINT('',(-1.27,1.016,0.));
#1983 = VECTOR('',#1984,1.);
#1984 = DIRECTION('',(0.,0.,1.));
#1985 = ORIENTED_EDGE('',*,*,#1986,.F.);
#1986 = EDGE_CURVE('',#1961,#1979,#1987,.T.);
#1987 = LINE('',#1988,#1989);
#1988 = CARTESIAN_POINT('',(-1.016,1.27,0.));
#1989 = VECTOR('',#1990,1.);
#1990 = DIRECTION('',(-0.707106781187,-0.707106781187,0.));
#1991 = PLANE('',#1992);
#1992 = AXIS2_PLACEMENT_3D('',#1993,#1994,#1995);
#1993 = CARTESIAN_POINT('',(-1.016,1.27,0.));
#1994 = DIRECTION('',(0.707106781187,-0.707106781187,0.));
#1995 = DIRECTION('',(-0.707106781187,-0.707106781187,0.));
#1996 = ADVANCED_FACE('',(#1997),#2022,.F.);
#1997 = FACE_BOUND('',#1998,.F.);
#1998 = EDGE_LOOP('',(#1999,#2009,#2015,#2016));
#1999 = ORIENTED_EDGE('',*,*,#2000,.T.);
#2000 = EDGE_CURVE('',#2001,#2003,#2005,.T.);
#2001 = VERTEX_POINT('',#2002);
#2002 = CARTESIAN_POINT('',(1.016,1.27,0.));
#2003 = VERTEX_POINT('',#2004);
#2004 = CARTESIAN_POINT('',(1.016,1.27,2.54));
#2005 = LINE('',#2006,#2007);
#2006 = CARTESIAN_POINT('',(1.016,1.27,0.));
#2007 = VECTOR('',#2008,1.);
#2008 = DIRECTION('',(0.,0.,1.));
#2009 = ORIENTED_EDGE('',*,*,#2010,.T.);
#2010 = EDGE_CURVE('',#2003,#1963,#2011,.T.);
#2011 = LINE('',#2012,#2013);
#2012 = CARTESIAN_POINT('',(1.016,1.27,2.54));
#2013 = VECTOR('',#2014,1.);
#2014 = DIRECTION('',(-1.,0.,0.));
#2015 = ORIENTED_EDGE('',*,*,#1960,.F.);
#2016 = ORIENTED_EDGE('',*,*,#2017,.F.);
#2017 = EDGE_CURVE('',#2001,#1961,#2018,.T.);
#2018 = LINE('',#2019,#2020);
#2019 = CARTESIAN_POINT('',(1.016,1.27,0.));
#2020 = VECTOR('',#2021,1.);
#2021 = DIRECTION('',(-1.,0.,0.));
#2022 = PLANE('',#2023);
#2023 = AXIS2_PLACEMENT_3D('',#2024,#2025,#2026);
#2024 = CARTESIAN_POINT('',(1.016,1.27,0.));
#2025 = DIRECTION('',(0.,-1.,0.));
#2026 = DIRECTION('',(-1.,0.,0.));
#2027 = ADVANCED_FACE('',(#2028),#2053,.F.);
#2028 = FACE_BOUND('',#2029,.F.);
#2029 = EDGE_LOOP('',(#2030,#2031,#2039,#2047));
#2030 = ORIENTED_EDGE('',*,*,#1978,.T.);
#2031 = ORIENTED_EDGE('',*,*,#2032,.T.);
#2032 = EDGE_CURVE('',#1971,#2033,#2035,.T.);
#2033 = VERTEX_POINT('',#2034);
#2034 = CARTESIAN_POINT('',(-1.27,-1.016,2.54));
#2035 = LINE('',#2036,#2037);
#2036 = CARTESIAN_POINT('',(-1.27,1.016,2.54));
#2037 = VECTOR('',#2038,1.);
#2038 = DIRECTION('',(0.,-1.,0.));
#2039 = ORIENTED_EDGE('',*,*,#2040,.F.);
#2040 = EDGE_CURVE('',#2041,#2033,#2043,.T.);
#2041 = VERTEX_POINT('',#2042);
#2042 = CARTESIAN_POINT('',(-1.27,-1.016,0.));
#2043 = LINE('',#2044,#2045);
#2044 = CARTESIAN_POINT('',(-1.27,-1.016,0.));
#2045 = VECTOR('',#2046,1.);
#2046 = DIRECTION('',(0.,0.,1.));
#2047 = ORIENTED_EDGE('',*,*,#2048,.F.);
#2048 = EDGE_CURVE('',#1979,#2041,#2049,.T.);
#2049 = LINE('',#2050,#2051);
#2050 = CARTESIAN_POINT('',(-1.27,1.016,0.));
#2051 = VECTOR('',#2052,1.);
#2052 = DIRECTION('',(0.,-1.,0.));
#2053 = PLANE('',#2054);
#2054 = AXIS2_PLACEMENT_3D('',#2055,#2056,#2057);
#2055 = CARTESIAN_POINT('',(-1.27,1.016,0.));
#2056 = DIRECTION('',(1.,0.,0.));
#2057 = DIRECTION('',(0.,-1.,0.));
#2058 = ADVANCED_FACE('',(#2059,#2198,#2232,#2266),#2300,.F.);
#2059 = FACE_BOUND('',#2060,.F.);
#2060 = EDGE_LOOP('',(#2061,#2062,#2063,#2071,#2079,#2087,#2095,#2103,
    #2111,#2119,#2127,#2135,#2143,#2151,#2159,#2167,#2175,#2183,#2191,
    #2197));
#2061 = ORIENTED_EDGE('',*,*,#1986,.T.);
#2062 = ORIENTED_EDGE('',*,*,#2048,.T.);
#2063 = ORIENTED_EDGE('',*,*,#2064,.T.);
#2064 = EDGE_CURVE('',#2041,#2065,#2067,.T.);
#2065 = VERTEX_POINT('',#2066);
#2066 = CARTESIAN_POINT('',(-1.016,-1.27,0.));
#2067 = LINE('',#2068,#2069);
#2068 = CARTESIAN_POINT('',(-1.27,-1.016,0.));
#2069 = VECTOR('',#2070,1.);
#2070 = DIRECTION('',(0.707106781187,-0.707106781187,0.));
#2071 = ORIENTED_EDGE('',*,*,#2072,.T.);
#2072 = EDGE_CURVE('',#2065,#2073,#2075,.T.);
#2073 = VERTEX_POINT('',#2074);
#2074 = CARTESIAN_POINT('',(-1.27,-1.524,0.));
#2075 = LINE('',#2076,#2077);
#2076 = CARTESIAN_POINT('',(-1.016,-1.27,0.));
#2077 = VECTOR('',#2078,1.);
#2078 = DIRECTION('',(-0.707106781187,-0.707106781187,0.));
#2079 = ORIENTED_EDGE('',*,*,#2080,.T.);
#2080 = EDGE_CURVE('',#2073,#2081,#2083,.T.);
#2081 = VERTEX_POINT('',#2082);
#2082 = CARTESIAN_POINT('',(-1.27,-3.556,0.));
#2083 = LINE('',#2084,#2085);
#2084 = CARTESIAN_POINT('',(-1.27,-1.524,0.));
#2085 = VECTOR('',#2086,1.);
#2086 = DIRECTION('',(0.,-1.,0.));
#2087 = ORIENTED_EDGE('',*,*,#2088,.T.);
#2088 = EDGE_CURVE('',#2081,#2089,#2091,.T.);
#2089 = VERTEX_POINT('',#2090);
#2090 = CARTESIAN_POINT('',(-1.016,-3.81,0.));
#2091 = LINE('',#2092,#2093);
#2092 = CARTESIAN_POINT('',(-1.27,-3.556,0.));
#2093 = VECTOR('',#2094,1.);
#2094 = DIRECTION('',(0.707106781187,-0.707106781187,0.));
#2095 = ORIENTED_EDGE('',*,*,#2096,.T.);
#2096 = EDGE_CURVE('',#2089,#2097,#2099,.T.);
#2097 = VERTEX_POINT('',#2098);
#2098 = CARTESIAN_POINT('',(-1.27,-4.064,0.));
#2099 = LINE('',#2100,#2101);
#2100 = CARTESIAN_POINT('',(-1.016,-3.81,0.));
#2101 = VECTOR('',#2102,1.);
#2102 = DIRECTION('',(-0.707106781187,-0.707106781187,0.));
#2103 = ORIENTED_EDGE('',*,*,#2104,.T.);
#2104 = EDGE_CURVE('',#2097,#2105,#2107,.T.);
#2105 = VERTEX_POINT('',#2106);
#2106 = CARTESIAN_POINT('',(-1.27,-6.096,0.));
#2107 = LINE('',#2108,#2109);
#2108 = CARTESIAN_POINT('',(-1.27,-4.064,0.));
#2109 = VECTOR('',#2110,1.);
#2110 = DIRECTION('',(0.,-1.,0.));
#2111 = ORIENTED_EDGE('',*,*,#2112,.T.);
#2112 = EDGE_CURVE('',#2105,#2113,#2115,.T.);
#2113 = VERTEX_POINT('',#2114);
#2114 = CARTESIAN_POINT('',(-1.016,-6.35,0.));
#2115 = LINE('',#2116,#2117);
#2116 = CARTESIAN_POINT('',(-1.27,-6.096,0.));
#2117 = VECTOR('',#2118,1.);
#2118 = DIRECTION('',(0.707106781187,-0.707106781187,0.));
#2119 = ORIENTED_EDGE('',*,*,#2120,.T.);
#2120 = EDGE_CURVE('',#2113,#2121,#2123,.T.);
#2121 = VERTEX_POINT('',#2122);
#2122 = CARTESIAN_POINT('',(1.016,-6.35,0.));
#2123 = LINE('',#2124,#2125);
#2124 = CARTESIAN_POINT('',(-1.016,-6.35,0.));
#2125 = VECTOR('',#2126,1.);
#2126 = DIRECTION('',(1.,0.,0.));
#2127 = ORIENTED_EDGE('',*,*,#2128,.T.);
#2128 = EDGE_CURVE('',#2121,#2129,#2131,.T.);
#2129 = VERTEX_POINT('',#2130);
#2130 = CARTESIAN_POINT('',(1.27,-6.096,0.));
#2131 = LINE('',#2132,#2133);
#2132 = CARTESIAN_POINT('',(1.016,-6.35,0.));
#2133 = VECTOR('',#2134,1.);
#2134 = DIRECTION('',(0.707106781187,0.707106781187,0.));
#2135 = ORIENTED_EDGE('',*,*,#2136,.T.);
#2136 = EDGE_CURVE('',#2129,#2137,#2139,.T.);
#2137 = VERTEX_POINT('',#2138);
#2138 = CARTESIAN_POINT('',(1.27,-4.064,0.));
#2139 = LINE('',#2140,#2141);
#2140 = CARTESIAN_POINT('',(1.27,-6.096,0.));
#2141 = VECTOR('',#2142,1.);
#2142 = DIRECTION('',(0.,1.,0.));
#2143 = ORIENTED_EDGE('',*,*,#2144,.T.);
#2144 = EDGE_CURVE('',#2137,#2145,#2147,.T.);
#2145 = VERTEX_POINT('',#2146);
#2146 = CARTESIAN_POINT('',(1.016,-3.81,0.));
#2147 = LINE('',#2148,#2149);
#2148 = CARTESIAN_POINT('',(1.27,-4.064,0.));
#2149 = VECTOR('',#2150,1.);
#2150 = DIRECTION('',(-0.707106781187,0.707106781187,0.));
#2151 = ORIENTED_EDGE('',*,*,#2152,.T.);
#2152 = EDGE_CURVE('',#2145,#2153,#2155,.T.);
#2153 = VERTEX_POINT('',#2154);
#2154 = CARTESIAN_POINT('',(1.27,-3.556,0.));
#2155 = LINE('',#2156,#2157);
#2156 = CARTESIAN_POINT('',(1.016,-3.81,0.));
#2157 = VECTOR('',#2158,1.);
#2158 = DIRECTION('',(0.707106781187,0.707106781187,0.));
#2159 = ORIENTED_EDGE('',*,*,#2160,.T.);
#2160 = EDGE_CURVE('',#2153,#2161,#2163,.T.);
#2161 = VERTEX_POINT('',#2162);
#2162 = CARTESIAN_POINT('',(1.27,-1.524,0.));
#2163 = LINE('',#2164,#2165);
#2164 = CARTESIAN_POINT('',(1.27,-3.556,0.));
#2165 = VECTOR('',#2166,1.);
#2166 = DIRECTION('',(0.,1.,0.));
#2167 = ORIENTED_EDGE('',*,*,#2168,.T.);
#2168 = EDGE_CURVE('',#2161,#2169,#2171,.T.);
#2169 = VERTEX_POINT('',#2170);
#2170 = CARTESIAN_POINT('',(1.016,-1.27,0.));
#2171 = LINE('',#2172,#2173);
#2172 = CARTESIAN_POINT('',(1.27,-1.524,0.));
#2173 = VECTOR('',#2174,1.);
#2174 = DIRECTION('',(-0.707106781187,0.707106781187,0.));
#2175 = ORIENTED_EDGE('',*,*,#2176,.T.);
#2176 = EDGE_CURVE('',#2169,#2177,#2179,.T.);
#2177 = VERTEX_POINT('',#2178);
#2178 = CARTESIAN_POINT('',(1.27,-1.016,0.));
#2179 = LINE('',#2180,#2181);
#2180 = CARTESIAN_POINT('',(1.016,-1.27,0.));
#2181 = VECTOR('',#2182,1.);
#2182 = DIRECTION('',(0.707106781187,0.707106781187,0.));
#2183 = ORIENTED_EDGE('',*,*,#2184,.T.);
#2184 = EDGE_CURVE('',#2177,#2185,#2187,.T.);
#2185 = VERTEX_POINT('',#2186);
#2186 = CARTESIAN_POINT('',(1.27,1.016,0.));
#2187 = LINE('',#2188,#2189);
#2188 = CARTESIAN_POINT('',(1.27,-1.016,0.));
#2189 = VECTOR('',#2190,1.);
#2190 = DIRECTION('',(0.,1.,0.));
#2191 = ORIENTED_EDGE('',*,*,#2192,.T.);
#2192 = EDGE_CURVE('',#2185,#2001,#2193,.T.);
#2193 = LINE('',#2194,#2195);
#2194 = CARTESIAN_POINT('',(1.27,1.016,0.));
#2195 = VECTOR('',#2196,1.);
#2196 = DIRECTION('',(-0.707106781187,0.707106781187,0.));
#2197 = ORIENTED_EDGE('',*,*,#2017,.T.);
#2198 = FACE_BOUND('',#2199,.F.);
#2199 = EDGE_LOOP('',(#2200,#2210,#2218,#2226));
#2200 = ORIENTED_EDGE('',*,*,#2201,.F.);
#2201 = EDGE_CURVE('',#2202,#2204,#2206,.T.);
#2202 = VERTEX_POINT('',#2203);
#2203 = CARTESIAN_POINT('',(0.32,-0.32,0.));
#2204 = VERTEX_POINT('',#2205);
#2205 = CARTESIAN_POINT('',(0.32,0.32,0.));
#2206 = LINE('',#2207,#2208);
#2207 = CARTESIAN_POINT('',(0.32,-1.43,0.));
#2208 = VECTOR('',#2209,1.);
#2209 = DIRECTION('',(0.,1.,0.));
#2210 = ORIENTED_EDGE('',*,*,#2211,.T.);
#2211 = EDGE_CURVE('',#2202,#2212,#2214,.T.);
#2212 = VERTEX_POINT('',#2213);
#2213 = CARTESIAN_POINT('',(-0.32,-0.32,0.));
#2214 = LINE('',#2215,#2216);
#2215 = CARTESIAN_POINT('',(-0.16,-0.32,0.));
#2216 = VECTOR('',#2217,1.);
#2217 = DIRECTION('',(-1.,0.,0.));
#2218 = ORIENTED_EDGE('',*,*,#2219,.T.);
#2219 = EDGE_CURVE('',#2212,#2220,#2222,.T.);
#2220 = VERTEX_POINT('',#2221);
#2221 = CARTESIAN_POINT('',(-0.32,0.32,0.));
#2222 = LINE('',#2223,#2224);
#2223 = CARTESIAN_POINT('',(-0.32,-1.43,0.));
#2224 = VECTOR('',#2225,1.);
#2225 = DIRECTION('',(0.,1.,0.));
#2226 = ORIENTED_EDGE('',*,*,#2227,.F.);
#2227 = EDGE_CURVE('',#2204,#2220,#2228,.T.);
#2228 = LINE('',#2229,#2230);
#2229 = CARTESIAN_POINT('',(-0.16,0.32,0.));
#2230 = VECTOR('',#2231,1.);
#2231 = DIRECTION('',(-1.,0.,0.));
#2232 = FACE_BOUND('',#2233,.F.);
#2233 = EDGE_LOOP('',(#2234,#2244,#2252,#2260));
#2234 = ORIENTED_EDGE('',*,*,#2235,.T.);
#2235 = EDGE_CURVE('',#2236,#2238,#2240,.T.);
#2236 = VERTEX_POINT('',#2237);
#2237 = CARTESIAN_POINT('',(0.32,-2.86,0.));
#2238 = VERTEX_POINT('',#2239);
#2239 = CARTESIAN_POINT('',(-0.32,-2.86,0.));
#2240 = LINE('',#2241,#2242);
#2241 = CARTESIAN_POINT('',(-0.16,-2.86,0.));
#2242 = VECTOR('',#2243,1.);
#2243 = DIRECTION('',(-1.,0.,0.));
#2244 = ORIENTED_EDGE('',*,*,#2245,.T.);
#2245 = EDGE_CURVE('',#2238,#2246,#2248,.T.);
#2246 = VERTEX_POINT('',#2247);
#2247 = CARTESIAN_POINT('',(-0.32,-2.22,0.));
#2248 = LINE('',#2249,#2250);
#2249 = CARTESIAN_POINT('',(-0.32,-2.7,0.));
#2250 = VECTOR('',#2251,1.);
#2251 = DIRECTION('',(0.,1.,0.));
#2252 = ORIENTED_EDGE('',*,*,#2253,.F.);
#2253 = EDGE_CURVE('',#2254,#2246,#2256,.T.);
#2254 = VERTEX_POINT('',#2255);
#2255 = CARTESIAN_POINT('',(0.32,-2.22,0.));
#2256 = LINE('',#2257,#2258);
#2257 = CARTESIAN_POINT('',(-0.16,-2.22,0.));
#2258 = VECTOR('',#2259,1.);
#2259 = DIRECTION('',(-1.,0.,0.));
#2260 = ORIENTED_EDGE('',*,*,#2261,.F.);
#2261 = EDGE_CURVE('',#2236,#2254,#2262,.T.);
#2262 = LINE('',#2263,#2264);
#2263 = CARTESIAN_POINT('',(0.32,-2.7,0.));
#2264 = VECTOR('',#2265,1.);
#2265 = DIRECTION('',(0.,1.,0.));
#2266 = FACE_BOUND('',#2267,.F.);
#2267 = EDGE_LOOP('',(#2268,#2278,#2286,#2294));
#2268 = ORIENTED_EDGE('',*,*,#2269,.F.);
#2269 = EDGE_CURVE('',#2270,#2272,#2274,.T.);
#2270 = VERTEX_POINT('',#2271);
#2271 = CARTESIAN_POINT('',(0.32,-4.76,0.));
#2272 = VERTEX_POINT('',#2273);
#2273 = CARTESIAN_POINT('',(-0.32,-4.76,0.));
#2274 = LINE('',#2275,#2276);
#2275 = CARTESIAN_POINT('',(-0.16,-4.76,0.));
#2276 = VECTOR('',#2277,1.);
#2277 = DIRECTION('',(-1.,0.,0.));
#2278 = ORIENTED_EDGE('',*,*,#2279,.F.);
#2279 = EDGE_CURVE('',#2280,#2270,#2282,.T.);
#2280 = VERTEX_POINT('',#2281);
#2281 = CARTESIAN_POINT('',(0.32,-5.4,0.));
#2282 = LINE('',#2283,#2284);
#2283 = CARTESIAN_POINT('',(0.32,-3.97,0.));
#2284 = VECTOR('',#2285,1.);
#2285 = DIRECTION('',(0.,1.,0.));
#2286 = ORIENTED_EDGE('',*,*,#2287,.T.);
#2287 = EDGE_CURVE('',#2280,#2288,#2290,.T.);
#2288 = VERTEX_POINT('',#2289);
#2289 = CARTESIAN_POINT('',(-0.32,-5.4,0.));
#2290 = LINE('',#2291,#2292);
#2291 = CARTESIAN_POINT('',(-0.16,-5.4,0.));
#2292 = VECTOR('',#2293,1.);
#2293 = DIRECTION('',(-1.,0.,0.));
#2294 = ORIENTED_EDGE('',*,*,#2295,.T.);
#2295 = EDGE_CURVE('',#2288,#2272,#2296,.T.);
#2296 = LINE('',#2297,#2298);
#2297 = CARTESIAN_POINT('',(-0.32,-3.97,0.));
#2298 = VECTOR('',#2299,1.);
#2299 = DIRECTION('',(0.,1.,0.));
#2300 = PLANE('',#2301);
#2301 = AXIS2_PLACEMENT_3D('',#2302,#2303,#2304);
#2302 = CARTESIAN_POINT('',(5.398204781459E-17,-2.54,0.));
#2303 = DIRECTION('',(0.,0.,1.));
#2304 = DIRECTION('',(1.,0.,-0.));
#2305 = ADVANCED_FACE('',(#2306,#2445,#2479,#2513),#2547,.T.);
#2306 = FACE_BOUND('',#2307,.T.);
#2307 = EDGE_LOOP('',(#2308,#2309,#2310,#2318,#2326,#2334,#2342,#2350,
    #2358,#2366,#2374,#2382,#2390,#2398,#2406,#2414,#2422,#2430,#2438,
    #2444));
#2308 = ORIENTED_EDGE('',*,*,#1970,.T.);
#2309 = ORIENTED_EDGE('',*,*,#2032,.T.);
#2310 = ORIENTED_EDGE('',*,*,#2311,.T.);
#2311 = EDGE_CURVE('',#2033,#2312,#2314,.T.);
#2312 = VERTEX_POINT('',#2313);
#2313 = CARTESIAN_POINT('',(-1.016,-1.27,2.54));
#2314 = LINE('',#2315,#2316);
#2315 = CARTESIAN_POINT('',(-1.27,-1.016,2.54));
#2316 = VECTOR('',#2317,1.);
#2317 = DIRECTION('',(0.707106781187,-0.707106781187,0.));
#2318 = ORIENTED_EDGE('',*,*,#2319,.T.);
#2319 = EDGE_CURVE('',#2312,#2320,#2322,.T.);
#2320 = VERTEX_POINT('',#2321);
#2321 = CARTESIAN_POINT('',(-1.27,-1.524,2.54));
#2322 = LINE('',#2323,#2324);
#2323 = CARTESIAN_POINT('',(-1.016,-1.27,2.54));
#2324 = VECTOR('',#2325,1.);
#2325 = DIRECTION('',(-0.707106781187,-0.707106781187,0.));
#2326 = ORIENTED_EDGE('',*,*,#2327,.T.);
#2327 = EDGE_CURVE('',#2320,#2328,#2330,.T.);
#2328 = VERTEX_POINT('',#2329);
#2329 = CARTESIAN_POINT('',(-1.27,-3.556,2.54));
#2330 = LINE('',#2331,#2332);
#2331 = CARTESIAN_POINT('',(-1.27,-1.524,2.54));
#2332 = VECTOR('',#2333,1.);
#2333 = DIRECTION('',(0.,-1.,0.));
#2334 = ORIENTED_EDGE('',*,*,#2335,.T.);
#2335 = EDGE_CURVE('',#2328,#2336,#2338,.T.);
#2336 = VERTEX_POINT('',#2337);
#2337 = CARTESIAN_POINT('',(-1.016,-3.81,2.54));
#2338 = LINE('',#2339,#2340);
#2339 = CARTESIAN_POINT('',(-1.27,-3.556,2.54));
#2340 = VECTOR('',#2341,1.);
#2341 = DIRECTION('',(0.707106781187,-0.707106781187,0.));
#2342 = ORIENTED_EDGE('',*,*,#2343,.T.);
#2343 = EDGE_CURVE('',#2336,#2344,#2346,.T.);
#2344 = VERTEX_POINT('',#2345);
#2345 = CARTESIAN_POINT('',(-1.27,-4.064,2.54));
#2346 = LINE('',#2347,#2348);
#2347 = CARTESIAN_POINT('',(-1.016,-3.81,2.54));
#2348 = VECTOR('',#2349,1.);
#2349 = DIRECTION('',(-0.707106781187,-0.707106781187,0.));
#2350 = ORIENTED_EDGE('',*,*,#2351,.T.);
#2351 = EDGE_CURVE('',#2344,#2352,#2354,.T.);
#2352 = VERTEX_POINT('',#2353);
#2353 = CARTESIAN_POINT('',(-1.27,-6.096,2.54));
#2354 = LINE('',#2355,#2356);
#2355 = CARTESIAN_POINT('',(-1.27,-4.064,2.54));
#2356 = VECTOR('',#2357,1.);
#2357 = DIRECTION('',(0.,-1.,0.));
#2358 = ORIENTED_EDGE('',*,*,#2359,.T.);
#2359 = EDGE_CURVE('',#2352,#2360,#2362,.T.);
#2360 = VERTEX_POINT('',#2361);
#2361 = CARTESIAN_POINT('',(-1.016,-6.35,2.54));
#2362 = LINE('',#2363,#2364);
#2363 = CARTESIAN_POINT('',(-1.27,-6.096,2.54));
#2364 = VECTOR('',#2365,1.);
#2365 = DIRECTION('',(0.707106781187,-0.707106781187,0.));
#2366 = ORIENTED_EDGE('',*,*,#2367,.T.);
#2367 = EDGE_CURVE('',#2360,#2368,#2370,.T.);
#2368 = VERTEX_POINT('',#2369);
#2369 = CARTESIAN_POINT('',(1.016,-6.35,2.54));
#2370 = LINE('',#2371,#2372);
#2371 = CARTESIAN_POINT('',(-1.016,-6.35,2.54));
#2372 = VECTOR('',#2373,1.);
#2373 = DIRECTION('',(1.,0.,0.));
#2374 = ORIENTED_EDGE('',*,*,#2375,.T.);
#2375 = EDGE_CURVE('',#2368,#2376,#2378,.T.);
#2376 = VERTEX_POINT('',#2377);
#2377 = CARTESIAN_POINT('',(1.27,-6.096,2.54));
#2378 = LINE('',#2379,#2380);
#2379 = CARTESIAN_POINT('',(1.016,-6.35,2.54));
#2380 = VECTOR('',#2381,1.);
#2381 = DIRECTION('',(0.707106781187,0.707106781187,0.));
#2382 = ORIENTED_EDGE('',*,*,#2383,.T.);
#2383 = EDGE_CURVE('',#2376,#2384,#2386,.T.);
#2384 = VERTEX_POINT('',#2385);
#2385 = CARTESIAN_POINT('',(1.27,-4.064,2.54));
#2386 = LINE('',#2387,#2388);
#2387 = CARTESIAN_POINT('',(1.27,-6.096,2.54));
#2388 = VECTOR('',#2389,1.);
#2389 = DIRECTION('',(0.,1.,0.));
#2390 = ORIENTED_EDGE('',*,*,#2391,.T.);
#2391 = EDGE_CURVE('',#2384,#2392,#2394,.T.);
#2392 = VERTEX_POINT('',#2393);
#2393 = CARTESIAN_POINT('',(1.016,-3.81,2.54));
#2394 = LINE('',#2395,#2396);
#2395 = CARTESIAN_POINT('',(1.27,-4.064,2.54));
#2396 = VECTOR('',#2397,1.);
#2397 = DIRECTION('',(-0.707106781187,0.707106781187,0.));
#2398 = ORIENTED_EDGE('',*,*,#2399,.T.);
#2399 = EDGE_CURVE('',#2392,#2400,#2402,.T.);
#2400 = VERTEX_POINT('',#2401);
#2401 = CARTESIAN_POINT('',(1.27,-3.556,2.54));
#2402 = LINE('',#2403,#2404);
#2403 = CARTESIAN_POINT('',(1.016,-3.81,2.54));
#2404 = VECTOR('',#2405,1.);
#2405 = DIRECTION('',(0.707106781187,0.707106781187,0.));
#2406 = ORIENTED_EDGE('',*,*,#2407,.T.);
#2407 = EDGE_CURVE('',#2400,#2408,#2410,.T.);
#2408 = VERTEX_POINT('',#2409);
#2409 = CARTESIAN_POINT('',(1.27,-1.524,2.54));
#2410 = LINE('',#2411,#2412);
#2411 = CARTESIAN_POINT('',(1.27,-3.556,2.54));
#2412 = VECTOR('',#2413,1.);
#2413 = DIRECTION('',(0.,1.,0.));
#2414 = ORIENTED_EDGE('',*,*,#2415,.T.);
#2415 = EDGE_CURVE('',#2408,#2416,#2418,.T.);
#2416 = VERTEX_POINT('',#2417);
#2417 = CARTESIAN_POINT('',(1.016,-1.27,2.54));
#2418 = LINE('',#2419,#2420);
#2419 = CARTESIAN_POINT('',(1.27,-1.524,2.54));
#2420 = VECTOR('',#2421,1.);
#2421 = DIRECTION('',(-0.707106781187,0.707106781187,0.));
#2422 = ORIENTED_EDGE('',*,*,#2423,.T.);
#2423 = EDGE_CURVE('',#2416,#2424,#2426,.T.);
#2424 = VERTEX_POINT('',#2425);
#2425 = CARTESIAN_POINT('',(1.27,-1.016,2.54));
#2426 = LINE('',#2427,#2428);
#2427 = CARTESIAN_POINT('',(1.016,-1.27,2.54));
#2428 = VECTOR('',#2429,1.);
#2429 = DIRECTION('',(0.707106781187,0.707106781187,0.));
#2430 = ORIENTED_EDGE('',*,*,#2431,.T.);
#2431 = EDGE_CURVE('',#2424,#2432,#2434,.T.);
#2432 = VERTEX_POINT('',#2433);
#2433 = CARTESIAN_POINT('',(1.27,1.016,2.54));
#2434 = LINE('',#2435,#2436);
#2435 = CARTESIAN_POINT('',(1.27,-1.016,2.54));
#2436 = VECTOR('',#2437,1.);
#2437 = DIRECTION('',(0.,1.,0.));
#2438 = ORIENTED_EDGE('',*,*,#2439,.T.);
#2439 = EDGE_CURVE('',#2432,#2003,#2440,.T.);
#2440 = LINE('',#2441,#2442);
#2441 = CARTESIAN_POINT('',(1.27,1.016,2.54));
#2442 = VECTOR('',#2443,1.);
#2443 = DIRECTION('',(-0.707106781187,0.707106781187,0.));
#2444 = ORIENTED_EDGE('',*,*,#2010,.T.);
#2445 = FACE_BOUND('',#2446,.T.);
#2446 = EDGE_LOOP('',(#2447,#2457,#2465,#2473));
#2447 = ORIENTED_EDGE('',*,*,#2448,.F.);
#2448 = EDGE_CURVE('',#2449,#2451,#2453,.T.);
#2449 = VERTEX_POINT('',#2450);
#2450 = CARTESIAN_POINT('',(0.32,-0.32,2.54));
#2451 = VERTEX_POINT('',#2452);
#2452 = CARTESIAN_POINT('',(0.32,0.32,2.54));
#2453 = LINE('',#2454,#2455);
#2454 = CARTESIAN_POINT('',(0.32,-1.43,2.54));
#2455 = VECTOR('',#2456,1.);
#2456 = DIRECTION('',(0.,1.,0.));
#2457 = ORIENTED_EDGE('',*,*,#2458,.T.);
#2458 = EDGE_CURVE('',#2449,#2459,#2461,.T.);
#2459 = VERTEX_POINT('',#2460);
#2460 = CARTESIAN_POINT('',(-0.32,-0.32,2.54));
#2461 = LINE('',#2462,#2463);
#2462 = CARTESIAN_POINT('',(-0.16,-0.32,2.54));
#2463 = VECTOR('',#2464,1.);
#2464 = DIRECTION('',(-1.,0.,0.));
#2465 = ORIENTED_EDGE('',*,*,#2466,.T.);
#2466 = EDGE_CURVE('',#2459,#2467,#2469,.T.);
#2467 = VERTEX_POINT('',#2468);
#2468 = CARTESIAN_POINT('',(-0.32,0.32,2.54));
#2469 = LINE('',#2470,#2471);
#2470 = CARTESIAN_POINT('',(-0.32,-1.43,2.54));
#2471 = VECTOR('',#2472,1.);
#2472 = DIRECTION('',(0.,1.,0.));
#2473 = ORIENTED_EDGE('',*,*,#2474,.F.);
#2474 = EDGE_CURVE('',#2451,#2467,#2475,.T.);
#2475 = LINE('',#2476,#2477);
#2476 = CARTESIAN_POINT('',(-0.16,0.32,2.54));
#2477 = VECTOR('',#2478,1.);
#2478 = DIRECTION('',(-1.,0.,0.));
#2479 = FACE_BOUND('',#2480,.T.);
#2480 = EDGE_LOOP('',(#2481,#2491,#2499,#2507));
#2481 = ORIENTED_EDGE('',*,*,#2482,.T.);
#2482 = EDGE_CURVE('',#2483,#2485,#2487,.T.);
#2483 = VERTEX_POINT('',#2484);
#2484 = CARTESIAN_POINT('',(0.32,-2.86,2.54));
#2485 = VERTEX_POINT('',#2486);
#2486 = CARTESIAN_POINT('',(-0.32,-2.86,2.54));
#2487 = LINE('',#2488,#2489);
#2488 = CARTESIAN_POINT('',(-0.16,-2.86,2.54));
#2489 = VECTOR('',#2490,1.);
#2490 = DIRECTION('',(-1.,0.,0.));
#2491 = ORIENTED_EDGE('',*,*,#2492,.T.);
#2492 = EDGE_CURVE('',#2485,#2493,#2495,.T.);
#2493 = VERTEX_POINT('',#2494);
#2494 = CARTESIAN_POINT('',(-0.32,-2.22,2.54));
#2495 = LINE('',#2496,#2497);
#2496 = CARTESIAN_POINT('',(-0.32,-2.7,2.54));
#2497 = VECTOR('',#2498,1.);
#2498 = DIRECTION('',(0.,1.,0.));
#2499 = ORIENTED_EDGE('',*,*,#2500,.F.);
#2500 = EDGE_CURVE('',#2501,#2493,#2503,.T.);
#2501 = VERTEX_POINT('',#2502);
#2502 = CARTESIAN_POINT('',(0.32,-2.22,2.54));
#2503 = LINE('',#2504,#2505);
#2504 = CARTESIAN_POINT('',(-0.16,-2.22,2.54));
#2505 = VECTOR('',#2506,1.);
#2506 = DIRECTION('',(-1.,0.,0.));
#2507 = ORIENTED_EDGE('',*,*,#2508,.F.);
#2508 = EDGE_CURVE('',#2483,#2501,#2509,.T.);
#2509 = LINE('',#2510,#2511);
#2510 = CARTESIAN_POINT('',(0.32,-2.7,2.54));
#2511 = VECTOR('',#2512,1.);
#2512 = DIRECTION('',(0.,1.,0.));
#2513 = FACE_BOUND('',#2514,.T.);
#2514 = EDGE_LOOP('',(#2515,#2525,#2533,#2541));
#2515 = ORIENTED_EDGE('',*,*,#2516,.F.);
#2516 = EDGE_CURVE('',#2517,#2519,#2521,.T.);
#2517 = VERTEX_POINT('',#2518);
#2518 = CARTESIAN_POINT('',(0.32,-4.76,2.54));
#2519 = VERTEX_POINT('',#2520);
#2520 = CARTESIAN_POINT('',(-0.32,-4.76,2.54));
#2521 = LINE('',#2522,#2523);
#2522 = CARTESIAN_POINT('',(-0.16,-4.76,2.54));
#2523 = VECTOR('',#2524,1.);
#2524 = DIRECTION('',(-1.,0.,0.));
#2525 = ORIENTED_EDGE('',*,*,#2526,.F.);
#2526 = EDGE_CURVE('',#2527,#2517,#2529,.T.);
#2527 = VERTEX_POINT('',#2528);
#2528 = CARTESIAN_POINT('',(0.32,-5.4,2.54));
#2529 = LINE('',#2530,#2531);
#2530 = CARTESIAN_POINT('',(0.32,-3.97,2.54));
#2531 = VECTOR('',#2532,1.);
#2532 = DIRECTION('',(0.,1.,0.));
#2533 = ORIENTED_EDGE('',*,*,#2534,.T.);
#2534 = EDGE_CURVE('',#2527,#2535,#2537,.T.);
#2535 = VERTEX_POINT('',#2536);
#2536 = CARTESIAN_POINT('',(-0.32,-5.4,2.54));
#2537 = LINE('',#2538,#2539);
#2538 = CARTESIAN_POINT('',(-0.16,-5.4,2.54));
#2539 = VECTOR('',#2540,1.);
#2540 = DIRECTION('',(-1.,0.,0.));
#2541 = ORIENTED_EDGE('',*,*,#2542,.T.);
#2542 = EDGE_CURVE('',#2535,#2519,#2543,.T.);
#2543 = LINE('',#2544,#2545);
#2544 = CARTESIAN_POINT('',(-0.32,-3.97,2.54));
#2545 = VECTOR('',#2546,1.);
#2546 = DIRECTION('',(0.,1.,0.));
#2547 = PLANE('',#2548);
#2548 = AXIS2_PLACEMENT_3D('',#2549,#2550,#2551);
#2549 = CARTESIAN_POINT('',(5.398204781459E-17,-2.54,2.54));
#2550 = DIRECTION('',(0.,0.,1.));
#2551 = DIRECTION('',(1.,0.,-0.));
#2552 = ADVANCED_FACE('',(#2553),#2564,.F.);
#2553 = FACE_BOUND('',#2554,.F.);
#2554 = EDGE_LOOP('',(#2555,#2561,#2562,#2563));
#2555 = ORIENTED_EDGE('',*,*,#2556,.T.);
#2556 = EDGE_CURVE('',#2185,#2432,#2557,.T.);
#2557 = LINE('',#2558,#2559);
#2558 = CARTESIAN_POINT('',(1.27,1.016,0.));
#2559 = VECTOR('',#2560,1.);
#2560 = DIRECTION('',(0.,0.,1.));
#2561 = ORIENTED_EDGE('',*,*,#2439,.T.);
#2562 = ORIENTED_EDGE('',*,*,#2000,.F.);
#2563 = ORIENTED_EDGE('',*,*,#2192,.F.);
#2564 = PLANE('',#2565);
#2565 = AXIS2_PLACEMENT_3D('',#2566,#2567,#2568);
#2566 = CARTESIAN_POINT('',(1.27,1.016,0.));
#2567 = DIRECTION('',(-0.707106781187,-0.707106781187,0.));
#2568 = DIRECTION('',(-0.707106781187,0.707106781187,0.));
#2569 = ADVANCED_FACE('',(#2570),#2581,.F.);
#2570 = FACE_BOUND('',#2571,.F.);
#2571 = EDGE_LOOP('',(#2572,#2573,#2574,#2580));
#2572 = ORIENTED_EDGE('',*,*,#2040,.T.);
#2573 = ORIENTED_EDGE('',*,*,#2311,.T.);
#2574 = ORIENTED_EDGE('',*,*,#2575,.F.);
#2575 = EDGE_CURVE('',#2065,#2312,#2576,.T.);
#2576 = LINE('',#2577,#2578);
#2577 = CARTESIAN_POINT('',(-1.016,-1.27,0.));
#2578 = VECTOR('',#2579,1.);
#2579 = DIRECTION('',(0.,0.,1.));
#2580 = ORIENTED_EDGE('',*,*,#2064,.F.);
#2581 = PLANE('',#2582);
#2582 = AXIS2_PLACEMENT_3D('',#2583,#2584,#2585);
#2583 = CARTESIAN_POINT('',(-1.27,-1.016,0.));
#2584 = DIRECTION('',(0.707106781187,0.707106781187,0.));
#2585 = DIRECTION('',(0.707106781187,-0.707106781187,0.));
#2586 = ADVANCED_FACE('',(#2587),#2598,.F.);
#2587 = FACE_BOUND('',#2588,.F.);
#2588 = EDGE_LOOP('',(#2589,#2595,#2596,#2597));
#2589 = ORIENTED_EDGE('',*,*,#2590,.T.);
#2590 = EDGE_CURVE('',#2177,#2424,#2591,.T.);
#2591 = LINE('',#2592,#2593);
#2592 = CARTESIAN_POINT('',(1.27,-1.016,0.));
#2593 = VECTOR('',#2594,1.);
#2594 = DIRECTION('',(0.,0.,1.));
#2595 = ORIENTED_EDGE('',*,*,#2431,.T.);
#2596 = ORIENTED_EDGE('',*,*,#2556,.F.);
#2597 = ORIENTED_EDGE('',*,*,#2184,.F.);
#2598 = PLANE('',#2599);
#2599 = AXIS2_PLACEMENT_3D('',#2600,#2601,#2602);
#2600 = CARTESIAN_POINT('',(1.27,-1.016,0.));
#2601 = DIRECTION('',(-1.,0.,0.));
#2602 = DIRECTION('',(0.,1.,0.));
#2603 = ADVANCED_FACE('',(#2604),#2615,.F.);
#2604 = FACE_BOUND('',#2605,.F.);
#2605 = EDGE_LOOP('',(#2606,#2607,#2608,#2614));
#2606 = ORIENTED_EDGE('',*,*,#2575,.T.);
#2607 = ORIENTED_EDGE('',*,*,#2319,.T.);
#2608 = ORIENTED_EDGE('',*,*,#2609,.F.);
#2609 = EDGE_CURVE('',#2073,#2320,#2610,.T.);
#2610 = LINE('',#2611,#2612);
#2611 = CARTESIAN_POINT('',(-1.27,-1.524,0.));
#2612 = VECTOR('',#2613,1.);
#2613 = DIRECTION('',(0.,0.,1.));
#2614 = ORIENTED_EDGE('',*,*,#2072,.F.);
#2615 = PLANE('',#2616);
#2616 = AXIS2_PLACEMENT_3D('',#2617,#2618,#2619);
#2617 = CARTESIAN_POINT('',(-1.016,-1.27,0.));
#2618 = DIRECTION('',(0.707106781187,-0.707106781187,0.));
#2619 = DIRECTION('',(-0.707106781187,-0.707106781187,0.));
#2620 = ADVANCED_FACE('',(#2621),#2632,.F.);
#2621 = FACE_BOUND('',#2622,.F.);
#2622 = EDGE_LOOP('',(#2623,#2629,#2630,#2631));
#2623 = ORIENTED_EDGE('',*,*,#2624,.T.);
#2624 = EDGE_CURVE('',#2169,#2416,#2625,.T.);
#2625 = LINE('',#2626,#2627);
#2626 = CARTESIAN_POINT('',(1.016,-1.27,0.));
#2627 = VECTOR('',#2628,1.);
#2628 = DIRECTION('',(0.,0.,1.));
#2629 = ORIENTED_EDGE('',*,*,#2423,.T.);
#2630 = ORIENTED_EDGE('',*,*,#2590,.F.);
#2631 = ORIENTED_EDGE('',*,*,#2176,.F.);
#2632 = PLANE('',#2633);
#2633 = AXIS2_PLACEMENT_3D('',#2634,#2635,#2636);
#2634 = CARTESIAN_POINT('',(1.016,-1.27,0.));
#2635 = DIRECTION('',(-0.707106781187,0.707106781187,0.));
#2636 = DIRECTION('',(0.707106781187,0.707106781187,0.));
#2637 = ADVANCED_FACE('',(#2638),#2649,.F.);
#2638 = FACE_BOUND('',#2639,.F.);
#2639 = EDGE_LOOP('',(#2640,#2641,#2642,#2648));
#2640 = ORIENTED_EDGE('',*,*,#2609,.T.);
#2641 = ORIENTED_EDGE('',*,*,#2327,.T.);
#2642 = ORIENTED_EDGE('',*,*,#2643,.F.);
#2643 = EDGE_CURVE('',#2081,#2328,#2644,.T.);
#2644 = LINE('',#2645,#2646);
#2645 = CARTESIAN_POINT('',(-1.27,-3.556,0.));
#2646 = VECTOR('',#2647,1.);
#2647 = DIRECTION('',(0.,0.,1.));
#2648 = ORIENTED_EDGE('',*,*,#2080,.F.);
#2649 = PLANE('',#2650);
#2650 = AXIS2_PLACEMENT_3D('',#2651,#2652,#2653);
#2651 = CARTESIAN_POINT('',(-1.27,-1.524,0.));
#2652 = DIRECTION('',(1.,0.,0.));
#2653 = DIRECTION('',(0.,-1.,0.));
#2654 = ADVANCED_FACE('',(#2655),#2666,.F.);
#2655 = FACE_BOUND('',#2656,.F.);
#2656 = EDGE_LOOP('',(#2657,#2663,#2664,#2665));
#2657 = ORIENTED_EDGE('',*,*,#2658,.T.);
#2658 = EDGE_CURVE('',#2161,#2408,#2659,.T.);
#2659 = LINE('',#2660,#2661);
#2660 = CARTESIAN_POINT('',(1.27,-1.524,0.));
#2661 = VECTOR('',#2662,1.);
#2662 = DIRECTION('',(0.,0.,1.));
#2663 = ORIENTED_EDGE('',*,*,#2415,.T.);
#2664 = ORIENTED_EDGE('',*,*,#2624,.F.);
#2665 = ORIENTED_EDGE('',*,*,#2168,.F.);
#2666 = PLANE('',#2667);
#2667 = AXIS2_PLACEMENT_3D('',#2668,#2669,#2670);
#2668 = CARTESIAN_POINT('',(1.27,-1.524,0.));
#2669 = DIRECTION('',(-0.707106781187,-0.707106781187,0.));
#2670 = DIRECTION('',(-0.707106781187,0.707106781187,0.));
#2671 = ADVANCED_FACE('',(#2672),#2683,.F.);
#2672 = FACE_BOUND('',#2673,.F.);
#2673 = EDGE_LOOP('',(#2674,#2675,#2676,#2682));
#2674 = ORIENTED_EDGE('',*,*,#2643,.T.);
#2675 = ORIENTED_EDGE('',*,*,#2335,.T.);
#2676 = ORIENTED_EDGE('',*,*,#2677,.F.);
#2677 = EDGE_CURVE('',#2089,#2336,#2678,.T.);
#2678 = LINE('',#2679,#2680);
#2679 = CARTESIAN_POINT('',(-1.016,-3.81,0.));
#2680 = VECTOR('',#2681,1.);
#2681 = DIRECTION('',(0.,0.,1.));
#2682 = ORIENTED_EDGE('',*,*,#2088,.F.);
#2683 = PLANE('',#2684);
#2684 = AXIS2_PLACEMENT_3D('',#2685,#2686,#2687);
#2685 = CARTESIAN_POINT('',(-1.27,-3.556,0.));
#2686 = DIRECTION('',(0.707106781187,0.707106781187,0.));
#2687 = DIRECTION('',(0.707106781187,-0.707106781187,0.));
#2688 = ADVANCED_FACE('',(#2689),#2700,.F.);
#2689 = FACE_BOUND('',#2690,.F.);
#2690 = EDGE_LOOP('',(#2691,#2697,#2698,#2699));
#2691 = ORIENTED_EDGE('',*,*,#2692,.T.);
#2692 = EDGE_CURVE('',#2153,#2400,#2693,.T.);
#2693 = LINE('',#2694,#2695);
#2694 = CARTESIAN_POINT('',(1.27,-3.556,0.));
#2695 = VECTOR('',#2696,1.);
#2696 = DIRECTION('',(0.,0.,1.));
#2697 = ORIENTED_EDGE('',*,*,#2407,.T.);
#2698 = ORIENTED_EDGE('',*,*,#2658,.F.);
#2699 = ORIENTED_EDGE('',*,*,#2160,.F.);
#2700 = PLANE('',#2701);
#2701 = AXIS2_PLACEMENT_3D('',#2702,#2703,#2704);
#2702 = CARTESIAN_POINT('',(1.27,-3.556,0.));
#2703 = DIRECTION('',(-1.,0.,0.));
#2704 = DIRECTION('',(0.,1.,0.));
#2705 = ADVANCED_FACE('',(#2706),#2717,.F.);
#2706 = FACE_BOUND('',#2707,.F.);
#2707 = EDGE_LOOP('',(#2708,#2709,#2710,#2716));
#2708 = ORIENTED_EDGE('',*,*,#2677,.T.);
#2709 = ORIENTED_EDGE('',*,*,#2343,.T.);
#2710 = ORIENTED_EDGE('',*,*,#2711,.F.);
#2711 = EDGE_CURVE('',#2097,#2344,#2712,.T.);
#2712 = LINE('',#2713,#2714);
#2713 = CARTESIAN_POINT('',(-1.27,-4.064,0.));
#2714 = VECTOR('',#2715,1.);
#2715 = DIRECTION('',(0.,0.,1.));
#2716 = ORIENTED_EDGE('',*,*,#2096,.F.);
#2717 = PLANE('',#2718);
#2718 = AXIS2_PLACEMENT_3D('',#2719,#2720,#2721);
#2719 = CARTESIAN_POINT('',(-1.016,-3.81,0.));
#2720 = DIRECTION('',(0.707106781187,-0.707106781187,0.));
#2721 = DIRECTION('',(-0.707106781187,-0.707106781187,0.));
#2722 = ADVANCED_FACE('',(#2723),#2734,.F.);
#2723 = FACE_BOUND('',#2724,.F.);
#2724 = EDGE_LOOP('',(#2725,#2731,#2732,#2733));
#2725 = ORIENTED_EDGE('',*,*,#2726,.T.);
#2726 = EDGE_CURVE('',#2145,#2392,#2727,.T.);
#2727 = LINE('',#2728,#2729);
#2728 = CARTESIAN_POINT('',(1.016,-3.81,0.));
#2729 = VECTOR('',#2730,1.);
#2730 = DIRECTION('',(0.,0.,1.));
#2731 = ORIENTED_EDGE('',*,*,#2399,.T.);
#2732 = ORIENTED_EDGE('',*,*,#2692,.F.);
#2733 = ORIENTED_EDGE('',*,*,#2152,.F.);
#2734 = PLANE('',#2735);
#2735 = AXIS2_PLACEMENT_3D('',#2736,#2737,#2738);
#2736 = CARTESIAN_POINT('',(1.016,-3.81,0.));
#2737 = DIRECTION('',(-0.707106781187,0.707106781187,0.));
#2738 = DIRECTION('',(0.707106781187,0.707106781187,0.));
#2739 = ADVANCED_FACE('',(#2740),#2751,.F.);
#2740 = FACE_BOUND('',#2741,.F.);
#2741 = EDGE_LOOP('',(#2742,#2743,#2744,#2750));
#2742 = ORIENTED_EDGE('',*,*,#2711,.T.);
#2743 = ORIENTED_EDGE('',*,*,#2351,.T.);
#2744 = ORIENTED_EDGE('',*,*,#2745,.F.);
#2745 = EDGE_CURVE('',#2105,#2352,#2746,.T.);
#2746 = LINE('',#2747,#2748);
#2747 = CARTESIAN_POINT('',(-1.27,-6.096,0.));
#2748 = VECTOR('',#2749,1.);
#2749 = DIRECTION('',(0.,0.,1.));
#2750 = ORIENTED_EDGE('',*,*,#2104,.F.);
#2751 = PLANE('',#2752);
#2752 = AXIS2_PLACEMENT_3D('',#2753,#2754,#2755);
#2753 = CARTESIAN_POINT('',(-1.27,-4.064,0.));
#2754 = DIRECTION('',(1.,0.,0.));
#2755 = DIRECTION('',(0.,-1.,0.));
#2756 = ADVANCED_FACE('',(#2757),#2768,.F.);
#2757 = FACE_BOUND('',#2758,.F.);
#2758 = EDGE_LOOP('',(#2759,#2765,#2766,#2767));
#2759 = ORIENTED_EDGE('',*,*,#2760,.T.);
#2760 = EDGE_CURVE('',#2137,#2384,#2761,.T.);
#2761 = LINE('',#2762,#2763);
#2762 = CARTESIAN_POINT('',(1.27,-4.064,0.));
#2763 = VECTOR('',#2764,1.);
#2764 = DIRECTION('',(0.,0.,1.));
#2765 = ORIENTED_EDGE('',*,*,#2391,.T.);
#2766 = ORIENTED_EDGE('',*,*,#2726,.F.);
#2767 = ORIENTED_EDGE('',*,*,#2144,.F.);
#2768 = PLANE('',#2769);
#2769 = AXIS2_PLACEMENT_3D('',#2770,#2771,#2772);
#2770 = CARTESIAN_POINT('',(1.27,-4.064,0.));
#2771 = DIRECTION('',(-0.707106781187,-0.707106781187,0.));
#2772 = DIRECTION('',(-0.707106781187,0.707106781187,0.));
#2773 = ADVANCED_FACE('',(#2774),#2785,.F.);
#2774 = FACE_BOUND('',#2775,.F.);
#2775 = EDGE_LOOP('',(#2776,#2777,#2778,#2784));
#2776 = ORIENTED_EDGE('',*,*,#2745,.T.);
#2777 = ORIENTED_EDGE('',*,*,#2359,.T.);
#2778 = ORIENTED_EDGE('',*,*,#2779,.F.);
#2779 = EDGE_CURVE('',#2113,#2360,#2780,.T.);
#2780 = LINE('',#2781,#2782);
#2781 = CARTESIAN_POINT('',(-1.016,-6.35,0.));
#2782 = VECTOR('',#2783,1.);
#2783 = DIRECTION('',(0.,0.,1.));
#2784 = ORIENTED_EDGE('',*,*,#2112,.F.);
#2785 = PLANE('',#2786);
#2786 = AXIS2_PLACEMENT_3D('',#2787,#2788,#2789);
#2787 = CARTESIAN_POINT('',(-1.27,-6.096,0.));
#2788 = DIRECTION('',(0.707106781187,0.707106781187,0.));
#2789 = DIRECTION('',(0.707106781187,-0.707106781187,0.));
#2790 = ADVANCED_FACE('',(#2791),#2802,.F.);
#2791 = FACE_BOUND('',#2792,.F.);
#2792 = EDGE_LOOP('',(#2793,#2799,#2800,#2801));
#2793 = ORIENTED_EDGE('',*,*,#2794,.T.);
#2794 = EDGE_CURVE('',#2129,#2376,#2795,.T.);
#2795 = LINE('',#2796,#2797);
#2796 = CARTESIAN_POINT('',(1.27,-6.096,0.));
#2797 = VECTOR('',#2798,1.);
#2798 = DIRECTION('',(0.,0.,1.));
#2799 = ORIENTED_EDGE('',*,*,#2383,.T.);
#2800 = ORIENTED_EDGE('',*,*,#2760,.F.);
#2801 = ORIENTED_EDGE('',*,*,#2136,.F.);
#2802 = PLANE('',#2803);
#2803 = AXIS2_PLACEMENT_3D('',#2804,#2805,#2806);
#2804 = CARTESIAN_POINT('',(1.27,-6.096,0.));
#2805 = DIRECTION('',(-1.,0.,0.));
#2806 = DIRECTION('',(0.,1.,0.));
#2807 = ADVANCED_FACE('',(#2808),#2819,.F.);
#2808 = FACE_BOUND('',#2809,.F.);
#2809 = EDGE_LOOP('',(#2810,#2811,#2812,#2818));
#2810 = ORIENTED_EDGE('',*,*,#2779,.T.);
#2811 = ORIENTED_EDGE('',*,*,#2367,.T.);
#2812 = ORIENTED_EDGE('',*,*,#2813,.F.);
#2813 = EDGE_CURVE('',#2121,#2368,#2814,.T.);
#2814 = LINE('',#2815,#2816);
#2815 = CARTESIAN_POINT('',(1.016,-6.35,0.));
#2816 = VECTOR('',#2817,1.);
#2817 = DIRECTION('',(0.,0.,1.));
#2818 = ORIENTED_EDGE('',*,*,#2120,.F.);
#2819 = PLANE('',#2820);
#2820 = AXIS2_PLACEMENT_3D('',#2821,#2822,#2823);
#2821 = CARTESIAN_POINT('',(-1.016,-6.35,0.));
#2822 = DIRECTION('',(0.,1.,0.));
#2823 = DIRECTION('',(1.,0.,0.));
#2824 = ADVANCED_FACE('',(#2825),#2831,.F.);
#2825 = FACE_BOUND('',#2826,.F.);
#2826 = EDGE_LOOP('',(#2827,#2828,#2829,#2830));
#2827 = ORIENTED_EDGE('',*,*,#2813,.T.);
#2828 = ORIENTED_EDGE('',*,*,#2375,.T.);
#2829 = ORIENTED_EDGE('',*,*,#2794,.F.);
#2830 = ORIENTED_EDGE('',*,*,#2128,.F.);
#2831 = PLANE('',#2832);
#2832 = AXIS2_PLACEMENT_3D('',#2833,#2834,#2835);
#2833 = CARTESIAN_POINT('',(1.016,-6.35,0.));
#2834 = DIRECTION('',(-0.707106781187,0.707106781187,0.));
#2835 = DIRECTION('',(0.707106781187,0.707106781187,0.));
#2836 = ADVANCED_FACE('',(#2837),#2862,.T.);
#2837 = FACE_BOUND('',#2838,.T.);
#2838 = EDGE_LOOP('',(#2839,#2847,#2855,#2861));
#2839 = ORIENTED_EDGE('',*,*,#2840,.F.);
#2840 = EDGE_CURVE('',#2841,#2202,#2843,.T.);
#2841 = VERTEX_POINT('',#2842);
#2842 = CARTESIAN_POINT('',(0.32,-0.32,-2.84));
#2843 = LINE('',#2844,#2845);
#2844 = CARTESIAN_POINT('',(0.32,-0.32,-3.));
#2845 = VECTOR('',#2846,1.);
#2846 = DIRECTION('',(0.,0.,1.));
#2847 = ORIENTED_EDGE('',*,*,#2848,.T.);
#2848 = EDGE_CURVE('',#2841,#2849,#2851,.T.);
#2849 = VERTEX_POINT('',#2850);
#2850 = CARTESIAN_POINT('',(0.32,0.32,-2.84));
#2851 = LINE('',#2852,#2853);
#2852 = CARTESIAN_POINT('',(0.32,-0.32,-2.84));
#2853 = VECTOR('',#2854,1.);
#2854 = DIRECTION('',(0.,1.,0.));
#2855 = ORIENTED_EDGE('',*,*,#2856,.T.);
#2856 = EDGE_CURVE('',#2849,#2204,#2857,.T.);
#2857 = LINE('',#2858,#2859);
#2858 = CARTESIAN_POINT('',(0.32,0.32,-3.));
#2859 = VECTOR('',#2860,1.);
#2860 = DIRECTION('',(0.,0.,1.));
#2861 = ORIENTED_EDGE('',*,*,#2201,.F.);
#2862 = PLANE('',#2863);
#2863 = AXIS2_PLACEMENT_3D('',#2864,#2865,#2866);
#2864 = CARTESIAN_POINT('',(0.32,-0.32,-3.));
#2865 = DIRECTION('',(1.,0.,0.));
#2866 = DIRECTION('',(0.,0.,1.));
#2867 = ADVANCED_FACE('',(#2868),#2886,.T.);
#2868 = FACE_BOUND('',#2869,.T.);
#2869 = EDGE_LOOP('',(#2870,#2871,#2879,#2885));
#2870 = ORIENTED_EDGE('',*,*,#2856,.F.);
#2871 = ORIENTED_EDGE('',*,*,#2872,.F.);
#2872 = EDGE_CURVE('',#2873,#2849,#2875,.T.);
#2873 = VERTEX_POINT('',#2874);
#2874 = CARTESIAN_POINT('',(-0.32,0.32,-2.84));
#2875 = LINE('',#2876,#2877);
#2876 = CARTESIAN_POINT('',(-0.32,0.32,-2.84));
#2877 = VECTOR('',#2878,1.);
#2878 = DIRECTION('',(1.,0.,0.));
#2879 = ORIENTED_EDGE('',*,*,#2880,.T.);
#2880 = EDGE_CURVE('',#2873,#2220,#2881,.T.);
#2881 = LINE('',#2882,#2883);
#2882 = CARTESIAN_POINT('',(-0.32,0.32,-3.));
#2883 = VECTOR('',#2884,1.);
#2884 = DIRECTION('',(0.,0.,1.));
#2885 = ORIENTED_EDGE('',*,*,#2227,.F.);
#2886 = PLANE('',#2887);
#2887 = AXIS2_PLACEMENT_3D('',#2888,#2889,#2890);
#2888 = CARTESIAN_POINT('',(-0.32,0.32,-3.));
#2889 = DIRECTION('',(0.,1.,0.));
#2890 = DIRECTION('',(0.,-0.,1.));
#2891 = ADVANCED_FACE('',(#2892),#2910,.F.);
#2892 = FACE_BOUND('',#2893,.F.);
#2893 = EDGE_LOOP('',(#2894,#2902,#2908,#2909));
#2894 = ORIENTED_EDGE('',*,*,#2895,.F.);
#2895 = EDGE_CURVE('',#2896,#2212,#2898,.T.);
#2896 = VERTEX_POINT('',#2897);
#2897 = CARTESIAN_POINT('',(-0.32,-0.32,-2.84));
#2898 = LINE('',#2899,#2900);
#2899 = CARTESIAN_POINT('',(-0.32,-0.32,-3.));
#2900 = VECTOR('',#2901,1.);
#2901 = DIRECTION('',(0.,0.,1.));
#2902 = ORIENTED_EDGE('',*,*,#2903,.T.);
#2903 = EDGE_CURVE('',#2896,#2873,#2904,.T.);
#2904 = LINE('',#2905,#2906);
#2905 = CARTESIAN_POINT('',(-0.32,-0.32,-2.84));
#2906 = VECTOR('',#2907,1.);
#2907 = DIRECTION('',(0.,1.,0.));
#2908 = ORIENTED_EDGE('',*,*,#2880,.T.);
#2909 = ORIENTED_EDGE('',*,*,#2219,.F.);
#2910 = PLANE('',#2911);
#2911 = AXIS2_PLACEMENT_3D('',#2912,#2913,#2914);
#2912 = CARTESIAN_POINT('',(-0.32,-0.32,-3.));
#2913 = DIRECTION('',(1.,0.,0.));
#2914 = DIRECTION('',(0.,0.,1.));
#2915 = ADVANCED_FACE('',(#2916),#2927,.F.);
#2916 = FACE_BOUND('',#2917,.F.);
#2917 = EDGE_LOOP('',(#2918,#2919,#2925,#2926));
#2918 = ORIENTED_EDGE('',*,*,#2840,.F.);
#2919 = ORIENTED_EDGE('',*,*,#2920,.F.);
#2920 = EDGE_CURVE('',#2896,#2841,#2921,.T.);
#2921 = LINE('',#2922,#2923);
#2922 = CARTESIAN_POINT('',(-0.32,-0.32,-2.84));
#2923 = VECTOR('',#2924,1.);
#2924 = DIRECTION('',(1.,0.,0.));
#2925 = ORIENTED_EDGE('',*,*,#2895,.T.);
#2926 = ORIENTED_EDGE('',*,*,#2211,.F.);
#2927 = PLANE('',#2928);
#2928 = AXIS2_PLACEMENT_3D('',#2929,#2930,#2931);
#2929 = CARTESIAN_POINT('',(-0.32,-0.32,-3.));
#2930 = DIRECTION('',(0.,1.,0.));
#2931 = DIRECTION('',(0.,-0.,1.));
#2932 = ADVANCED_FACE('',(#2933),#2958,.F.);
#2933 = FACE_BOUND('',#2934,.F.);
#2934 = EDGE_LOOP('',(#2935,#2943,#2951,#2957));
#2935 = ORIENTED_EDGE('',*,*,#2936,.F.);
#2936 = EDGE_CURVE('',#2937,#2236,#2939,.T.);
#2937 = VERTEX_POINT('',#2938);
#2938 = CARTESIAN_POINT('',(0.32,-2.86,-2.84));
#2939 = LINE('',#2940,#2941);
#2940 = CARTESIAN_POINT('',(0.32,-2.86,-3.));
#2941 = VECTOR('',#2942,1.);
#2942 = DIRECTION('',(0.,0.,1.));
#2943 = ORIENTED_EDGE('',*,*,#2944,.F.);
#2944 = EDGE_CURVE('',#2945,#2937,#2947,.T.);
#2945 = VERTEX_POINT('',#2946);
#2946 = CARTESIAN_POINT('',(-0.32,-2.86,-2.84));
#2947 = LINE('',#2948,#2949);
#2948 = CARTESIAN_POINT('',(-0.32,-2.86,-2.84));
#2949 = VECTOR('',#2950,1.);
#2950 = DIRECTION('',(1.,0.,0.));
#2951 = ORIENTED_EDGE('',*,*,#2952,.T.);
#2952 = EDGE_CURVE('',#2945,#2238,#2953,.T.);
#2953 = LINE('',#2954,#2955);
#2954 = CARTESIAN_POINT('',(-0.32,-2.86,-3.));
#2955 = VECTOR('',#2956,1.);
#2956 = DIRECTION('',(0.,0.,1.));
#2957 = ORIENTED_EDGE('',*,*,#2235,.F.);
#2958 = PLANE('',#2959);
#2959 = AXIS2_PLACEMENT_3D('',#2960,#2961,#2962);
#2960 = CARTESIAN_POINT('',(-0.32,-2.86,-3.));
#2961 = DIRECTION('',(0.,1.,0.));
#2962 = DIRECTION('',(0.,-0.,1.));
#2963 = ADVANCED_FACE('',(#2964),#2982,.T.);
#2964 = FACE_BOUND('',#2965,.T.);
#2965 = EDGE_LOOP('',(#2966,#2967,#2975,#2981));
#2966 = ORIENTED_EDGE('',*,*,#2936,.F.);
#2967 = ORIENTED_EDGE('',*,*,#2968,.T.);
#2968 = EDGE_CURVE('',#2937,#2969,#2971,.T.);
#2969 = VERTEX_POINT('',#2970);
#2970 = CARTESIAN_POINT('',(0.32,-2.22,-2.84));
#2971 = LINE('',#2972,#2973);
#2972 = CARTESIAN_POINT('',(0.32,-2.86,-2.84));
#2973 = VECTOR('',#2974,1.);
#2974 = DIRECTION('',(0.,1.,0.));
#2975 = ORIENTED_EDGE('',*,*,#2976,.T.);
#2976 = EDGE_CURVE('',#2969,#2254,#2977,.T.);
#2977 = LINE('',#2978,#2979);
#2978 = CARTESIAN_POINT('',(0.32,-2.22,-3.));
#2979 = VECTOR('',#2980,1.);
#2980 = DIRECTION('',(0.,0.,1.));
#2981 = ORIENTED_EDGE('',*,*,#2261,.F.);
#2982 = PLANE('',#2983);
#2983 = AXIS2_PLACEMENT_3D('',#2984,#2985,#2986);
#2984 = CARTESIAN_POINT('',(0.32,-2.86,-3.));
#2985 = DIRECTION('',(1.,0.,0.));
#2986 = DIRECTION('',(0.,0.,1.));
#2987 = ADVANCED_FACE('',(#2988),#3006,.T.);
#2988 = FACE_BOUND('',#2989,.T.);
#2989 = EDGE_LOOP('',(#2990,#2991,#2999,#3005));
#2990 = ORIENTED_EDGE('',*,*,#2976,.F.);
#2991 = ORIENTED_EDGE('',*,*,#2992,.F.);
#2992 = EDGE_CURVE('',#2993,#2969,#2995,.T.);
#2993 = VERTEX_POINT('',#2994);
#2994 = CARTESIAN_POINT('',(-0.32,-2.22,-2.84));
#2995 = LINE('',#2996,#2997);
#2996 = CARTESIAN_POINT('',(-0.32,-2.22,-2.84));
#2997 = VECTOR('',#2998,1.);
#2998 = DIRECTION('',(1.,0.,0.));
#2999 = ORIENTED_EDGE('',*,*,#3000,.T.);
#3000 = EDGE_CURVE('',#2993,#2246,#3001,.T.);
#3001 = LINE('',#3002,#3003);
#3002 = CARTESIAN_POINT('',(-0.32,-2.22,-3.));
#3003 = VECTOR('',#3004,1.);
#3004 = DIRECTION('',(0.,0.,1.));
#3005 = ORIENTED_EDGE('',*,*,#2253,.F.);
#3006 = PLANE('',#3007);
#3007 = AXIS2_PLACEMENT_3D('',#3008,#3009,#3010);
#3008 = CARTESIAN_POINT('',(-0.32,-2.22,-3.));
#3009 = DIRECTION('',(0.,1.,0.));
#3010 = DIRECTION('',(0.,-0.,1.));
#3011 = ADVANCED_FACE('',(#3012),#3023,.F.);
#3012 = FACE_BOUND('',#3013,.F.);
#3013 = EDGE_LOOP('',(#3014,#3015,#3021,#3022));
#3014 = ORIENTED_EDGE('',*,*,#2952,.F.);
#3015 = ORIENTED_EDGE('',*,*,#3016,.T.);
#3016 = EDGE_CURVE('',#2945,#2993,#3017,.T.);
#3017 = LINE('',#3018,#3019);
#3018 = CARTESIAN_POINT('',(-0.32,-2.86,-2.84));
#3019 = VECTOR('',#3020,1.);
#3020 = DIRECTION('',(0.,1.,0.));
#3021 = ORIENTED_EDGE('',*,*,#3000,.T.);
#3022 = ORIENTED_EDGE('',*,*,#2245,.F.);
#3023 = PLANE('',#3024);
#3024 = AXIS2_PLACEMENT_3D('',#3025,#3026,#3027);
#3025 = CARTESIAN_POINT('',(-0.32,-2.86,-3.));
#3026 = DIRECTION('',(1.,0.,0.));
#3027 = DIRECTION('',(0.,0.,1.));
#3028 = ADVANCED_FACE('',(#3029),#3054,.T.);
#3029 = FACE_BOUND('',#3030,.T.);
#3030 = EDGE_LOOP('',(#3031,#3039,#3047,#3053));
#3031 = ORIENTED_EDGE('',*,*,#3032,.F.);
#3032 = EDGE_CURVE('',#3033,#2270,#3035,.T.);
#3033 = VERTEX_POINT('',#3034);
#3034 = CARTESIAN_POINT('',(0.32,-4.76,-2.84));
#3035 = LINE('',#3036,#3037);
#3036 = CARTESIAN_POINT('',(0.32,-4.76,-3.));
#3037 = VECTOR('',#3038,1.);
#3038 = DIRECTION('',(0.,0.,1.));
#3039 = ORIENTED_EDGE('',*,*,#3040,.F.);
#3040 = EDGE_CURVE('',#3041,#3033,#3043,.T.);
#3041 = VERTEX_POINT('',#3042);
#3042 = CARTESIAN_POINT('',(-0.32,-4.76,-2.84));
#3043 = LINE('',#3044,#3045);
#3044 = CARTESIAN_POINT('',(-0.32,-4.76,-2.84));
#3045 = VECTOR('',#3046,1.);
#3046 = DIRECTION('',(1.,0.,0.));
#3047 = ORIENTED_EDGE('',*,*,#3048,.T.);
#3048 = EDGE_CURVE('',#3041,#2272,#3049,.T.);
#3049 = LINE('',#3050,#3051);
#3050 = CARTESIAN_POINT('',(-0.32,-4.76,-3.));
#3051 = VECTOR('',#3052,1.);
#3052 = DIRECTION('',(0.,0.,1.));
#3053 = ORIENTED_EDGE('',*,*,#2269,.F.);
#3054 = PLANE('',#3055);
#3055 = AXIS2_PLACEMENT_3D('',#3056,#3057,#3058);
#3056 = CARTESIAN_POINT('',(-0.32,-4.76,-3.));
#3057 = DIRECTION('',(0.,1.,0.));
#3058 = DIRECTION('',(0.,-0.,1.));
#3059 = ADVANCED_FACE('',(#3060),#3078,.F.);
#3060 = FACE_BOUND('',#3061,.F.);
#3061 = EDGE_LOOP('',(#3062,#3070,#3076,#3077));
#3062 = ORIENTED_EDGE('',*,*,#3063,.F.);
#3063 = EDGE_CURVE('',#3064,#2288,#3066,.T.);
#3064 = VERTEX_POINT('',#3065);
#3065 = CARTESIAN_POINT('',(-0.32,-5.4,-2.84));
#3066 = LINE('',#3067,#3068);
#3067 = CARTESIAN_POINT('',(-0.32,-5.4,-3.));
#3068 = VECTOR('',#3069,1.);
#3069 = DIRECTION('',(0.,0.,1.));
#3070 = ORIENTED_EDGE('',*,*,#3071,.T.);
#3071 = EDGE_CURVE('',#3064,#3041,#3072,.T.);
#3072 = LINE('',#3073,#3074);
#3073 = CARTESIAN_POINT('',(-0.32,-5.4,-2.84));
#3074 = VECTOR('',#3075,1.);
#3075 = DIRECTION('',(0.,1.,0.));
#3076 = ORIENTED_EDGE('',*,*,#3048,.T.);
#3077 = ORIENTED_EDGE('',*,*,#2295,.F.);
#3078 = PLANE('',#3079);
#3079 = AXIS2_PLACEMENT_3D('',#3080,#3081,#3082);
#3080 = CARTESIAN_POINT('',(-0.32,-5.4,-3.));
#3081 = DIRECTION('',(1.,0.,0.));
#3082 = DIRECTION('',(0.,0.,1.));
#3083 = ADVANCED_FACE('',(#3084),#3102,.F.);
#3084 = FACE_BOUND('',#3085,.F.);
#3085 = EDGE_LOOP('',(#3086,#3094,#3100,#3101));
#3086 = ORIENTED_EDGE('',*,*,#3087,.F.);
#3087 = EDGE_CURVE('',#3088,#2280,#3090,.T.);
#3088 = VERTEX_POINT('',#3089);
#3089 = CARTESIAN_POINT('',(0.32,-5.4,-2.84));
#3090 = LINE('',#3091,#3092);
#3091 = CARTESIAN_POINT('',(0.32,-5.4,-3.));
#3092 = VECTOR('',#3093,1.);
#3093 = DIRECTION('',(0.,0.,1.));
#3094 = ORIENTED_EDGE('',*,*,#3095,.F.);
#3095 = EDGE_CURVE('',#3064,#3088,#3096,.T.);
#3096 = LINE('',#3097,#3098);
#3097 = CARTESIAN_POINT('',(-0.32,-5.4,-2.84));
#3098 = VECTOR('',#3099,1.);
#3099 = DIRECTION('',(1.,0.,0.));
#3100 = ORIENTED_EDGE('',*,*,#3063,.T.);
#3101 = ORIENTED_EDGE('',*,*,#2287,.F.);
#3102 = PLANE('',#3103);
#3103 = AXIS2_PLACEMENT_3D('',#3104,#3105,#3106);
#3104 = CARTESIAN_POINT('',(-0.32,-5.4,-3.));
#3105 = DIRECTION('',(0.,1.,0.));
#3106 = DIRECTION('',(0.,-0.,1.));
#3107 = ADVANCED_FACE('',(#3108),#3119,.T.);
#3108 = FACE_BOUND('',#3109,.T.);
#3109 = EDGE_LOOP('',(#3110,#3111,#3117,#3118));
#3110 = ORIENTED_EDGE('',*,*,#3087,.F.);
#3111 = ORIENTED_EDGE('',*,*,#3112,.T.);
#3112 = EDGE_CURVE('',#3088,#3033,#3113,.T.);
#3113 = LINE('',#3114,#3115);
#3114 = CARTESIAN_POINT('',(0.32,-5.4,-2.84));
#3115 = VECTOR('',#3116,1.);
#3116 = DIRECTION('',(0.,1.,0.));
#3117 = ORIENTED_EDGE('',*,*,#3032,.T.);
#3118 = ORIENTED_EDGE('',*,*,#2279,.F.);
#3119 = PLANE('',#3120);
#3120 = AXIS2_PLACEMENT_3D('',#3121,#3122,#3123);
#3121 = CARTESIAN_POINT('',(0.32,-5.4,-3.));
#3122 = DIRECTION('',(1.,0.,0.));
#3123 = DIRECTION('',(0.,0.,1.));
#3124 = ADVANCED_FACE('',(#3125),#3150,.T.);
#3125 = FACE_BOUND('',#3126,.T.);
#3126 = EDGE_LOOP('',(#3127,#3135,#3136,#3144));
#3127 = ORIENTED_EDGE('',*,*,#3128,.F.);
#3128 = EDGE_CURVE('',#2449,#3129,#3131,.T.);
#3129 = VERTEX_POINT('',#3130);
#3130 = CARTESIAN_POINT('',(0.32,-0.32,8.38));
#3131 = LINE('',#3132,#3133);
#3132 = CARTESIAN_POINT('',(0.32,-0.32,-3.));
#3133 = VECTOR('',#3134,1.);
#3134 = DIRECTION('',(0.,0.,1.));
#3135 = ORIENTED_EDGE('',*,*,#2448,.T.);
#3136 = ORIENTED_EDGE('',*,*,#3137,.T.);
#3137 = EDGE_CURVE('',#2451,#3138,#3140,.T.);
#3138 = VERTEX_POINT('',#3139);
#3139 = CARTESIAN_POINT('',(0.32,0.32,8.38));
#3140 = LINE('',#3141,#3142);
#3141 = CARTESIAN_POINT('',(0.32,0.32,-3.));
#3142 = VECTOR('',#3143,1.);
#3143 = DIRECTION('',(0.,0.,1.));
#3144 = ORIENTED_EDGE('',*,*,#3145,.F.);
#3145 = EDGE_CURVE('',#3129,#3138,#3146,.T.);
#3146 = LINE('',#3147,#3148);
#3147 = CARTESIAN_POINT('',(0.32,-0.32,8.38));
#3148 = VECTOR('',#3149,1.);
#3149 = DIRECTION('',(0.,1.,0.));
#3150 = PLANE('',#3151);
#3151 = AXIS2_PLACEMENT_3D('',#3152,#3153,#3154);
#3152 = CARTESIAN_POINT('',(0.32,-0.32,-3.));
#3153 = DIRECTION('',(1.,0.,0.));
#3154 = DIRECTION('',(0.,0.,1.));
#3155 = ADVANCED_FACE('',(#3156),#3174,.T.);
#3156 = FACE_BOUND('',#3157,.T.);
#3157 = EDGE_LOOP('',(#3158,#3159,#3160,#3168));
#3158 = ORIENTED_EDGE('',*,*,#3137,.F.);
#3159 = ORIENTED_EDGE('',*,*,#2474,.T.);
#3160 = ORIENTED_EDGE('',*,*,#3161,.T.);
#3161 = EDGE_CURVE('',#2467,#3162,#3164,.T.);
#3162 = VERTEX_POINT('',#3163);
#3163 = CARTESIAN_POINT('',(-0.32,0.32,8.38));
#3164 = LINE('',#3165,#3166);
#3165 = CARTESIAN_POINT('',(-0.32,0.32,-3.));
#3166 = VECTOR('',#3167,1.);
#3167 = DIRECTION('',(0.,0.,1.));
#3168 = ORIENTED_EDGE('',*,*,#3169,.T.);
#3169 = EDGE_CURVE('',#3162,#3138,#3170,.T.);
#3170 = LINE('',#3171,#3172);
#3171 = CARTESIAN_POINT('',(-0.32,0.32,8.38));
#3172 = VECTOR('',#3173,1.);
#3173 = DIRECTION('',(1.,0.,0.));
#3174 = PLANE('',#3175);
#3175 = AXIS2_PLACEMENT_3D('',#3176,#3177,#3178);
#3176 = CARTESIAN_POINT('',(-0.32,0.32,-3.));
#3177 = DIRECTION('',(0.,1.,0.));
#3178 = DIRECTION('',(0.,-0.,1.));
#3179 = ADVANCED_FACE('',(#3180),#3198,.F.);
#3180 = FACE_BOUND('',#3181,.F.);
#3181 = EDGE_LOOP('',(#3182,#3190,#3191,#3192));
#3182 = ORIENTED_EDGE('',*,*,#3183,.F.);
#3183 = EDGE_CURVE('',#2459,#3184,#3186,.T.);
#3184 = VERTEX_POINT('',#3185);
#3185 = CARTESIAN_POINT('',(-0.32,-0.32,8.38));
#3186 = LINE('',#3187,#3188);
#3187 = CARTESIAN_POINT('',(-0.32,-0.32,-3.));
#3188 = VECTOR('',#3189,1.);
#3189 = DIRECTION('',(0.,0.,1.));
#3190 = ORIENTED_EDGE('',*,*,#2466,.T.);
#3191 = ORIENTED_EDGE('',*,*,#3161,.T.);
#3192 = ORIENTED_EDGE('',*,*,#3193,.F.);
#3193 = EDGE_CURVE('',#3184,#3162,#3194,.T.);
#3194 = LINE('',#3195,#3196);
#3195 = CARTESIAN_POINT('',(-0.32,-0.32,8.38));
#3196 = VECTOR('',#3197,1.);
#3197 = DIRECTION('',(0.,1.,0.));
#3198 = PLANE('',#3199);
#3199 = AXIS2_PLACEMENT_3D('',#3200,#3201,#3202);
#3200 = CARTESIAN_POINT('',(-0.32,-0.32,-3.));
#3201 = DIRECTION('',(1.,0.,0.));
#3202 = DIRECTION('',(0.,0.,1.));
#3203 = ADVANCED_FACE('',(#3204),#3215,.F.);
#3204 = FACE_BOUND('',#3205,.F.);
#3205 = EDGE_LOOP('',(#3206,#3207,#3208,#3209));
#3206 = ORIENTED_EDGE('',*,*,#3128,.F.);
#3207 = ORIENTED_EDGE('',*,*,#2458,.T.);
#3208 = ORIENTED_EDGE('',*,*,#3183,.T.);
#3209 = ORIENTED_EDGE('',*,*,#3210,.T.);
#3210 = EDGE_CURVE('',#3184,#3129,#3211,.T.);
#3211 = LINE('',#3212,#3213);
#3212 = CARTESIAN_POINT('',(-0.32,-0.32,8.38));
#3213 = VECTOR('',#3214,1.);
#3214 = DIRECTION('',(1.,0.,0.));
#3215 = PLANE('',#3216);
#3216 = AXIS2_PLACEMENT_3D('',#3217,#3218,#3219);
#3217 = CARTESIAN_POINT('',(-0.32,-0.32,-3.));
#3218 = DIRECTION('',(0.,1.,0.));
#3219 = DIRECTION('',(0.,-0.,1.));
#3220 = ADVANCED_FACE('',(#3221),#3246,.F.);
#3221 = FACE_BOUND('',#3222,.F.);
#3222 = EDGE_LOOP('',(#3223,#3231,#3232,#3240));
#3223 = ORIENTED_EDGE('',*,*,#3224,.F.);
#3224 = EDGE_CURVE('',#2483,#3225,#3227,.T.);
#3225 = VERTEX_POINT('',#3226);
#3226 = CARTESIAN_POINT('',(0.32,-2.86,8.38));
#3227 = LINE('',#3228,#3229);
#3228 = CARTESIAN_POINT('',(0.32,-2.86,-3.));
#3229 = VECTOR('',#3230,1.);
#3230 = DIRECTION('',(0.,0.,1.));
#3231 = ORIENTED_EDGE('',*,*,#2482,.T.);
#3232 = ORIENTED_EDGE('',*,*,#3233,.T.);
#3233 = EDGE_CURVE('',#2485,#3234,#3236,.T.);
#3234 = VERTEX_POINT('',#3235);
#3235 = CARTESIAN_POINT('',(-0.32,-2.86,8.38));
#3236 = LINE('',#3237,#3238);
#3237 = CARTESIAN_POINT('',(-0.32,-2.86,-3.));
#3238 = VECTOR('',#3239,1.);
#3239 = DIRECTION('',(0.,0.,1.));
#3240 = ORIENTED_EDGE('',*,*,#3241,.T.);
#3241 = EDGE_CURVE('',#3234,#3225,#3242,.T.);
#3242 = LINE('',#3243,#3244);
#3243 = CARTESIAN_POINT('',(-0.32,-2.86,8.38));
#3244 = VECTOR('',#3245,1.);
#3245 = DIRECTION('',(1.,0.,0.));
#3246 = PLANE('',#3247);
#3247 = AXIS2_PLACEMENT_3D('',#3248,#3249,#3250);
#3248 = CARTESIAN_POINT('',(-0.32,-2.86,-3.));
#3249 = DIRECTION('',(0.,1.,0.));
#3250 = DIRECTION('',(0.,-0.,1.));
#3251 = ADVANCED_FACE('',(#3252),#3270,.T.);
#3252 = FACE_BOUND('',#3253,.T.);
#3253 = EDGE_LOOP('',(#3254,#3255,#3256,#3264));
#3254 = ORIENTED_EDGE('',*,*,#3224,.F.);
#3255 = ORIENTED_EDGE('',*,*,#2508,.T.);
#3256 = ORIENTED_EDGE('',*,*,#3257,.T.);
#3257 = EDGE_CURVE('',#2501,#3258,#3260,.T.);
#3258 = VERTEX_POINT('',#3259);
#3259 = CARTESIAN_POINT('',(0.32,-2.22,8.38));
#3260 = LINE('',#3261,#3262);
#3261 = CARTESIAN_POINT('',(0.32,-2.22,-3.));
#3262 = VECTOR('',#3263,1.);
#3263 = DIRECTION('',(0.,0.,1.));
#3264 = ORIENTED_EDGE('',*,*,#3265,.F.);
#3265 = EDGE_CURVE('',#3225,#3258,#3266,.T.);
#3266 = LINE('',#3267,#3268);
#3267 = CARTESIAN_POINT('',(0.32,-2.86,8.38));
#3268 = VECTOR('',#3269,1.);
#3269 = DIRECTION('',(0.,1.,0.));
#3270 = PLANE('',#3271);
#3271 = AXIS2_PLACEMENT_3D('',#3272,#3273,#3274);
#3272 = CARTESIAN_POINT('',(0.32,-2.86,-3.));
#3273 = DIRECTION('',(1.,0.,0.));
#3274 = DIRECTION('',(0.,0.,1.));
#3275 = ADVANCED_FACE('',(#3276),#3294,.T.);
#3276 = FACE_BOUND('',#3277,.T.);
#3277 = EDGE_LOOP('',(#3278,#3279,#3280,#3288));
#3278 = ORIENTED_EDGE('',*,*,#3257,.F.);
#3279 = ORIENTED_EDGE('',*,*,#2500,.T.);
#3280 = ORIENTED_EDGE('',*,*,#3281,.T.);
#3281 = EDGE_CURVE('',#2493,#3282,#3284,.T.);
#3282 = VERTEX_POINT('',#3283);
#3283 = CARTESIAN_POINT('',(-0.32,-2.22,8.38));
#3284 = LINE('',#3285,#3286);
#3285 = CARTESIAN_POINT('',(-0.32,-2.22,-3.));
#3286 = VECTOR('',#3287,1.);
#3287 = DIRECTION('',(0.,0.,1.));
#3288 = ORIENTED_EDGE('',*,*,#3289,.T.);
#3289 = EDGE_CURVE('',#3282,#3258,#3290,.T.);
#3290 = LINE('',#3291,#3292);
#3291 = CARTESIAN_POINT('',(-0.32,-2.22,8.38));
#3292 = VECTOR('',#3293,1.);
#3293 = DIRECTION('',(1.,0.,0.));
#3294 = PLANE('',#3295);
#3295 = AXIS2_PLACEMENT_3D('',#3296,#3297,#3298);
#3296 = CARTESIAN_POINT('',(-0.32,-2.22,-3.));
#3297 = DIRECTION('',(0.,1.,0.));
#3298 = DIRECTION('',(0.,-0.,1.));
#3299 = ADVANCED_FACE('',(#3300),#3311,.F.);
#3300 = FACE_BOUND('',#3301,.F.);
#3301 = EDGE_LOOP('',(#3302,#3303,#3304,#3305));
#3302 = ORIENTED_EDGE('',*,*,#3233,.F.);
#3303 = ORIENTED_EDGE('',*,*,#2492,.T.);
#3304 = ORIENTED_EDGE('',*,*,#3281,.T.);
#3305 = ORIENTED_EDGE('',*,*,#3306,.F.);
#3306 = EDGE_CURVE('',#3234,#3282,#3307,.T.);
#3307 = LINE('',#3308,#3309);
#3308 = CARTESIAN_POINT('',(-0.32,-2.86,8.38));
#3309 = VECTOR('',#3310,1.);
#3310 = DIRECTION('',(0.,1.,0.));
#3311 = PLANE('',#3312);
#3312 = AXIS2_PLACEMENT_3D('',#3313,#3314,#3315);
#3313 = CARTESIAN_POINT('',(-0.32,-2.86,-3.));
#3314 = DIRECTION('',(1.,0.,0.));
#3315 = DIRECTION('',(0.,0.,1.));
#3316 = ADVANCED_FACE('',(#3317),#3342,.T.);
#3317 = FACE_BOUND('',#3318,.T.);
#3318 = EDGE_LOOP('',(#3319,#3327,#3328,#3336));
#3319 = ORIENTED_EDGE('',*,*,#3320,.F.);
#3320 = EDGE_CURVE('',#2517,#3321,#3323,.T.);
#3321 = VERTEX_POINT('',#3322);
#3322 = CARTESIAN_POINT('',(0.32,-4.76,8.38));
#3323 = LINE('',#3324,#3325);
#3324 = CARTESIAN_POINT('',(0.32,-4.76,-3.));
#3325 = VECTOR('',#3326,1.);
#3326 = DIRECTION('',(0.,0.,1.));
#3327 = ORIENTED_EDGE('',*,*,#2516,.T.);
#3328 = ORIENTED_EDGE('',*,*,#3329,.T.);
#3329 = EDGE_CURVE('',#2519,#3330,#3332,.T.);
#3330 = VERTEX_POINT('',#3331);
#3331 = CARTESIAN_POINT('',(-0.32,-4.76,8.38));
#3332 = LINE('',#3333,#3334);
#3333 = CARTESIAN_POINT('',(-0.32,-4.76,-3.));
#3334 = VECTOR('',#3335,1.);
#3335 = DIRECTION('',(0.,0.,1.));
#3336 = ORIENTED_EDGE('',*,*,#3337,.T.);
#3337 = EDGE_CURVE('',#3330,#3321,#3338,.T.);
#3338 = LINE('',#3339,#3340);
#3339 = CARTESIAN_POINT('',(-0.32,-4.76,8.38));
#3340 = VECTOR('',#3341,1.);
#3341 = DIRECTION('',(1.,0.,0.));
#3342 = PLANE('',#3343);
#3343 = AXIS2_PLACEMENT_3D('',#3344,#3345,#3346);
#3344 = CARTESIAN_POINT('',(-0.32,-4.76,-3.));
#3345 = DIRECTION('',(0.,1.,0.));
#3346 = DIRECTION('',(0.,-0.,1.));
#3347 = ADVANCED_FACE('',(#3348),#3366,.F.);
#3348 = FACE_BOUND('',#3349,.F.);
#3349 = EDGE_LOOP('',(#3350,#3358,#3359,#3360));
#3350 = ORIENTED_EDGE('',*,*,#3351,.F.);
#3351 = EDGE_CURVE('',#2535,#3352,#3354,.T.);
#3352 = VERTEX_POINT('',#3353);
#3353 = CARTESIAN_POINT('',(-0.32,-5.4,8.38));
#3354 = LINE('',#3355,#3356);
#3355 = CARTESIAN_POINT('',(-0.32,-5.4,-3.));
#3356 = VECTOR('',#3357,1.);
#3357 = DIRECTION('',(0.,0.,1.));
#3358 = ORIENTED_EDGE('',*,*,#2542,.T.);
#3359 = ORIENTED_EDGE('',*,*,#3329,.T.);
#3360 = ORIENTED_EDGE('',*,*,#3361,.F.);
#3361 = EDGE_CURVE('',#3352,#3330,#3362,.T.);
#3362 = LINE('',#3363,#3364);
#3363 = CARTESIAN_POINT('',(-0.32,-5.4,8.38));
#3364 = VECTOR('',#3365,1.);
#3365 = DIRECTION('',(0.,1.,0.));
#3366 = PLANE('',#3367);
#3367 = AXIS2_PLACEMENT_3D('',#3368,#3369,#3370);
#3368 = CARTESIAN_POINT('',(-0.32,-5.4,-3.));
#3369 = DIRECTION('',(1.,0.,0.));
#3370 = DIRECTION('',(0.,0.,1.));
#3371 = ADVANCED_FACE('',(#3372),#3390,.F.);
#3372 = FACE_BOUND('',#3373,.F.);
#3373 = EDGE_LOOP('',(#3374,#3382,#3383,#3384));
#3374 = ORIENTED_EDGE('',*,*,#3375,.F.);
#3375 = EDGE_CURVE('',#2527,#3376,#3378,.T.);
#3376 = VERTEX_POINT('',#3377);
#3377 = CARTESIAN_POINT('',(0.32,-5.4,8.38));
#3378 = LINE('',#3379,#3380);
#3379 = CARTESIAN_POINT('',(0.32,-5.4,-3.));
#3380 = VECTOR('',#3381,1.);
#3381 = DIRECTION('',(0.,0.,1.));
#3382 = ORIENTED_EDGE('',*,*,#2534,.T.);
#3383 = ORIENTED_EDGE('',*,*,#3351,.T.);
#3384 = ORIENTED_EDGE('',*,*,#3385,.T.);
#3385 = EDGE_CURVE('',#3352,#3376,#3386,.T.);
#3386 = LINE('',#3387,#3388);
#3387 = CARTESIAN_POINT('',(-0.32,-5.4,8.38));
#3388 = VECTOR('',#3389,1.);
#3389 = DIRECTION('',(1.,0.,0.));
#3390 = PLANE('',#3391);
#3391 = AXIS2_PLACEMENT_3D('',#3392,#3393,#3394);
#3392 = CARTESIAN_POINT('',(-0.32,-5.4,-3.));
#3393 = DIRECTION('',(0.,1.,0.));
#3394 = DIRECTION('',(0.,-0.,1.));
#3395 = ADVANCED_FACE('',(#3396),#3407,.T.);
#3396 = FACE_BOUND('',#3397,.T.);
#3397 = EDGE_LOOP('',(#3398,#3399,#3400,#3401));
#3398 = ORIENTED_EDGE('',*,*,#3375,.F.);
#3399 = ORIENTED_EDGE('',*,*,#2526,.T.);
#3400 = ORIENTED_EDGE('',*,*,#3320,.T.);
#3401 = ORIENTED_EDGE('',*,*,#3402,.F.);
#3402 = EDGE_CURVE('',#3376,#3321,#3403,.T.);
#3403 = LINE('',#3404,#3405);
#3404 = CARTESIAN_POINT('',(0.32,-5.4,8.38));
#3405 = VECTOR('',#3406,1.);
#3406 = DIRECTION('',(0.,1.,0.));
#3407 = PLANE('',#3408);
#3408 = AXIS2_PLACEMENT_3D('',#3409,#3410,#3411);
#3409 = CARTESIAN_POINT('',(0.32,-5.4,-3.));
#3410 = DIRECTION('',(1.,0.,0.));
#3411 = DIRECTION('',(0.,0.,1.));
#3412 = ADVANCED_FACE('',(#3413),#3438,.F.);
#3413 = FACE_BOUND('',#3414,.F.);
#3414 = EDGE_LOOP('',(#3415,#3423,#3424,#3432));
#3415 = ORIENTED_EDGE('',*,*,#3416,.F.);
#3416 = EDGE_CURVE('',#2841,#3417,#3419,.T.);
#3417 = VERTEX_POINT('',#3418);
#3418 = CARTESIAN_POINT('',(0.16,-0.16,-3.));
#3419 = LINE('',#3420,#3421);
#3420 = CARTESIAN_POINT('',(0.16,-0.16,-3.));
#3421 = VECTOR('',#3422,1.);
#3422 = DIRECTION('',(-0.57735026919,0.57735026919,-0.57735026919));
#3423 = ORIENTED_EDGE('',*,*,#2848,.T.);
#3424 = ORIENTED_EDGE('',*,*,#3425,.T.);
#3425 = EDGE_CURVE('',#2849,#3426,#3428,.T.);
#3426 = VERTEX_POINT('',#3427);
#3427 = CARTESIAN_POINT('',(0.16,0.16,-3.));
#3428 = LINE('',#3429,#3430);
#3429 = CARTESIAN_POINT('',(5.333333333333E-02,5.333333333333E-02,
    -3.106666666667));
#3430 = VECTOR('',#3431,1.);
#3431 = DIRECTION('',(-0.57735026919,-0.57735026919,-0.57735026919));
#3432 = ORIENTED_EDGE('',*,*,#3433,.F.);
#3433 = EDGE_CURVE('',#3417,#3426,#3434,.T.);
#3434 = LINE('',#3435,#3436);
#3435 = CARTESIAN_POINT('',(0.16,-0.32,-3.));
#3436 = VECTOR('',#3437,1.);
#3437 = DIRECTION('',(0.,1.,0.));
#3438 = PLANE('',#3439);
#3439 = AXIS2_PLACEMENT_3D('',#3440,#3441,#3442);
#3440 = CARTESIAN_POINT('',(0.24,-0.32,-2.92));
#3441 = DIRECTION('',(-0.707106781187,1.735167508357E-18,0.707106781187)
  );
#3442 = DIRECTION('',(1.226948711654E-18,1.,-1.226948711654E-18));
#3443 = ADVANCED_FACE('',(#3444),#3462,.F.);
#3444 = FACE_BOUND('',#3445,.T.);
#3445 = EDGE_LOOP('',(#3446,#3454,#3455,#3456));
#3446 = ORIENTED_EDGE('',*,*,#3447,.F.);
#3447 = EDGE_CURVE('',#2873,#3448,#3450,.T.);
#3448 = VERTEX_POINT('',#3449);
#3449 = CARTESIAN_POINT('',(-0.16,0.16,-3.));
#3450 = LINE('',#3451,#3452);
#3451 = CARTESIAN_POINT('',(-0.16,0.16,-3.));
#3452 = VECTOR('',#3453,1.);
#3453 = DIRECTION('',(0.57735026919,-0.57735026919,-0.57735026919));
#3454 = ORIENTED_EDGE('',*,*,#2872,.T.);
#3455 = ORIENTED_EDGE('',*,*,#3425,.T.);
#3456 = ORIENTED_EDGE('',*,*,#3457,.F.);
#3457 = EDGE_CURVE('',#3448,#3426,#3458,.T.);
#3458 = LINE('',#3459,#3460);
#3459 = CARTESIAN_POINT('',(-0.32,0.16,-3.));
#3460 = VECTOR('',#3461,1.);
#3461 = DIRECTION('',(1.,0.,0.));
#3462 = PLANE('',#3463);
#3463 = AXIS2_PLACEMENT_3D('',#3464,#3465,#3466);
#3464 = CARTESIAN_POINT('',(-0.32,0.24,-2.92));
#3465 = DIRECTION('',(-1.735167508357E-18,-0.707106781187,0.707106781187
    ));
#3466 = DIRECTION('',(-1.,1.226948711654E-18,-1.226948711654E-18));
#3467 = ADVANCED_FACE('',(#3468),#3486,.T.);
#3468 = FACE_BOUND('',#3469,.T.);
#3469 = EDGE_LOOP('',(#3470,#3478,#3479,#3480));
#3470 = ORIENTED_EDGE('',*,*,#3471,.F.);
#3471 = EDGE_CURVE('',#2896,#3472,#3474,.T.);
#3472 = VERTEX_POINT('',#3473);
#3473 = CARTESIAN_POINT('',(-0.16,-0.16,-3.));
#3474 = LINE('',#3475,#3476);
#3475 = CARTESIAN_POINT('',(-0.266666666667,-0.266666666667,
    -2.893333333333));
#3476 = VECTOR('',#3477,1.);
#3477 = DIRECTION('',(0.57735026919,0.57735026919,-0.57735026919));
#3478 = ORIENTED_EDGE('',*,*,#2903,.T.);
#3479 = ORIENTED_EDGE('',*,*,#3447,.T.);
#3480 = ORIENTED_EDGE('',*,*,#3481,.F.);
#3481 = EDGE_CURVE('',#3472,#3448,#3482,.T.);
#3482 = LINE('',#3483,#3484);
#3483 = CARTESIAN_POINT('',(-0.16,-0.32,-3.));
#3484 = VECTOR('',#3485,1.);
#3485 = DIRECTION('',(0.,1.,0.));
#3486 = PLANE('',#3487);
#3487 = AXIS2_PLACEMENT_3D('',#3488,#3489,#3490);
#3488 = CARTESIAN_POINT('',(-0.24,-0.32,-2.92));
#3489 = DIRECTION('',(-0.707106781187,-1.735167508357E-18,
    -0.707106781187));
#3490 = DIRECTION('',(-1.226948711654E-18,1.,-1.226948711654E-18));
#3491 = ADVANCED_FACE('',(#3492),#3503,.T.);
#3492 = FACE_BOUND('',#3493,.F.);
#3493 = EDGE_LOOP('',(#3494,#3495,#3496,#3497));
#3494 = ORIENTED_EDGE('',*,*,#3471,.F.);
#3495 = ORIENTED_EDGE('',*,*,#2920,.T.);
#3496 = ORIENTED_EDGE('',*,*,#3416,.T.);
#3497 = ORIENTED_EDGE('',*,*,#3498,.F.);
#3498 = EDGE_CURVE('',#3472,#3417,#3499,.T.);
#3499 = LINE('',#3500,#3501);
#3500 = CARTESIAN_POINT('',(-0.32,-0.16,-3.));
#3501 = VECTOR('',#3502,1.);
#3502 = DIRECTION('',(1.,0.,0.));
#3503 = PLANE('',#3504);
#3504 = AXIS2_PLACEMENT_3D('',#3505,#3506,#3507);
#3505 = CARTESIAN_POINT('',(-0.32,-0.24,-2.92));
#3506 = DIRECTION('',(1.735167508357E-18,-0.707106781187,-0.707106781187
    ));
#3507 = DIRECTION('',(-1.,-1.226948711654E-18,-1.226948711654E-18));
#3508 = ADVANCED_FACE('',(#3509),#3534,.T.);
#3509 = FACE_BOUND('',#3510,.F.);
#3510 = EDGE_LOOP('',(#3511,#3519,#3520,#3528));
#3511 = ORIENTED_EDGE('',*,*,#3512,.F.);
#3512 = EDGE_CURVE('',#2945,#3513,#3515,.T.);
#3513 = VERTEX_POINT('',#3514);
#3514 = CARTESIAN_POINT('',(-0.16,-2.7,-3.));
#3515 = LINE('',#3516,#3517);
#3516 = CARTESIAN_POINT('',(-0.266666666667,-2.806666666667,
    -2.893333333333));
#3517 = VECTOR('',#3518,1.);
#3518 = DIRECTION('',(0.57735026919,0.57735026919,-0.57735026919));
#3519 = ORIENTED_EDGE('',*,*,#2944,.T.);
#3520 = ORIENTED_EDGE('',*,*,#3521,.T.);
#3521 = EDGE_CURVE('',#2937,#3522,#3524,.T.);
#3522 = VERTEX_POINT('',#3523);
#3523 = CARTESIAN_POINT('',(0.16,-2.7,-3.));
#3524 = LINE('',#3525,#3526);
#3525 = CARTESIAN_POINT('',(0.16,-2.7,-3.));
#3526 = VECTOR('',#3527,1.);
#3527 = DIRECTION('',(-0.57735026919,0.57735026919,-0.57735026919));
#3528 = ORIENTED_EDGE('',*,*,#3529,.F.);
#3529 = EDGE_CURVE('',#3513,#3522,#3530,.T.);
#3530 = LINE('',#3531,#3532);
#3531 = CARTESIAN_POINT('',(-0.32,-2.7,-3.));
#3532 = VECTOR('',#3533,1.);
#3533 = DIRECTION('',(1.,0.,0.));
#3534 = PLANE('',#3535);
#3535 = AXIS2_PLACEMENT_3D('',#3536,#3537,#3538);
#3536 = CARTESIAN_POINT('',(-0.32,-2.78,-2.92));
#3537 = DIRECTION('',(1.735167508357E-18,-0.707106781187,-0.707106781187
    ));
#3538 = DIRECTION('',(-1.,-1.226948711654E-18,-1.226948711654E-18));
#3539 = ADVANCED_FACE('',(#3540),#3558,.F.);
#3540 = FACE_BOUND('',#3541,.F.);
#3541 = EDGE_LOOP('',(#3542,#3543,#3544,#3552));
#3542 = ORIENTED_EDGE('',*,*,#3521,.F.);
#3543 = ORIENTED_EDGE('',*,*,#2968,.T.);
#3544 = ORIENTED_EDGE('',*,*,#3545,.T.);
#3545 = EDGE_CURVE('',#2969,#3546,#3548,.T.);
#3546 = VERTEX_POINT('',#3547);
#3547 = CARTESIAN_POINT('',(0.16,-2.38,-3.));
#3548 = LINE('',#3549,#3550);
#3549 = CARTESIAN_POINT('',(5.333333333333E-02,-2.486666666667,
    -3.106666666667));
#3550 = VECTOR('',#3551,1.);
#3551 = DIRECTION('',(-0.57735026919,-0.57735026919,-0.57735026919));
#3552 = ORIENTED_EDGE('',*,*,#3553,.F.);
#3553 = EDGE_CURVE('',#3522,#3546,#3554,.T.);
#3554 = LINE('',#3555,#3556);
#3555 = CARTESIAN_POINT('',(0.16,-2.86,-3.));
#3556 = VECTOR('',#3557,1.);
#3557 = DIRECTION('',(0.,1.,0.));
#3558 = PLANE('',#3559);
#3559 = AXIS2_PLACEMENT_3D('',#3560,#3561,#3562);
#3560 = CARTESIAN_POINT('',(0.24,-2.86,-2.92));
#3561 = DIRECTION('',(-0.707106781187,1.735167508357E-18,0.707106781187)
  );
#3562 = DIRECTION('',(1.226948711654E-18,1.,-1.226948711654E-18));
#3563 = ADVANCED_FACE('',(#3564),#3582,.F.);
#3564 = FACE_BOUND('',#3565,.T.);
#3565 = EDGE_LOOP('',(#3566,#3574,#3575,#3576));
#3566 = ORIENTED_EDGE('',*,*,#3567,.F.);
#3567 = EDGE_CURVE('',#2993,#3568,#3570,.T.);
#3568 = VERTEX_POINT('',#3569);
#3569 = CARTESIAN_POINT('',(-0.16,-2.38,-3.));
#3570 = LINE('',#3571,#3572);
#3571 = CARTESIAN_POINT('',(-0.16,-2.38,-3.));
#3572 = VECTOR('',#3573,1.);
#3573 = DIRECTION('',(0.57735026919,-0.57735026919,-0.57735026919));
#3574 = ORIENTED_EDGE('',*,*,#2992,.T.);
#3575 = ORIENTED_EDGE('',*,*,#3545,.T.);
#3576 = ORIENTED_EDGE('',*,*,#3577,.F.);
#3577 = EDGE_CURVE('',#3568,#3546,#3578,.T.);
#3578 = LINE('',#3579,#3580);
#3579 = CARTESIAN_POINT('',(-0.32,-2.38,-3.));
#3580 = VECTOR('',#3581,1.);
#3581 = DIRECTION('',(1.,0.,0.));
#3582 = PLANE('',#3583);
#3583 = AXIS2_PLACEMENT_3D('',#3584,#3585,#3586);
#3584 = CARTESIAN_POINT('',(-0.32,-2.3,-2.92));
#3585 = DIRECTION('',(-1.735167508357E-18,-0.707106781187,0.707106781187
    ));
#3586 = DIRECTION('',(-1.,1.226948711654E-18,-1.226948711654E-18));
#3587 = ADVANCED_FACE('',(#3588),#3599,.T.);
#3588 = FACE_BOUND('',#3589,.T.);
#3589 = EDGE_LOOP('',(#3590,#3591,#3592,#3593));
#3590 = ORIENTED_EDGE('',*,*,#3512,.F.);
#3591 = ORIENTED_EDGE('',*,*,#3016,.T.);
#3592 = ORIENTED_EDGE('',*,*,#3567,.T.);
#3593 = ORIENTED_EDGE('',*,*,#3594,.F.);
#3594 = EDGE_CURVE('',#3513,#3568,#3595,.T.);
#3595 = LINE('',#3596,#3597);
#3596 = CARTESIAN_POINT('',(-0.16,-2.86,-3.));
#3597 = VECTOR('',#3598,1.);
#3598 = DIRECTION('',(0.,1.,0.));
#3599 = PLANE('',#3600);
#3600 = AXIS2_PLACEMENT_3D('',#3601,#3602,#3603);
#3601 = CARTESIAN_POINT('',(-0.24,-2.86,-2.92));
#3602 = DIRECTION('',(-0.707106781187,-1.735167508357E-18,
    -0.707106781187));
#3603 = DIRECTION('',(-1.226948711654E-18,1.,-1.226948711654E-18));
#3604 = ADVANCED_FACE('',(#3605),#3630,.F.);
#3605 = FACE_BOUND('',#3606,.T.);
#3606 = EDGE_LOOP('',(#3607,#3615,#3616,#3624));
#3607 = ORIENTED_EDGE('',*,*,#3608,.F.);
#3608 = EDGE_CURVE('',#3041,#3609,#3611,.T.);
#3609 = VERTEX_POINT('',#3610);
#3610 = CARTESIAN_POINT('',(-0.16,-4.92,-3.));
#3611 = LINE('',#3612,#3613);
#3612 = CARTESIAN_POINT('',(-0.16,-4.92,-3.));
#3613 = VECTOR('',#3614,1.);
#3614 = DIRECTION('',(0.57735026919,-0.57735026919,-0.57735026919));
#3615 = ORIENTED_EDGE('',*,*,#3040,.T.);
#3616 = ORIENTED_EDGE('',*,*,#3617,.T.);
#3617 = EDGE_CURVE('',#3033,#3618,#3620,.T.);
#3618 = VERTEX_POINT('',#3619);
#3619 = CARTESIAN_POINT('',(0.16,-4.92,-3.));
#3620 = LINE('',#3621,#3622);
#3621 = CARTESIAN_POINT('',(5.333333333333E-02,-5.026666666667,
    -3.106666666667));
#3622 = VECTOR('',#3623,1.);
#3623 = DIRECTION('',(-0.57735026919,-0.57735026919,-0.57735026919));
#3624 = ORIENTED_EDGE('',*,*,#3625,.F.);
#3625 = EDGE_CURVE('',#3609,#3618,#3626,.T.);
#3626 = LINE('',#3627,#3628);
#3627 = CARTESIAN_POINT('',(-0.32,-4.92,-3.));
#3628 = VECTOR('',#3629,1.);
#3629 = DIRECTION('',(1.,0.,0.));
#3630 = PLANE('',#3631);
#3631 = AXIS2_PLACEMENT_3D('',#3632,#3633,#3634);
#3632 = CARTESIAN_POINT('',(-0.32,-4.84,-2.92));
#3633 = DIRECTION('',(-1.735167508357E-18,-0.707106781187,0.707106781187
    ));
#3634 = DIRECTION('',(-1.,1.226948711654E-18,-1.226948711654E-18));
#3635 = ADVANCED_FACE('',(#3636),#3654,.T.);
#3636 = FACE_BOUND('',#3637,.T.);
#3637 = EDGE_LOOP('',(#3638,#3646,#3647,#3648));
#3638 = ORIENTED_EDGE('',*,*,#3639,.F.);
#3639 = EDGE_CURVE('',#3064,#3640,#3642,.T.);
#3640 = VERTEX_POINT('',#3641);
#3641 = CARTESIAN_POINT('',(-0.16,-5.24,-3.));
#3642 = LINE('',#3643,#3644);
#3643 = CARTESIAN_POINT('',(-0.266666666667,-5.346666666667,
    -2.893333333333));
#3644 = VECTOR('',#3645,1.);
#3645 = DIRECTION('',(0.57735026919,0.57735026919,-0.57735026919));
#3646 = ORIENTED_EDGE('',*,*,#3071,.T.);
#3647 = ORIENTED_EDGE('',*,*,#3608,.T.);
#3648 = ORIENTED_EDGE('',*,*,#3649,.F.);
#3649 = EDGE_CURVE('',#3640,#3609,#3650,.T.);
#3650 = LINE('',#3651,#3652);
#3651 = CARTESIAN_POINT('',(-0.16,-5.4,-3.));
#3652 = VECTOR('',#3653,1.);
#3653 = DIRECTION('',(0.,1.,0.));
#3654 = PLANE('',#3655);
#3655 = AXIS2_PLACEMENT_3D('',#3656,#3657,#3658);
#3656 = CARTESIAN_POINT('',(-0.24,-5.4,-2.92));
#3657 = DIRECTION('',(-0.707106781187,-1.735167508357E-18,
    -0.707106781187));
#3658 = DIRECTION('',(-1.226948711654E-18,1.,-1.226948711654E-18));
#3659 = ADVANCED_FACE('',(#3660),#3678,.T.);
#3660 = FACE_BOUND('',#3661,.F.);
#3661 = EDGE_LOOP('',(#3662,#3663,#3664,#3672));
#3662 = ORIENTED_EDGE('',*,*,#3639,.F.);
#3663 = ORIENTED_EDGE('',*,*,#3095,.T.);
#3664 = ORIENTED_EDGE('',*,*,#3665,.T.);
#3665 = EDGE_CURVE('',#3088,#3666,#3668,.T.);
#3666 = VERTEX_POINT('',#3667);
#3667 = CARTESIAN_POINT('',(0.16,-5.24,-3.));
#3668 = LINE('',#3669,#3670);
#3669 = CARTESIAN_POINT('',(0.16,-5.24,-3.));
#3670 = VECTOR('',#3671,1.);
#3671 = DIRECTION('',(-0.57735026919,0.57735026919,-0.57735026919));
#3672 = ORIENTED_EDGE('',*,*,#3673,.F.);
#3673 = EDGE_CURVE('',#3640,#3666,#3674,.T.);
#3674 = LINE('',#3675,#3676);
#3675 = CARTESIAN_POINT('',(-0.32,-5.24,-3.));
#3676 = VECTOR('',#3677,1.);
#3677 = DIRECTION('',(1.,0.,0.));
#3678 = PLANE('',#3679);
#3679 = AXIS2_PLACEMENT_3D('',#3680,#3681,#3682);
#3680 = CARTESIAN_POINT('',(-0.32,-5.32,-2.92));
#3681 = DIRECTION('',(1.735167508357E-18,-0.707106781187,-0.707106781187
    ));
#3682 = DIRECTION('',(-1.,-1.226948711654E-18,-1.226948711654E-18));
#3683 = ADVANCED_FACE('',(#3684),#3695,.F.);
#3684 = FACE_BOUND('',#3685,.F.);
#3685 = EDGE_LOOP('',(#3686,#3687,#3688,#3689));
#3686 = ORIENTED_EDGE('',*,*,#3665,.F.);
#3687 = ORIENTED_EDGE('',*,*,#3112,.T.);
#3688 = ORIENTED_EDGE('',*,*,#3617,.T.);
#3689 = ORIENTED_EDGE('',*,*,#3690,.F.);
#3690 = EDGE_CURVE('',#3666,#3618,#3691,.T.);
#3691 = LINE('',#3692,#3693);
#3692 = CARTESIAN_POINT('',(0.16,-5.4,-3.));
#3693 = VECTOR('',#3694,1.);
#3694 = DIRECTION('',(0.,1.,0.));
#3695 = PLANE('',#3696);
#3696 = AXIS2_PLACEMENT_3D('',#3697,#3698,#3699);
#3697 = CARTESIAN_POINT('',(0.24,-5.4,-2.92));
#3698 = DIRECTION('',(-0.707106781187,1.735167508357E-18,0.707106781187)
  );
#3699 = DIRECTION('',(1.226948711654E-18,1.,-1.226948711654E-18));
#3700 = ADVANCED_FACE('',(#3701),#3726,.T.);
#3701 = FACE_BOUND('',#3702,.T.);
#3702 = EDGE_LOOP('',(#3703,#3711,#3712,#3720));
#3703 = ORIENTED_EDGE('',*,*,#3704,.F.);
#3704 = EDGE_CURVE('',#3129,#3705,#3707,.T.);
#3705 = VERTEX_POINT('',#3706);
#3706 = CARTESIAN_POINT('',(0.16,-0.16,8.54));
#3707 = LINE('',#3708,#3709);
#3708 = CARTESIAN_POINT('',(0.16,-0.16,8.54));
#3709 = VECTOR('',#3710,1.);
#3710 = DIRECTION('',(-0.57735026919,0.57735026919,0.57735026919));
#3711 = ORIENTED_EDGE('',*,*,#3145,.T.);
#3712 = ORIENTED_EDGE('',*,*,#3713,.T.);
#3713 = EDGE_CURVE('',#3138,#3714,#3716,.T.);
#3714 = VERTEX_POINT('',#3715);
#3715 = CARTESIAN_POINT('',(0.16,0.16,8.54));
#3716 = LINE('',#3717,#3718);
#3717 = CARTESIAN_POINT('',(5.333333333333E-02,5.333333333333E-02,
    8.646666666667));
#3718 = VECTOR('',#3719,1.);
#3719 = DIRECTION('',(-0.57735026919,-0.57735026919,0.57735026919));
#3720 = ORIENTED_EDGE('',*,*,#3721,.F.);
#3721 = EDGE_CURVE('',#3705,#3714,#3722,.T.);
#3722 = LINE('',#3723,#3724);
#3723 = CARTESIAN_POINT('',(0.16,-0.32,8.54));
#3724 = VECTOR('',#3725,1.);
#3725 = DIRECTION('',(0.,1.,0.));
#3726 = PLANE('',#3727);
#3727 = AXIS2_PLACEMENT_3D('',#3728,#3729,#3730);
#3728 = CARTESIAN_POINT('',(0.24,-0.32,8.46));
#3729 = DIRECTION('',(0.707106781187,-1.735167508357E-18,0.707106781187)
  );
#3730 = DIRECTION('',(1.226948711654E-18,1.,1.226948711654E-18));
#3731 = ADVANCED_FACE('',(#3732),#3750,.T.);
#3732 = FACE_BOUND('',#3733,.F.);
#3733 = EDGE_LOOP('',(#3734,#3742,#3743,#3744));
#3734 = ORIENTED_EDGE('',*,*,#3735,.F.);
#3735 = EDGE_CURVE('',#3162,#3736,#3738,.T.);
#3736 = VERTEX_POINT('',#3737);
#3737 = CARTESIAN_POINT('',(-0.16,0.16,8.54));
#3738 = LINE('',#3739,#3740);
#3739 = CARTESIAN_POINT('',(-0.16,0.16,8.54));
#3740 = VECTOR('',#3741,1.);
#3741 = DIRECTION('',(0.57735026919,-0.57735026919,0.57735026919));
#3742 = ORIENTED_EDGE('',*,*,#3169,.T.);
#3743 = ORIENTED_EDGE('',*,*,#3713,.T.);
#3744 = ORIENTED_EDGE('',*,*,#3745,.F.);
#3745 = EDGE_CURVE('',#3736,#3714,#3746,.T.);
#3746 = LINE('',#3747,#3748);
#3747 = CARTESIAN_POINT('',(-0.32,0.16,8.54));
#3748 = VECTOR('',#3749,1.);
#3749 = DIRECTION('',(1.,0.,0.));
#3750 = PLANE('',#3751);
#3751 = AXIS2_PLACEMENT_3D('',#3752,#3753,#3754);
#3752 = CARTESIAN_POINT('',(-0.32,0.24,8.46));
#3753 = DIRECTION('',(1.735167508357E-18,0.707106781187,0.707106781187)
  );
#3754 = DIRECTION('',(-1.,1.226948711654E-18,1.226948711654E-18));
#3755 = ADVANCED_FACE('',(#3756),#3774,.F.);
#3756 = FACE_BOUND('',#3757,.F.);
#3757 = EDGE_LOOP('',(#3758,#3766,#3767,#3768));
#3758 = ORIENTED_EDGE('',*,*,#3759,.F.);
#3759 = EDGE_CURVE('',#3184,#3760,#3762,.T.);
#3760 = VERTEX_POINT('',#3761);
#3761 = CARTESIAN_POINT('',(-0.16,-0.16,8.54));
#3762 = LINE('',#3763,#3764);
#3763 = CARTESIAN_POINT('',(-0.266666666667,-0.266666666667,
    8.433333333333));
#3764 = VECTOR('',#3765,1.);
#3765 = DIRECTION('',(0.57735026919,0.57735026919,0.57735026919));
#3766 = ORIENTED_EDGE('',*,*,#3193,.T.);
#3767 = ORIENTED_EDGE('',*,*,#3735,.T.);
#3768 = ORIENTED_EDGE('',*,*,#3769,.F.);
#3769 = EDGE_CURVE('',#3760,#3736,#3770,.T.);
#3770 = LINE('',#3771,#3772);
#3771 = CARTESIAN_POINT('',(-0.16,-0.32,8.54));
#3772 = VECTOR('',#3773,1.);
#3773 = DIRECTION('',(0.,1.,0.));
#3774 = PLANE('',#3775);
#3775 = AXIS2_PLACEMENT_3D('',#3776,#3777,#3778);
#3776 = CARTESIAN_POINT('',(-0.24,-0.32,8.46));
#3777 = DIRECTION('',(0.707106781187,1.735167508357E-18,-0.707106781187)
  );
#3778 = DIRECTION('',(-1.226948711654E-18,1.,1.226948711654E-18));
#3779 = ADVANCED_FACE('',(#3780),#3791,.F.);
#3780 = FACE_BOUND('',#3781,.T.);
#3781 = EDGE_LOOP('',(#3782,#3783,#3784,#3785));
#3782 = ORIENTED_EDGE('',*,*,#3759,.F.);
#3783 = ORIENTED_EDGE('',*,*,#3210,.T.);
#3784 = ORIENTED_EDGE('',*,*,#3704,.T.);
#3785 = ORIENTED_EDGE('',*,*,#3786,.F.);
#3786 = EDGE_CURVE('',#3760,#3705,#3787,.T.);
#3787 = LINE('',#3788,#3789);
#3788 = CARTESIAN_POINT('',(-0.32,-0.16,8.54));
#3789 = VECTOR('',#3790,1.);
#3790 = DIRECTION('',(1.,0.,0.));
#3791 = PLANE('',#3792);
#3792 = AXIS2_PLACEMENT_3D('',#3793,#3794,#3795);
#3793 = CARTESIAN_POINT('',(-0.32,-0.24,8.46));
#3794 = DIRECTION('',(-1.735167508357E-18,0.707106781187,-0.707106781187
    ));
#3795 = DIRECTION('',(-1.,-1.226948711654E-18,1.226948711654E-18));
#3796 = ADVANCED_FACE('',(#3797),#3822,.F.);
#3797 = FACE_BOUND('',#3798,.T.);
#3798 = EDGE_LOOP('',(#3799,#3807,#3808,#3816));
#3799 = ORIENTED_EDGE('',*,*,#3800,.F.);
#3800 = EDGE_CURVE('',#3234,#3801,#3803,.T.);
#3801 = VERTEX_POINT('',#3802);
#3802 = CARTESIAN_POINT('',(-0.16,-2.7,8.54));
#3803 = LINE('',#3804,#3805);
#3804 = CARTESIAN_POINT('',(-0.266666666667,-2.806666666667,
    8.433333333333));
#3805 = VECTOR('',#3806,1.);
#3806 = DIRECTION('',(0.57735026919,0.57735026919,0.57735026919));
#3807 = ORIENTED_EDGE('',*,*,#3241,.T.);
#3808 = ORIENTED_EDGE('',*,*,#3809,.T.);
#3809 = EDGE_CURVE('',#3225,#3810,#3812,.T.);
#3810 = VERTEX_POINT('',#3811);
#3811 = CARTESIAN_POINT('',(0.16,-2.7,8.54));
#3812 = LINE('',#3813,#3814);
#3813 = CARTESIAN_POINT('',(0.16,-2.7,8.54));
#3814 = VECTOR('',#3815,1.);
#3815 = DIRECTION('',(-0.57735026919,0.57735026919,0.57735026919));
#3816 = ORIENTED_EDGE('',*,*,#3817,.F.);
#3817 = EDGE_CURVE('',#3801,#3810,#3818,.T.);
#3818 = LINE('',#3819,#3820);
#3819 = CARTESIAN_POINT('',(-0.32,-2.7,8.54));
#3820 = VECTOR('',#3821,1.);
#3821 = DIRECTION('',(1.,0.,0.));
#3822 = PLANE('',#3823);
#3823 = AXIS2_PLACEMENT_3D('',#3824,#3825,#3826);
#3824 = CARTESIAN_POINT('',(-0.32,-2.78,8.46));
#3825 = DIRECTION('',(-1.735167508357E-18,0.707106781187,-0.707106781187
    ));
#3826 = DIRECTION('',(-1.,-1.226948711654E-18,1.226948711654E-18));
#3827 = ADVANCED_FACE('',(#3828),#3846,.T.);
#3828 = FACE_BOUND('',#3829,.T.);
#3829 = EDGE_LOOP('',(#3830,#3831,#3832,#3840));
#3830 = ORIENTED_EDGE('',*,*,#3809,.F.);
#3831 = ORIENTED_EDGE('',*,*,#3265,.T.);
#3832 = ORIENTED_EDGE('',*,*,#3833,.T.);
#3833 = EDGE_CURVE('',#3258,#3834,#3836,.T.);
#3834 = VERTEX_POINT('',#3835);
#3835 = CARTESIAN_POINT('',(0.16,-2.38,8.54));
#3836 = LINE('',#3837,#3838);
#3837 = CARTESIAN_POINT('',(5.333333333333E-02,-2.486666666667,
    8.646666666667));
#3838 = VECTOR('',#3839,1.);
#3839 = DIRECTION('',(-0.57735026919,-0.57735026919,0.57735026919));
#3840 = ORIENTED_EDGE('',*,*,#3841,.F.);
#3841 = EDGE_CURVE('',#3810,#3834,#3842,.T.);
#3842 = LINE('',#3843,#3844);
#3843 = CARTESIAN_POINT('',(0.16,-2.86,8.54));
#3844 = VECTOR('',#3845,1.);
#3845 = DIRECTION('',(0.,1.,0.));
#3846 = PLANE('',#3847);
#3847 = AXIS2_PLACEMENT_3D('',#3848,#3849,#3850);
#3848 = CARTESIAN_POINT('',(0.24,-2.86,8.46));
#3849 = DIRECTION('',(0.707106781187,-1.735167508357E-18,0.707106781187)
  );
#3850 = DIRECTION('',(1.226948711654E-18,1.,1.226948711654E-18));
#3851 = ADVANCED_FACE('',(#3852),#3870,.T.);
#3852 = FACE_BOUND('',#3853,.F.);
#3853 = EDGE_LOOP('',(#3854,#3862,#3863,#3864));
#3854 = ORIENTED_EDGE('',*,*,#3855,.F.);
#3855 = EDGE_CURVE('',#3282,#3856,#3858,.T.);
#3856 = VERTEX_POINT('',#3857);
#3857 = CARTESIAN_POINT('',(-0.16,-2.38,8.54));
#3858 = LINE('',#3859,#3860);
#3859 = CARTESIAN_POINT('',(-0.16,-2.38,8.54));
#3860 = VECTOR('',#3861,1.);
#3861 = DIRECTION('',(0.57735026919,-0.57735026919,0.57735026919));
#3862 = ORIENTED_EDGE('',*,*,#3289,.T.);
#3863 = ORIENTED_EDGE('',*,*,#3833,.T.);
#3864 = ORIENTED_EDGE('',*,*,#3865,.F.);
#3865 = EDGE_CURVE('',#3856,#3834,#3866,.T.);
#3866 = LINE('',#3867,#3868);
#3867 = CARTESIAN_POINT('',(-0.32,-2.38,8.54));
#3868 = VECTOR('',#3869,1.);
#3869 = DIRECTION('',(1.,0.,0.));
#3870 = PLANE('',#3871);
#3871 = AXIS2_PLACEMENT_3D('',#3872,#3873,#3874);
#3872 = CARTESIAN_POINT('',(-0.32,-2.3,8.46));
#3873 = DIRECTION('',(1.735167508357E-18,0.707106781187,0.707106781187)
  );
#3874 = DIRECTION('',(-1.,1.226948711654E-18,1.226948711654E-18));
#3875 = ADVANCED_FACE('',(#3876),#3887,.F.);
#3876 = FACE_BOUND('',#3877,.F.);
#3877 = EDGE_LOOP('',(#3878,#3879,#3880,#3881));
#3878 = ORIENTED_EDGE('',*,*,#3800,.F.);
#3879 = ORIENTED_EDGE('',*,*,#3306,.T.);
#3880 = ORIENTED_EDGE('',*,*,#3855,.T.);
#3881 = ORIENTED_EDGE('',*,*,#3882,.F.);
#3882 = EDGE_CURVE('',#3801,#3856,#3883,.T.);
#3883 = LINE('',#3884,#3885);
#3884 = CARTESIAN_POINT('',(-0.16,-2.86,8.54));
#3885 = VECTOR('',#3886,1.);
#3886 = DIRECTION('',(0.,1.,0.));
#3887 = PLANE('',#3888);
#3888 = AXIS2_PLACEMENT_3D('',#3889,#3890,#3891);
#3889 = CARTESIAN_POINT('',(-0.24,-2.86,8.46));
#3890 = DIRECTION('',(0.707106781187,1.735167508357E-18,-0.707106781187)
  );
#3891 = DIRECTION('',(-1.226948711654E-18,1.,1.226948711654E-18));
#3892 = ADVANCED_FACE('',(#3893),#3918,.T.);
#3893 = FACE_BOUND('',#3894,.F.);
#3894 = EDGE_LOOP('',(#3895,#3903,#3904,#3912));
#3895 = ORIENTED_EDGE('',*,*,#3896,.F.);
#3896 = EDGE_CURVE('',#3330,#3897,#3899,.T.);
#3897 = VERTEX_POINT('',#3898);
#3898 = CARTESIAN_POINT('',(-0.16,-4.92,8.54));
#3899 = LINE('',#3900,#3901);
#3900 = CARTESIAN_POINT('',(-0.16,-4.92,8.54));
#3901 = VECTOR('',#3902,1.);
#3902 = DIRECTION('',(0.57735026919,-0.57735026919,0.57735026919));
#3903 = ORIENTED_EDGE('',*,*,#3337,.T.);
#3904 = ORIENTED_EDGE('',*,*,#3905,.T.);
#3905 = EDGE_CURVE('',#3321,#3906,#3908,.T.);
#3906 = VERTEX_POINT('',#3907);
#3907 = CARTESIAN_POINT('',(0.16,-4.92,8.54));
#3908 = LINE('',#3909,#3910);
#3909 = CARTESIAN_POINT('',(5.333333333333E-02,-5.026666666667,
    8.646666666667));
#3910 = VECTOR('',#3911,1.);
#3911 = DIRECTION('',(-0.57735026919,-0.57735026919,0.57735026919));
#3912 = ORIENTED_EDGE('',*,*,#3913,.F.);
#3913 = EDGE_CURVE('',#3897,#3906,#3914,.T.);
#3914 = LINE('',#3915,#3916);
#3915 = CARTESIAN_POINT('',(-0.32,-4.92,8.54));
#3916 = VECTOR('',#3917,1.);
#3917 = DIRECTION('',(1.,0.,0.));
#3918 = PLANE('',#3919);
#3919 = AXIS2_PLACEMENT_3D('',#3920,#3921,#3922);
#3920 = CARTESIAN_POINT('',(-0.32,-4.84,8.46));
#3921 = DIRECTION('',(1.735167508357E-18,0.707106781187,0.707106781187)
  );
#3922 = DIRECTION('',(-1.,1.226948711654E-18,1.226948711654E-18));
#3923 = ADVANCED_FACE('',(#3924),#3942,.F.);
#3924 = FACE_BOUND('',#3925,.F.);
#3925 = EDGE_LOOP('',(#3926,#3934,#3935,#3936));
#3926 = ORIENTED_EDGE('',*,*,#3927,.F.);
#3927 = EDGE_CURVE('',#3352,#3928,#3930,.T.);
#3928 = VERTEX_POINT('',#3929);
#3929 = CARTESIAN_POINT('',(-0.16,-5.24,8.54));
#3930 = LINE('',#3931,#3932);
#3931 = CARTESIAN_POINT('',(-0.266666666667,-5.346666666667,
    8.433333333333));
#3932 = VECTOR('',#3933,1.);
#3933 = DIRECTION('',(0.57735026919,0.57735026919,0.57735026919));
#3934 = ORIENTED_EDGE('',*,*,#3361,.T.);
#3935 = ORIENTED_EDGE('',*,*,#3896,.T.);
#3936 = ORIENTED_EDGE('',*,*,#3937,.F.);
#3937 = EDGE_CURVE('',#3928,#3897,#3938,.T.);
#3938 = LINE('',#3939,#3940);
#3939 = CARTESIAN_POINT('',(-0.16,-5.4,8.54));
#3940 = VECTOR('',#3941,1.);
#3941 = DIRECTION('',(0.,1.,0.));
#3942 = PLANE('',#3943);
#3943 = AXIS2_PLACEMENT_3D('',#3944,#3945,#3946);
#3944 = CARTESIAN_POINT('',(-0.24,-5.4,8.46));
#3945 = DIRECTION('',(0.707106781187,1.735167508357E-18,-0.707106781187)
  );
#3946 = DIRECTION('',(-1.226948711654E-18,1.,1.226948711654E-18));
#3947 = ADVANCED_FACE('',(#3948),#3966,.F.);
#3948 = FACE_BOUND('',#3949,.T.);
#3949 = EDGE_LOOP('',(#3950,#3951,#3952,#3960));
#3950 = ORIENTED_EDGE('',*,*,#3927,.F.);
#3951 = ORIENTED_EDGE('',*,*,#3385,.T.);
#3952 = ORIENTED_EDGE('',*,*,#3953,.T.);
#3953 = EDGE_CURVE('',#3376,#3954,#3956,.T.);
#3954 = VERTEX_POINT('',#3955);
#3955 = CARTESIAN_POINT('',(0.16,-5.24,8.54));
#3956 = LINE('',#3957,#3958);
#3957 = CARTESIAN_POINT('',(0.16,-5.24,8.54));
#3958 = VECTOR('',#3959,1.);
#3959 = DIRECTION('',(-0.57735026919,0.57735026919,0.57735026919));
#3960 = ORIENTED_EDGE('',*,*,#3961,.F.);
#3961 = EDGE_CURVE('',#3928,#3954,#3962,.T.);
#3962 = LINE('',#3963,#3964);
#3963 = CARTESIAN_POINT('',(-0.32,-5.24,8.54));
#3964 = VECTOR('',#3965,1.);
#3965 = DIRECTION('',(1.,0.,0.));
#3966 = PLANE('',#3967);
#3967 = AXIS2_PLACEMENT_3D('',#3968,#3969,#3970);
#3968 = CARTESIAN_POINT('',(-0.32,-5.32,8.46));
#3969 = DIRECTION('',(-1.735167508357E-18,0.707106781187,-0.707106781187
    ));
#3970 = DIRECTION('',(-1.,-1.226948711654E-18,1.226948711654E-18));
#3971 = ADVANCED_FACE('',(#3972),#3983,.T.);
#3972 = FACE_BOUND('',#3973,.T.);
#3973 = EDGE_LOOP('',(#3974,#3975,#3976,#3977));
#3974 = ORIENTED_EDGE('',*,*,#3953,.F.);
#3975 = ORIENTED_EDGE('',*,*,#3402,.T.);
#3976 = ORIENTED_EDGE('',*,*,#3905,.T.);
#3977 = ORIENTED_EDGE('',*,*,#3978,.F.);
#3978 = EDGE_CURVE('',#3954,#3906,#3979,.T.);
#3979 = LINE('',#3980,#3981);
#3980 = CARTESIAN_POINT('',(0.16,-5.4,8.54));
#3981 = VECTOR('',#3982,1.);
#3982 = DIRECTION('',(0.,1.,0.));
#3983 = PLANE('',#3984);
#3984 = AXIS2_PLACEMENT_3D('',#3985,#3986,#3987);
#3985 = CARTESIAN_POINT('',(0.24,-5.4,8.46));
#3986 = DIRECTION('',(0.707106781187,-1.735167508357E-18,0.707106781187)
  );
#3987 = DIRECTION('',(1.226948711654E-18,1.,1.226948711654E-18));
#3988 = ADVANCED_FACE('',(#3989),#3995,.F.);
#3989 = FACE_BOUND('',#3990,.F.);
#3990 = EDGE_LOOP('',(#3991,#3992,#3993,#3994));
#3991 = ORIENTED_EDGE('',*,*,#3457,.F.);
#3992 = ORIENTED_EDGE('',*,*,#3481,.F.);
#3993 = ORIENTED_EDGE('',*,*,#3498,.T.);
#3994 = ORIENTED_EDGE('',*,*,#3433,.T.);
#3995 = PLANE('',#3996);
#3996 = AXIS2_PLACEMENT_3D('',#3997,#3998,#3999);
#3997 = CARTESIAN_POINT('',(-0.32,-0.32,-3.));
#3998 = DIRECTION('',(0.,0.,1.));
#3999 = DIRECTION('',(1.,0.,-0.));
#4000 = ADVANCED_FACE('',(#4001),#4007,.F.);
#4001 = FACE_BOUND('',#4002,.F.);
#4002 = EDGE_LOOP('',(#4003,#4004,#4005,#4006));
#4003 = ORIENTED_EDGE('',*,*,#3577,.F.);
#4004 = ORIENTED_EDGE('',*,*,#3594,.F.);
#4005 = ORIENTED_EDGE('',*,*,#3529,.T.);
#4006 = ORIENTED_EDGE('',*,*,#3553,.T.);
#4007 = PLANE('',#4008);
#4008 = AXIS2_PLACEMENT_3D('',#4009,#4010,#4011);
#4009 = CARTESIAN_POINT('',(-0.32,-2.86,-3.));
#4010 = DIRECTION('',(0.,0.,1.));
#4011 = DIRECTION('',(1.,0.,-0.));
#4012 = ADVANCED_FACE('',(#4013),#4019,.F.);
#4013 = FACE_BOUND('',#4014,.F.);
#4014 = EDGE_LOOP('',(#4015,#4016,#4017,#4018));
#4015 = ORIENTED_EDGE('',*,*,#3625,.F.);
#4016 = ORIENTED_EDGE('',*,*,#3649,.F.);
#4017 = ORIENTED_EDGE('',*,*,#3673,.T.);
#4018 = ORIENTED_EDGE('',*,*,#3690,.T.);
#4019 = PLANE('',#4020);
#4020 = AXIS2_PLACEMENT_3D('',#4021,#4022,#4023);
#4021 = CARTESIAN_POINT('',(-0.32,-5.4,-3.));
#4022 = DIRECTION('',(0.,0.,1.));
#4023 = DIRECTION('',(1.,0.,-0.));
#4024 = ADVANCED_FACE('',(#4025),#4031,.T.);
#4025 = FACE_BOUND('',#4026,.T.);
#4026 = EDGE_LOOP('',(#4027,#4028,#4029,#4030));
#4027 = ORIENTED_EDGE('',*,*,#3786,.T.);
#4028 = ORIENTED_EDGE('',*,*,#3721,.T.);
#4029 = ORIENTED_EDGE('',*,*,#3745,.F.);
#4030 = ORIENTED_EDGE('',*,*,#3769,.F.);
#4031 = PLANE('',#4032);
#4032 = AXIS2_PLACEMENT_3D('',#4033,#4034,#4035);
#4033 = CARTESIAN_POINT('',(-0.32,-0.32,8.54));
#4034 = DIRECTION('',(0.,0.,1.));
#4035 = DIRECTION('',(1.,0.,-0.));
#4036 = ADVANCED_FACE('',(#4037),#4043,.T.);
#4037 = FACE_BOUND('',#4038,.T.);
#4038 = EDGE_LOOP('',(#4039,#4040,#4041,#4042));
#4039 = ORIENTED_EDGE('',*,*,#3817,.T.);
#4040 = ORIENTED_EDGE('',*,*,#3841,.T.);
#4041 = ORIENTED_EDGE('',*,*,#3865,.F.);
#4042 = ORIENTED_EDGE('',*,*,#3882,.F.);
#4043 = PLANE('',#4044);
#4044 = AXIS2_PLACEMENT_3D('',#4045,#4046,#4047);
#4045 = CARTESIAN_POINT('',(-0.32,-2.86,8.54));
#4046 = DIRECTION('',(0.,0.,1.));
#4047 = DIRECTION('',(1.,0.,-0.));
#4048 = ADVANCED_FACE('',(#4049),#4055,.T.);
#4049 = FACE_BOUND('',#4050,.T.);
#4050 = EDGE_LOOP('',(#4051,#4052,#4053,#4054));
#4051 = ORIENTED_EDGE('',*,*,#3961,.T.);
#4052 = ORIENTED_EDGE('',*,*,#3978,.T.);
#4053 = ORIENTED_EDGE('',*,*,#3913,.F.);
#4054 = ORIENTED_EDGE('',*,*,#3937,.F.);
#4055 = PLANE('',#4056);
#4056 = AXIS2_PLACEMENT_3D('',#4057,#4058,#4059);
#4057 = CARTESIAN_POINT('',(-0.32,-5.4,8.54));
#4058 = DIRECTION('',(0.,0.,1.));
#4059 = DIRECTION('',(1.,0.,-0.));
#4060 = ( GEOMETRIC_REPRESENTATION_CONTEXT(3) 
GLOBAL_UNCERTAINTY_ASSIGNED_CONTEXT((#4064)) 
GLOBAL_UNIT_ASSIGNED_CONTEXT((#4061,#4062,#4063)) REPRESENTATION_CONTEXT
('Context #1','3D Context with UNIT and UNCERTAINTY') );
#4061 = ( LENGTH_UNIT() NAMED_UNIT(*) SI_UNIT(.MILLI.,.METRE.) );
#4062 = ( NAMED_UNIT(*) PLANE_ANGLE_UNIT() SI_UNIT($,.RADIAN.) );
#4063 = ( NAMED_UNIT(*) SI_UNIT($,.STERADIAN.) SOLID_ANGLE_UNIT() );
#4064 = UNCERTAINTY_MEASURE_WITH_UNIT(LENGTH_MEASURE(1.E-07),#4061,
  'distance_accuracy_value','confusion accuracy');
#4065 = CONTEXT_DEPENDENT_SHAPE_REPRESENTATION(#4066,#4068);
#4066 = ( REPRESENTATION_RELATIONSHIP('','',#1953,#1930) 
REPRESENTATION_RELATIONSHIP_WITH_TRANSFORMATION(#4067) 
SHAPE_REPRESENTATION_RELATIONSHIP() );
#4067 = ITEM_DEFINED_TRANSFORMATION('','',#11,#1931);
#4068 = PRODUCT_DEFINITION_SHAPE('Placement','Placement of an item',
  #4069);
#4069 = NEXT_ASSEMBLY_USAGE_OCCURRENCE('3','=>[0:1:1:5]','',#1925,#1948,
  $);
#4070 = PRODUCT_RELATED_PRODUCT_CATEGORY('part',$,(#1950));
#4071 = SHAPE_DEFINITION_REPRESENTATION(#4072,#4078);
#4072 = PRODUCT_DEFINITION_SHAPE('','',#4073);
#4073 = PRODUCT_DEFINITION('design','',#4074,#4077);
#4074 = PRODUCT_DEFINITION_FORMATION('','',#4075);
#4075 = PRODUCT('PinHeader_1x02_P2.54mm_Vertical',
  'PinHeader_1x02_P2.54mm_Vertical','',(#4076));
#4076 = PRODUCT_CONTEXT('',#2,'mechanical');
#4077 = PRODUCT_DEFINITION_CONTEXT('part definition',#2,'design');
#4078 = SHAPE_REPRESENTATION('',(#11,#4079),#4083);
#4079 = AXIS2_PLACEMENT_3D('',#4080,#4081,#4082);
#4080 = CARTESIAN_POINT('',(0.,0.,0.));
#4081 = DIRECTION('',(0.,0.,1.));
#4082 = DIRECTION('',(1.,0.,-0.));
#4083 = ( GEOMETRIC_REPRESENTATION_CONTEXT(3) 
GLOBAL_UNCERTAINTY_ASSIGNED_CONTEXT((#4087)) 
GLOBAL_UNIT_ASSIGNED_CONTEXT((#4084,#4085,#4086)) REPRESENTATION_CONTEXT
('Context #1','3D Context with UNIT and UNCERTAINTY') );
#4084 = ( LENGTH_UNIT() NAMED_UNIT(*) SI_UNIT(.MILLI.,.METRE.) );
#4085 = ( NAMED_UNIT(*) PLANE_ANGLE_UNIT() SI_UNIT($,.RADIAN.) );
#4086 = ( NAMED_UNIT(*) SI_UNIT($,.STERADIAN.) SOLID_ANGLE_UNIT() );
#4087 = UNCERTAINTY_MEASURE_WITH_UNIT(LENGTH_MEASURE(1.E-07),#4084,
  'distance_accuracy_value','confusion accuracy');
#4088 = CONTEXT_DEPENDENT_SHAPE_REPRESENTATION(#4089,#4091);
#4089 = ( REPRESENTATION_RELATIONSHIP('','',#4078,#10) 
REPRESENTATION_RELATIONSHIP_WITH_TRANSFORMATION(#4090) 
SHAPE_REPRESENTATION_RELATIONSHIP() );
#4090 = ITEM_DEFINED_TRANSFORMATION('','',#11,#23);
#4091 = PRODUCT_DEFINITION_SHAPE('Placement','Placement of an item',
  #4092);
#4092 = NEXT_ASSEMBLY_USAGE_OCCURRENCE('6','J4','',#5,#4073,$);
#4093 = PRODUCT_RELATED_PRODUCT_CATEGORY('part',$,(#4075));
#4094 = SHAPE_DEFINITION_REPRESENTATION(#4095,#4101);
#4095 = PRODUCT_DEFINITION_SHAPE('','',#4096);
#4096 = PRODUCT_DEFINITION('design','',#4097,#4100);
#4097 = PRODUCT_DEFINITION_FORMATION('','',#4098);
#4098 = PRODUCT('PinHeader_1x02_P254mm_Vertical',
  'PinHeader_1x02_P254mm_Vertical','',(#4099));
#4099 = PRODUCT_CONTEXT('',#2,'mechanical');
#4100 = PRODUCT_DEFINITION_CONTEXT('part definition',#2,'design');
#4101 = ADVANCED_BREP_SHAPE_REPRESENTATION('',(#11,#4102),#5534);
#4102 = MANIFOLD_SOLID_BREP('',#4103);
#4103 = CLOSED_SHELL('',(#4104,#4144,#4175,#4206,#4371,#4536,#4553,#4570
    ,#4587,#4604,#4621,#4638,#4655,#4672,#4689,#4706,#4718,#4749,#4773,
    #4797,#4814,#4845,#4869,#4893,#4910,#4941,#4965,#4989,#5006,#5037,
    #5061,#5085,#5102,#5133,#5157,#5181,#5198,#5229,#5253,#5277,#5294,
    #5325,#5349,#5373,#5390,#5421,#5445,#5469,#5486,#5498,#5510,#5522));
#4104 = ADVANCED_FACE('',(#4105),#4139,.F.);
#4105 = FACE_BOUND('',#4106,.F.);
#4106 = EDGE_LOOP('',(#4107,#4117,#4125,#4133));
#4107 = ORIENTED_EDGE('',*,*,#4108,.T.);
#4108 = EDGE_CURVE('',#4109,#4111,#4113,.T.);
#4109 = VERTEX_POINT('',#4110);
#4110 = CARTESIAN_POINT('',(-1.016,1.27,0.));
#4111 = VERTEX_POINT('',#4112);
#4112 = CARTESIAN_POINT('',(-1.016,1.27,2.54));
#4113 = LINE('',#4114,#4115);
#4114 = CARTESIAN_POINT('',(-1.016,1.27,0.));
#4115 = VECTOR('',#4116,1.);
#4116 = DIRECTION('',(0.,0.,1.));
#4117 = ORIENTED_EDGE('',*,*,#4118,.T.);
#4118 = EDGE_CURVE('',#4111,#4119,#4121,.T.);
#4119 = VERTEX_POINT('',#4120);
#4120 = CARTESIAN_POINT('',(-1.27,1.016,2.54));
#4121 = LINE('',#4122,#4123);
#4122 = CARTESIAN_POINT('',(-1.016,1.27,2.54));
#4123 = VECTOR('',#4124,1.);
#4124 = DIRECTION('',(-0.707106781187,-0.707106781187,0.));
#4125 = ORIENTED_EDGE('',*,*,#4126,.F.);
#4126 = EDGE_CURVE('',#4127,#4119,#4129,.T.);
#4127 = VERTEX_POINT('',#4128);
#4128 = CARTESIAN_POINT('',(-1.27,1.016,0.));
#4129 = LINE('',#4130,#4131);
#4130 = CARTESIAN_POINT('',(-1.27,1.016,0.));
#4131 = VECTOR('',#4132,1.);
#4132 = DIRECTION('',(0.,0.,1.));
#4133 = ORIENTED_EDGE('',*,*,#4134,.F.);
#4134 = EDGE_CURVE('',#4109,#4127,#4135,.T.);
#4135 = LINE('',#4136,#4137);
#4136 = CARTESIAN_POINT('',(-1.016,1.27,0.));
#4137 = VECTOR('',#4138,1.);
#4138 = DIRECTION('',(-0.707106781187,-0.707106781187,0.));
#4139 = PLANE('',#4140);
#4140 = AXIS2_PLACEMENT_3D('',#4141,#4142,#4143);
#4141 = CARTESIAN_POINT('',(-1.016,1.27,0.));
#4142 = DIRECTION('',(0.707106781187,-0.707106781187,0.));
#4143 = DIRECTION('',(-0.707106781187,-0.707106781187,0.));
#4144 = ADVANCED_FACE('',(#4145),#4170,.F.);
#4145 = FACE_BOUND('',#4146,.F.);
#4146 = EDGE_LOOP('',(#4147,#4157,#4163,#4164));
#4147 = ORIENTED_EDGE('',*,*,#4148,.T.);
#4148 = EDGE_CURVE('',#4149,#4151,#4153,.T.);
#4149 = VERTEX_POINT('',#4150);
#4150 = CARTESIAN_POINT('',(1.016,1.27,0.));
#4151 = VERTEX_POINT('',#4152);
#4152 = CARTESIAN_POINT('',(1.016,1.27,2.54));
#4153 = LINE('',#4154,#4155);
#4154 = CARTESIAN_POINT('',(1.016,1.27,0.));
#4155 = VECTOR('',#4156,1.);
#4156 = DIRECTION('',(0.,0.,1.));
#4157 = ORIENTED_EDGE('',*,*,#4158,.T.);
#4158 = EDGE_CURVE('',#4151,#4111,#4159,.T.);
#4159 = LINE('',#4160,#4161);
#4160 = CARTESIAN_POINT('',(1.016,1.27,2.54));
#4161 = VECTOR('',#4162,1.);
#4162 = DIRECTION('',(-1.,0.,0.));
#4163 = ORIENTED_EDGE('',*,*,#4108,.F.);
#4164 = ORIENTED_EDGE('',*,*,#4165,.F.);
#4165 = EDGE_CURVE('',#4149,#4109,#4166,.T.);
#4166 = LINE('',#4167,#4168);
#4167 = CARTESIAN_POINT('',(1.016,1.27,0.));
#4168 = VECTOR('',#4169,1.);
#4169 = DIRECTION('',(-1.,0.,0.));
#4170 = PLANE('',#4171);
#4171 = AXIS2_PLACEMENT_3D('',#4172,#4173,#4174);
#4172 = CARTESIAN_POINT('',(1.016,1.27,0.));
#4173 = DIRECTION('',(0.,-1.,0.));
#4174 = DIRECTION('',(-1.,0.,0.));
#4175 = ADVANCED_FACE('',(#4176),#4201,.F.);
#4176 = FACE_BOUND('',#4177,.F.);
#4177 = EDGE_LOOP('',(#4178,#4179,#4187,#4195));
#4178 = ORIENTED_EDGE('',*,*,#4126,.T.);
#4179 = ORIENTED_EDGE('',*,*,#4180,.T.);
#4180 = EDGE_CURVE('',#4119,#4181,#4183,.T.);
#4181 = VERTEX_POINT('',#4182);
#4182 = CARTESIAN_POINT('',(-1.27,-1.016,2.54));
#4183 = LINE('',#4184,#4185);
#4184 = CARTESIAN_POINT('',(-1.27,1.016,2.54));
#4185 = VECTOR('',#4186,1.);
#4186 = DIRECTION('',(0.,-1.,0.));
#4187 = ORIENTED_EDGE('',*,*,#4188,.F.);
#4188 = EDGE_CURVE('',#4189,#4181,#4191,.T.);
#4189 = VERTEX_POINT('',#4190);
#4190 = CARTESIAN_POINT('',(-1.27,-1.016,0.));
#4191 = LINE('',#4192,#4193);
#4192 = CARTESIAN_POINT('',(-1.27,-1.016,0.));
#4193 = VECTOR('',#4194,1.);
#4194 = DIRECTION('',(0.,0.,1.));
#4195 = ORIENTED_EDGE('',*,*,#4196,.F.);
#4196 = EDGE_CURVE('',#4127,#4189,#4197,.T.);
#4197 = LINE('',#4198,#4199);
#4198 = CARTESIAN_POINT('',(-1.27,1.016,0.));
#4199 = VECTOR('',#4200,1.);
#4200 = DIRECTION('',(0.,-1.,0.));
#4201 = PLANE('',#4202);
#4202 = AXIS2_PLACEMENT_3D('',#4203,#4204,#4205);
#4203 = CARTESIAN_POINT('',(-1.27,1.016,0.));
#4204 = DIRECTION('',(1.,0.,0.));
#4205 = DIRECTION('',(0.,-1.,0.));
#4206 = ADVANCED_FACE('',(#4207,#4298,#4332),#4366,.F.);
#4207 = FACE_BOUND('',#4208,.F.);
#4208 = EDGE_LOOP('',(#4209,#4210,#4211,#4219,#4227,#4235,#4243,#4251,
    #4259,#4267,#4275,#4283,#4291,#4297));
#4209 = ORIENTED_EDGE('',*,*,#4134,.T.);
#4210 = ORIENTED_EDGE('',*,*,#4196,.T.);
#4211 = ORIENTED_EDGE('',*,*,#4212,.T.);
#4212 = EDGE_CURVE('',#4189,#4213,#4215,.T.);
#4213 = VERTEX_POINT('',#4214);
#4214 = CARTESIAN_POINT('',(-1.016,-1.27,0.));
#4215 = LINE('',#4216,#4217);
#4216 = CARTESIAN_POINT('',(-1.27,-1.016,0.));
#4217 = VECTOR('',#4218,1.);
#4218 = DIRECTION('',(0.707106781187,-0.707106781187,0.));
#4219 = ORIENTED_EDGE('',*,*,#4220,.T.);
#4220 = EDGE_CURVE('',#4213,#4221,#4223,.T.);
#4221 = VERTEX_POINT('',#4222);
#4222 = CARTESIAN_POINT('',(-1.27,-1.524,0.));
#4223 = LINE('',#4224,#4225);
#4224 = CARTESIAN_POINT('',(-1.016,-1.27,0.));
#4225 = VECTOR('',#4226,1.);
#4226 = DIRECTION('',(-0.707106781187,-0.707106781187,0.));
#4227 = ORIENTED_EDGE('',*,*,#4228,.T.);
#4228 = EDGE_CURVE('',#4221,#4229,#4231,.T.);
#4229 = VERTEX_POINT('',#4230);
#4230 = CARTESIAN_POINT('',(-1.27,-3.556,0.));
#4231 = LINE('',#4232,#4233);
#4232 = CARTESIAN_POINT('',(-1.27,-1.524,0.));
#4233 = VECTOR('',#4234,1.);
#4234 = DIRECTION('',(0.,-1.,0.));
#4235 = ORIENTED_EDGE('',*,*,#4236,.T.);
#4236 = EDGE_CURVE('',#4229,#4237,#4239,.T.);
#4237 = VERTEX_POINT('',#4238);
#4238 = CARTESIAN_POINT('',(-1.016,-3.81,0.));
#4239 = LINE('',#4240,#4241);
#4240 = CARTESIAN_POINT('',(-1.27,-3.556,0.));
#4241 = VECTOR('',#4242,1.);
#4242 = DIRECTION('',(0.707106781187,-0.707106781187,0.));
#4243 = ORIENTED_EDGE('',*,*,#4244,.T.);
#4244 = EDGE_CURVE('',#4237,#4245,#4247,.T.);
#4245 = VERTEX_POINT('',#4246);
#4246 = CARTESIAN_POINT('',(1.016,-3.81,0.));
#4247 = LINE('',#4248,#4249);
#4248 = CARTESIAN_POINT('',(-1.016,-3.81,0.));
#4249 = VECTOR('',#4250,1.);
#4250 = DIRECTION('',(1.,0.,0.));
#4251 = ORIENTED_EDGE('',*,*,#4252,.T.);
#4252 = EDGE_CURVE('',#4245,#4253,#4255,.T.);
#4253 = VERTEX_POINT('',#4254);
#4254 = CARTESIAN_POINT('',(1.27,-3.556,0.));
#4255 = LINE('',#4256,#4257);
#4256 = CARTESIAN_POINT('',(1.016,-3.81,0.));
#4257 = VECTOR('',#4258,1.);
#4258 = DIRECTION('',(0.707106781187,0.707106781187,0.));
#4259 = ORIENTED_EDGE('',*,*,#4260,.T.);
#4260 = EDGE_CURVE('',#4253,#4261,#4263,.T.);
#4261 = VERTEX_POINT('',#4262);
#4262 = CARTESIAN_POINT('',(1.27,-1.524,0.));
#4263 = LINE('',#4264,#4265);
#4264 = CARTESIAN_POINT('',(1.27,-3.556,0.));
#4265 = VECTOR('',#4266,1.);
#4266 = DIRECTION('',(0.,1.,0.));
#4267 = ORIENTED_EDGE('',*,*,#4268,.T.);
#4268 = EDGE_CURVE('',#4261,#4269,#4271,.T.);
#4269 = VERTEX_POINT('',#4270);
#4270 = CARTESIAN_POINT('',(1.016,-1.27,0.));
#4271 = LINE('',#4272,#4273);
#4272 = CARTESIAN_POINT('',(1.27,-1.524,0.));
#4273 = VECTOR('',#4274,1.);
#4274 = DIRECTION('',(-0.707106781187,0.707106781187,0.));
#4275 = ORIENTED_EDGE('',*,*,#4276,.T.);
#4276 = EDGE_CURVE('',#4269,#4277,#4279,.T.);
#4277 = VERTEX_POINT('',#4278);
#4278 = CARTESIAN_POINT('',(1.27,-1.016,0.));
#4279 = LINE('',#4280,#4281);
#4280 = CARTESIAN_POINT('',(1.016,-1.27,0.));
#4281 = VECTOR('',#4282,1.);
#4282 = DIRECTION('',(0.707106781187,0.707106781187,0.));
#4283 = ORIENTED_EDGE('',*,*,#4284,.T.);
#4284 = EDGE_CURVE('',#4277,#4285,#4287,.T.);
#4285 = VERTEX_POINT('',#4286);
#4286 = CARTESIAN_POINT('',(1.27,1.016,0.));
#4287 = LINE('',#4288,#4289);
#4288 = CARTESIAN_POINT('',(1.27,-1.016,0.));
#4289 = VECTOR('',#4290,1.);
#4290 = DIRECTION('',(0.,1.,0.));
#4291 = ORIENTED_EDGE('',*,*,#4292,.T.);
#4292 = EDGE_CURVE('',#4285,#4149,#4293,.T.);
#4293 = LINE('',#4294,#4295);
#4294 = CARTESIAN_POINT('',(1.27,1.016,0.));
#4295 = VECTOR('',#4296,1.);
#4296 = DIRECTION('',(-0.707106781187,0.707106781187,0.));
#4297 = ORIENTED_EDGE('',*,*,#4165,.T.);
#4298 = FACE_BOUND('',#4299,.F.);
#4299 = EDGE_LOOP('',(#4300,#4310,#4318,#4326));
#4300 = ORIENTED_EDGE('',*,*,#4301,.T.);
#4301 = EDGE_CURVE('',#4302,#4304,#4306,.T.);
#4302 = VERTEX_POINT('',#4303);
#4303 = CARTESIAN_POINT('',(0.32,-0.32,0.));
#4304 = VERTEX_POINT('',#4305);
#4305 = CARTESIAN_POINT('',(-0.32,-0.32,0.));
#4306 = LINE('',#4307,#4308);
#4307 = CARTESIAN_POINT('',(-0.16,-0.32,0.));
#4308 = VECTOR('',#4309,1.);
#4309 = DIRECTION('',(-1.,0.,0.));
#4310 = ORIENTED_EDGE('',*,*,#4311,.T.);
#4311 = EDGE_CURVE('',#4304,#4312,#4314,.T.);
#4312 = VERTEX_POINT('',#4313);
#4313 = CARTESIAN_POINT('',(-0.32,0.32,0.));
#4314 = LINE('',#4315,#4316);
#4315 = CARTESIAN_POINT('',(-0.32,-0.795,0.));
#4316 = VECTOR('',#4317,1.);
#4317 = DIRECTION('',(0.,1.,0.));
#4318 = ORIENTED_EDGE('',*,*,#4319,.F.);
#4319 = EDGE_CURVE('',#4320,#4312,#4322,.T.);
#4320 = VERTEX_POINT('',#4321);
#4321 = CARTESIAN_POINT('',(0.32,0.32,0.));
#4322 = LINE('',#4323,#4324);
#4323 = CARTESIAN_POINT('',(-0.16,0.32,0.));
#4324 = VECTOR('',#4325,1.);
#4325 = DIRECTION('',(-1.,0.,0.));
#4326 = ORIENTED_EDGE('',*,*,#4327,.F.);
#4327 = EDGE_CURVE('',#4302,#4320,#4328,.T.);
#4328 = LINE('',#4329,#4330);
#4329 = CARTESIAN_POINT('',(0.32,-0.795,0.));
#4330 = VECTOR('',#4331,1.);
#4331 = DIRECTION('',(0.,1.,0.));
#4332 = FACE_BOUND('',#4333,.F.);
#4333 = EDGE_LOOP('',(#4334,#4344,#4352,#4360));
#4334 = ORIENTED_EDGE('',*,*,#4335,.T.);
#4335 = EDGE_CURVE('',#4336,#4338,#4340,.T.);
#4336 = VERTEX_POINT('',#4337);
#4337 = CARTESIAN_POINT('',(0.32,-2.86,0.));
#4338 = VERTEX_POINT('',#4339);
#4339 = CARTESIAN_POINT('',(-0.32,-2.86,0.));
#4340 = LINE('',#4341,#4342);
#4341 = CARTESIAN_POINT('',(-0.16,-2.86,0.));
#4342 = VECTOR('',#4343,1.);
#4343 = DIRECTION('',(-1.,0.,0.));
#4344 = ORIENTED_EDGE('',*,*,#4345,.T.);
#4345 = EDGE_CURVE('',#4338,#4346,#4348,.T.);
#4346 = VERTEX_POINT('',#4347);
#4347 = CARTESIAN_POINT('',(-0.32,-2.22,0.));
#4348 = LINE('',#4349,#4350);
#4349 = CARTESIAN_POINT('',(-0.32,-2.065,0.));
#4350 = VECTOR('',#4351,1.);
#4351 = DIRECTION('',(0.,1.,0.));
#4352 = ORIENTED_EDGE('',*,*,#4353,.F.);
#4353 = EDGE_CURVE('',#4354,#4346,#4356,.T.);
#4354 = VERTEX_POINT('',#4355);
#4355 = CARTESIAN_POINT('',(0.32,-2.22,0.));
#4356 = LINE('',#4357,#4358);
#4357 = CARTESIAN_POINT('',(-0.16,-2.22,0.));
#4358 = VECTOR('',#4359,1.);
#4359 = DIRECTION('',(-1.,0.,0.));
#4360 = ORIENTED_EDGE('',*,*,#4361,.F.);
#4361 = EDGE_CURVE('',#4336,#4354,#4362,.T.);
#4362 = LINE('',#4363,#4364);
#4363 = CARTESIAN_POINT('',(0.32,-2.065,0.));
#4364 = VECTOR('',#4365,1.);
#4365 = DIRECTION('',(0.,1.,0.));
#4366 = PLANE('',#4367);
#4367 = AXIS2_PLACEMENT_3D('',#4368,#4369,#4370);
#4368 = CARTESIAN_POINT('',(1.473843703412E-17,-1.27,0.));
#4369 = DIRECTION('',(0.,0.,1.));
#4370 = DIRECTION('',(1.,0.,-0.));
#4371 = ADVANCED_FACE('',(#4372,#4463,#4497),#4531,.T.);
#4372 = FACE_BOUND('',#4373,.T.);
#4373 = EDGE_LOOP('',(#4374,#4375,#4376,#4384,#4392,#4400,#4408,#4416,
    #4424,#4432,#4440,#4448,#4456,#4462));
#4374 = ORIENTED_EDGE('',*,*,#4118,.T.);
#4375 = ORIENTED_EDGE('',*,*,#4180,.T.);
#4376 = ORIENTED_EDGE('',*,*,#4377,.T.);
#4377 = EDGE_CURVE('',#4181,#4378,#4380,.T.);
#4378 = VERTEX_POINT('',#4379);
#4379 = CARTESIAN_POINT('',(-1.016,-1.27,2.54));
#4380 = LINE('',#4381,#4382);
#4381 = CARTESIAN_POINT('',(-1.27,-1.016,2.54));
#4382 = VECTOR('',#4383,1.);
#4383 = DIRECTION('',(0.707106781187,-0.707106781187,0.));
#4384 = ORIENTED_EDGE('',*,*,#4385,.T.);
#4385 = EDGE_CURVE('',#4378,#4386,#4388,.T.);
#4386 = VERTEX_POINT('',#4387);
#4387 = CARTESIAN_POINT('',(-1.27,-1.524,2.54));
#4388 = LINE('',#4389,#4390);
#4389 = CARTESIAN_POINT('',(-1.016,-1.27,2.54));
#4390 = VECTOR('',#4391,1.);
#4391 = DIRECTION('',(-0.707106781187,-0.707106781187,0.));
#4392 = ORIENTED_EDGE('',*,*,#4393,.T.);
#4393 = EDGE_CURVE('',#4386,#4394,#4396,.T.);
#4394 = VERTEX_POINT('',#4395);
#4395 = CARTESIAN_POINT('',(-1.27,-3.556,2.54));
#4396 = LINE('',#4397,#4398);
#4397 = CARTESIAN_POINT('',(-1.27,-1.524,2.54));
#4398 = VECTOR('',#4399,1.);
#4399 = DIRECTION('',(0.,-1.,0.));
#4400 = ORIENTED_EDGE('',*,*,#4401,.T.);
#4401 = EDGE_CURVE('',#4394,#4402,#4404,.T.);
#4402 = VERTEX_POINT('',#4403);
#4403 = CARTESIAN_POINT('',(-1.016,-3.81,2.54));
#4404 = LINE('',#4405,#4406);
#4405 = CARTESIAN_POINT('',(-1.27,-3.556,2.54));
#4406 = VECTOR('',#4407,1.);
#4407 = DIRECTION('',(0.707106781187,-0.707106781187,0.));
#4408 = ORIENTED_EDGE('',*,*,#4409,.T.);
#4409 = EDGE_CURVE('',#4402,#4410,#4412,.T.);
#4410 = VERTEX_POINT('',#4411);
#4411 = CARTESIAN_POINT('',(1.016,-3.81,2.54));
#4412 = LINE('',#4413,#4414);
#4413 = CARTESIAN_POINT('',(-1.016,-3.81,2.54));
#4414 = VECTOR('',#4415,1.);
#4415 = DIRECTION('',(1.,0.,0.));
#4416 = ORIENTED_EDGE('',*,*,#4417,.T.);
#4417 = EDGE_CURVE('',#4410,#4418,#4420,.T.);
#4418 = VERTEX_POINT('',#4419);
#4419 = CARTESIAN_POINT('',(1.27,-3.556,2.54));
#4420 = LINE('',#4421,#4422);
#4421 = CARTESIAN_POINT('',(1.016,-3.81,2.54));
#4422 = VECTOR('',#4423,1.);
#4423 = DIRECTION('',(0.707106781187,0.707106781187,0.));
#4424 = ORIENTED_EDGE('',*,*,#4425,.T.);
#4425 = EDGE_CURVE('',#4418,#4426,#4428,.T.);
#4426 = VERTEX_POINT('',#4427);
#4427 = CARTESIAN_POINT('',(1.27,-1.524,2.54));
#4428 = LINE('',#4429,#4430);
#4429 = CARTESIAN_POINT('',(1.27,-3.556,2.54));
#4430 = VECTOR('',#4431,1.);
#4431 = DIRECTION('',(0.,1.,0.));
#4432 = ORIENTED_EDGE('',*,*,#4433,.T.);
#4433 = EDGE_CURVE('',#4426,#4434,#4436,.T.);
#4434 = VERTEX_POINT('',#4435);
#4435 = CARTESIAN_POINT('',(1.016,-1.27,2.54));
#4436 = LINE('',#4437,#4438);
#4437 = CARTESIAN_POINT('',(1.27,-1.524,2.54));
#4438 = VECTOR('',#4439,1.);
#4439 = DIRECTION('',(-0.707106781187,0.707106781187,0.));
#4440 = ORIENTED_EDGE('',*,*,#4441,.T.);
#4441 = EDGE_CURVE('',#4434,#4442,#4444,.T.);
#4442 = VERTEX_POINT('',#4443);
#4443 = CARTESIAN_POINT('',(1.27,-1.016,2.54));
#4444 = LINE('',#4445,#4446);
#4445 = CARTESIAN_POINT('',(1.016,-1.27,2.54));
#4446 = VECTOR('',#4447,1.);
#4447 = DIRECTION('',(0.707106781187,0.707106781187,0.));
#4448 = ORIENTED_EDGE('',*,*,#4449,.T.);
#4449 = EDGE_CURVE('',#4442,#4450,#4452,.T.);
#4450 = VERTEX_POINT('',#4451);
#4451 = CARTESIAN_POINT('',(1.27,1.016,2.54));
#4452 = LINE('',#4453,#4454);
#4453 = CARTESIAN_POINT('',(1.27,-1.016,2.54));
#4454 = VECTOR('',#4455,1.);
#4455 = DIRECTION('',(0.,1.,0.));
#4456 = ORIENTED_EDGE('',*,*,#4457,.T.);
#4457 = EDGE_CURVE('',#4450,#4151,#4458,.T.);
#4458 = LINE('',#4459,#4460);
#4459 = CARTESIAN_POINT('',(1.27,1.016,2.54));
#4460 = VECTOR('',#4461,1.);
#4461 = DIRECTION('',(-0.707106781187,0.707106781187,0.));
#4462 = ORIENTED_EDGE('',*,*,#4158,.T.);
#4463 = FACE_BOUND('',#4464,.T.);
#4464 = EDGE_LOOP('',(#4465,#4475,#4483,#4491));
#4465 = ORIENTED_EDGE('',*,*,#4466,.T.);
#4466 = EDGE_CURVE('',#4467,#4469,#4471,.T.);
#4467 = VERTEX_POINT('',#4468);
#4468 = CARTESIAN_POINT('',(0.32,-0.32,2.54));
#4469 = VERTEX_POINT('',#4470);
#4470 = CARTESIAN_POINT('',(-0.32,-0.32,2.54));
#4471 = LINE('',#4472,#4473);
#4472 = CARTESIAN_POINT('',(-0.16,-0.32,2.54));
#4473 = VECTOR('',#4474,1.);
#4474 = DIRECTION('',(-1.,0.,0.));
#4475 = ORIENTED_EDGE('',*,*,#4476,.T.);
#4476 = EDGE_CURVE('',#4469,#4477,#4479,.T.);
#4477 = VERTEX_POINT('',#4478);
#4478 = CARTESIAN_POINT('',(-0.32,0.32,2.54));
#4479 = LINE('',#4480,#4481);
#4480 = CARTESIAN_POINT('',(-0.32,-0.795,2.54));
#4481 = VECTOR('',#4482,1.);
#4482 = DIRECTION('',(0.,1.,0.));
#4483 = ORIENTED_EDGE('',*,*,#4484,.F.);
#4484 = EDGE_CURVE('',#4485,#4477,#4487,.T.);
#4485 = VERTEX_POINT('',#4486);
#4486 = CARTESIAN_POINT('',(0.32,0.32,2.54));
#4487 = LINE('',#4488,#4489);
#4488 = CARTESIAN_POINT('',(-0.16,0.32,2.54));
#4489 = VECTOR('',#4490,1.);
#4490 = DIRECTION('',(-1.,0.,0.));
#4491 = ORIENTED_EDGE('',*,*,#4492,.F.);
#4492 = EDGE_CURVE('',#4467,#4485,#4493,.T.);
#4493 = LINE('',#4494,#4495);
#4494 = CARTESIAN_POINT('',(0.32,-0.795,2.54));
#4495 = VECTOR('',#4496,1.);
#4496 = DIRECTION('',(0.,1.,0.));
#4497 = FACE_BOUND('',#4498,.T.);
#4498 = EDGE_LOOP('',(#4499,#4509,#4517,#4525));
#4499 = ORIENTED_EDGE('',*,*,#4500,.T.);
#4500 = EDGE_CURVE('',#4501,#4503,#4505,.T.);
#4501 = VERTEX_POINT('',#4502);
#4502 = CARTESIAN_POINT('',(0.32,-2.86,2.54));
#4503 = VERTEX_POINT('',#4504);
#4504 = CARTESIAN_POINT('',(-0.32,-2.86,2.54));
#4505 = LINE('',#4506,#4507);
#4506 = CARTESIAN_POINT('',(-0.16,-2.86,2.54));
#4507 = VECTOR('',#4508,1.);
#4508 = DIRECTION('',(-1.,0.,0.));
#4509 = ORIENTED_EDGE('',*,*,#4510,.T.);
#4510 = EDGE_CURVE('',#4503,#4511,#4513,.T.);
#4511 = VERTEX_POINT('',#4512);
#4512 = CARTESIAN_POINT('',(-0.32,-2.22,2.54));
#4513 = LINE('',#4514,#4515);
#4514 = CARTESIAN_POINT('',(-0.32,-2.065,2.54));
#4515 = VECTOR('',#4516,1.);
#4516 = DIRECTION('',(0.,1.,0.));
#4517 = ORIENTED_EDGE('',*,*,#4518,.F.);
#4518 = EDGE_CURVE('',#4519,#4511,#4521,.T.);
#4519 = VERTEX_POINT('',#4520);
#4520 = CARTESIAN_POINT('',(0.32,-2.22,2.54));
#4521 = LINE('',#4522,#4523);
#4522 = CARTESIAN_POINT('',(-0.16,-2.22,2.54));
#4523 = VECTOR('',#4524,1.);
#4524 = DIRECTION('',(-1.,0.,0.));
#4525 = ORIENTED_EDGE('',*,*,#4526,.F.);
#4526 = EDGE_CURVE('',#4501,#4519,#4527,.T.);
#4527 = LINE('',#4528,#4529);
#4528 = CARTESIAN_POINT('',(0.32,-2.065,2.54));
#4529 = VECTOR('',#4530,1.);
#4530 = DIRECTION('',(0.,1.,0.));
#4531 = PLANE('',#4532);
#4532 = AXIS2_PLACEMENT_3D('',#4533,#4534,#4535);
#4533 = CARTESIAN_POINT('',(1.473843703412E-17,-1.27,2.54));
#4534 = DIRECTION('',(0.,0.,1.));
#4535 = DIRECTION('',(1.,0.,-0.));
#4536 = ADVANCED_FACE('',(#4537),#4548,.F.);
#4537 = FACE_BOUND('',#4538,.F.);
#4538 = EDGE_LOOP('',(#4539,#4545,#4546,#4547));
#4539 = ORIENTED_EDGE('',*,*,#4540,.T.);
#4540 = EDGE_CURVE('',#4285,#4450,#4541,.T.);
#4541 = LINE('',#4542,#4543);
#4542 = CARTESIAN_POINT('',(1.27,1.016,0.));
#4543 = VECTOR('',#4544,1.);
#4544 = DIRECTION('',(0.,0.,1.));
#4545 = ORIENTED_EDGE('',*,*,#4457,.T.);
#4546 = ORIENTED_EDGE('',*,*,#4148,.F.);
#4547 = ORIENTED_EDGE('',*,*,#4292,.F.);
#4548 = PLANE('',#4549);
#4549 = AXIS2_PLACEMENT_3D('',#4550,#4551,#4552);
#4550 = CARTESIAN_POINT('',(1.27,1.016,0.));
#4551 = DIRECTION('',(-0.707106781187,-0.707106781187,0.));
#4552 = DIRECTION('',(-0.707106781187,0.707106781187,0.));
#4553 = ADVANCED_FACE('',(#4554),#4565,.F.);
#4554 = FACE_BOUND('',#4555,.F.);
#4555 = EDGE_LOOP('',(#4556,#4557,#4558,#4564));
#4556 = ORIENTED_EDGE('',*,*,#4188,.T.);
#4557 = ORIENTED_EDGE('',*,*,#4377,.T.);
#4558 = ORIENTED_EDGE('',*,*,#4559,.F.);
#4559 = EDGE_CURVE('',#4213,#4378,#4560,.T.);
#4560 = LINE('',#4561,#4562);
#4561 = CARTESIAN_POINT('',(-1.016,-1.27,0.));
#4562 = VECTOR('',#4563,1.);
#4563 = DIRECTION('',(0.,0.,1.));
#4564 = ORIENTED_EDGE('',*,*,#4212,.F.);
#4565 = PLANE('',#4566);
#4566 = AXIS2_PLACEMENT_3D('',#4567,#4568,#4569);
#4567 = CARTESIAN_POINT('',(-1.27,-1.016,0.));
#4568 = DIRECTION('',(0.707106781187,0.707106781187,0.));
#4569 = DIRECTION('',(0.707106781187,-0.707106781187,0.));
#4570 = ADVANCED_FACE('',(#4571),#4582,.F.);
#4571 = FACE_BOUND('',#4572,.F.);
#4572 = EDGE_LOOP('',(#4573,#4579,#4580,#4581));
#4573 = ORIENTED_EDGE('',*,*,#4574,.T.);
#4574 = EDGE_CURVE('',#4277,#4442,#4575,.T.);
#4575 = LINE('',#4576,#4577);
#4576 = CARTESIAN_POINT('',(1.27,-1.016,0.));
#4577 = VECTOR('',#4578,1.);
#4578 = DIRECTION('',(0.,0.,1.));
#4579 = ORIENTED_EDGE('',*,*,#4449,.T.);
#4580 = ORIENTED_EDGE('',*,*,#4540,.F.);
#4581 = ORIENTED_EDGE('',*,*,#4284,.F.);
#4582 = PLANE('',#4583);
#4583 = AXIS2_PLACEMENT_3D('',#4584,#4585,#4586);
#4584 = CARTESIAN_POINT('',(1.27,-1.016,0.));
#4585 = DIRECTION('',(-1.,0.,0.));
#4586 = DIRECTION('',(0.,1.,0.));
#4587 = ADVANCED_FACE('',(#4588),#4599,.F.);
#4588 = FACE_BOUND('',#4589,.F.);
#4589 = EDGE_LOOP('',(#4590,#4591,#4592,#4598));
#4590 = ORIENTED_EDGE('',*,*,#4559,.T.);
#4591 = ORIENTED_EDGE('',*,*,#4385,.T.);
#4592 = ORIENTED_EDGE('',*,*,#4593,.F.);
#4593 = EDGE_CURVE('',#4221,#4386,#4594,.T.);
#4594 = LINE('',#4595,#4596);
#4595 = CARTESIAN_POINT('',(-1.27,-1.524,0.));
#4596 = VECTOR('',#4597,1.);
#4597 = DIRECTION('',(0.,0.,1.));
#4598 = ORIENTED_EDGE('',*,*,#4220,.F.);
#4599 = PLANE('',#4600);
#4600 = AXIS2_PLACEMENT_3D('',#4601,#4602,#4603);
#4601 = CARTESIAN_POINT('',(-1.016,-1.27,0.));
#4602 = DIRECTION('',(0.707106781187,-0.707106781187,0.));
#4603 = DIRECTION('',(-0.707106781187,-0.707106781187,0.));
#4604 = ADVANCED_FACE('',(#4605),#4616,.F.);
#4605 = FACE_BOUND('',#4606,.F.);
#4606 = EDGE_LOOP('',(#4607,#4613,#4614,#4615));
#4607 = ORIENTED_EDGE('',*,*,#4608,.T.);
#4608 = EDGE_CURVE('',#4269,#4434,#4609,.T.);
#4609 = LINE('',#4610,#4611);
#4610 = CARTESIAN_POINT('',(1.016,-1.27,0.));
#4611 = VECTOR('',#4612,1.);
#4612 = DIRECTION('',(0.,0.,1.));
#4613 = ORIENTED_EDGE('',*,*,#4441,.T.);
#4614 = ORIENTED_EDGE('',*,*,#4574,.F.);
#4615 = ORIENTED_EDGE('',*,*,#4276,.F.);
#4616 = PLANE('',#4617);
#4617 = AXIS2_PLACEMENT_3D('',#4618,#4619,#4620);
#4618 = CARTESIAN_POINT('',(1.016,-1.27,0.));
#4619 = DIRECTION('',(-0.707106781187,0.707106781187,0.));
#4620 = DIRECTION('',(0.707106781187,0.707106781187,0.));
#4621 = ADVANCED_FACE('',(#4622),#4633,.F.);
#4622 = FACE_BOUND('',#4623,.F.);
#4623 = EDGE_LOOP('',(#4624,#4625,#4626,#4632));
#4624 = ORIENTED_EDGE('',*,*,#4593,.T.);
#4625 = ORIENTED_EDGE('',*,*,#4393,.T.);
#4626 = ORIENTED_EDGE('',*,*,#4627,.F.);
#4627 = EDGE_CURVE('',#4229,#4394,#4628,.T.);
#4628 = LINE('',#4629,#4630);
#4629 = CARTESIAN_POINT('',(-1.27,-3.556,0.));
#4630 = VECTOR('',#4631,1.);
#4631 = DIRECTION('',(0.,0.,1.));
#4632 = ORIENTED_EDGE('',*,*,#4228,.F.);
#4633 = PLANE('',#4634);
#4634 = AXIS2_PLACEMENT_3D('',#4635,#4636,#4637);
#4635 = CARTESIAN_POINT('',(-1.27,-1.524,0.));
#4636 = DIRECTION('',(1.,0.,0.));
#4637 = DIRECTION('',(0.,-1.,0.));
#4638 = ADVANCED_FACE('',(#4639),#4650,.F.);
#4639 = FACE_BOUND('',#4640,.F.);
#4640 = EDGE_LOOP('',(#4641,#4647,#4648,#4649));
#4641 = ORIENTED_EDGE('',*,*,#4642,.T.);
#4642 = EDGE_CURVE('',#4261,#4426,#4643,.T.);
#4643 = LINE('',#4644,#4645);
#4644 = CARTESIAN_POINT('',(1.27,-1.524,0.));
#4645 = VECTOR('',#4646,1.);
#4646 = DIRECTION('',(0.,0.,1.));
#4647 = ORIENTED_EDGE('',*,*,#4433,.T.);
#4648 = ORIENTED_EDGE('',*,*,#4608,.F.);
#4649 = ORIENTED_EDGE('',*,*,#4268,.F.);
#4650 = PLANE('',#4651);
#4651 = AXIS2_PLACEMENT_3D('',#4652,#4653,#4654);
#4652 = CARTESIAN_POINT('',(1.27,-1.524,0.));
#4653 = DIRECTION('',(-0.707106781187,-0.707106781187,0.));
#4654 = DIRECTION('',(-0.707106781187,0.707106781187,0.));
#4655 = ADVANCED_FACE('',(#4656),#4667,.F.);
#4656 = FACE_BOUND('',#4657,.F.);
#4657 = EDGE_LOOP('',(#4658,#4659,#4660,#4666));
#4658 = ORIENTED_EDGE('',*,*,#4627,.T.);
#4659 = ORIENTED_EDGE('',*,*,#4401,.T.);
#4660 = ORIENTED_EDGE('',*,*,#4661,.F.);
#4661 = EDGE_CURVE('',#4237,#4402,#4662,.T.);
#4662 = LINE('',#4663,#4664);
#4663 = CARTESIAN_POINT('',(-1.016,-3.81,0.));
#4664 = VECTOR('',#4665,1.);
#4665 = DIRECTION('',(0.,0.,1.));
#4666 = ORIENTED_EDGE('',*,*,#4236,.F.);
#4667 = PLANE('',#4668);
#4668 = AXIS2_PLACEMENT_3D('',#4669,#4670,#4671);
#4669 = CARTESIAN_POINT('',(-1.27,-3.556,0.));
#4670 = DIRECTION('',(0.707106781187,0.707106781187,0.));
#4671 = DIRECTION('',(0.707106781187,-0.707106781187,0.));
#4672 = ADVANCED_FACE('',(#4673),#4684,.F.);
#4673 = FACE_BOUND('',#4674,.F.);
#4674 = EDGE_LOOP('',(#4675,#4681,#4682,#4683));
#4675 = ORIENTED_EDGE('',*,*,#4676,.T.);
#4676 = EDGE_CURVE('',#4253,#4418,#4677,.T.);
#4677 = LINE('',#4678,#4679);
#4678 = CARTESIAN_POINT('',(1.27,-3.556,0.));
#4679 = VECTOR('',#4680,1.);
#4680 = DIRECTION('',(0.,0.,1.));
#4681 = ORIENTED_EDGE('',*,*,#4425,.T.);
#4682 = ORIENTED_EDGE('',*,*,#4642,.F.);
#4683 = ORIENTED_EDGE('',*,*,#4260,.F.);
#4684 = PLANE('',#4685);
#4685 = AXIS2_PLACEMENT_3D('',#4686,#4687,#4688);
#4686 = CARTESIAN_POINT('',(1.27,-3.556,0.));
#4687 = DIRECTION('',(-1.,0.,0.));
#4688 = DIRECTION('',(0.,1.,0.));
#4689 = ADVANCED_FACE('',(#4690),#4701,.F.);
#4690 = FACE_BOUND('',#4691,.F.);
#4691 = EDGE_LOOP('',(#4692,#4693,#4694,#4700));
#4692 = ORIENTED_EDGE('',*,*,#4661,.T.);
#4693 = ORIENTED_EDGE('',*,*,#4409,.T.);
#4694 = ORIENTED_EDGE('',*,*,#4695,.F.);
#4695 = EDGE_CURVE('',#4245,#4410,#4696,.T.);
#4696 = LINE('',#4697,#4698);
#4697 = CARTESIAN_POINT('',(1.016,-3.81,0.));
#4698 = VECTOR('',#4699,1.);
#4699 = DIRECTION('',(0.,0.,1.));
#4700 = ORIENTED_EDGE('',*,*,#4244,.F.);
#4701 = PLANE('',#4702);
#4702 = AXIS2_PLACEMENT_3D('',#4703,#4704,#4705);
#4703 = CARTESIAN_POINT('',(-1.016,-3.81,0.));
#4704 = DIRECTION('',(0.,1.,0.));
#4705 = DIRECTION('',(1.,0.,0.));
#4706 = ADVANCED_FACE('',(#4707),#4713,.F.);
#4707 = FACE_BOUND('',#4708,.F.);
#4708 = EDGE_LOOP('',(#4709,#4710,#4711,#4712));
#4709 = ORIENTED_EDGE('',*,*,#4695,.T.);
#4710 = ORIENTED_EDGE('',*,*,#4417,.T.);
#4711 = ORIENTED_EDGE('',*,*,#4676,.F.);
#4712 = ORIENTED_EDGE('',*,*,#4252,.F.);
#4713 = PLANE('',#4714);
#4714 = AXIS2_PLACEMENT_3D('',#4715,#4716,#4717);
#4715 = CARTESIAN_POINT('',(1.016,-3.81,0.));
#4716 = DIRECTION('',(-0.707106781187,0.707106781187,0.));
#4717 = DIRECTION('',(0.707106781187,0.707106781187,0.));
#4718 = ADVANCED_FACE('',(#4719),#4744,.F.);
#4719 = FACE_BOUND('',#4720,.F.);
#4720 = EDGE_LOOP('',(#4721,#4729,#4737,#4743));
#4721 = ORIENTED_EDGE('',*,*,#4722,.F.);
#4722 = EDGE_CURVE('',#4723,#4302,#4725,.T.);
#4723 = VERTEX_POINT('',#4724);
#4724 = CARTESIAN_POINT('',(0.32,-0.32,-2.84));
#4725 = LINE('',#4726,#4727);
#4726 = CARTESIAN_POINT('',(0.32,-0.32,-3.));
#4727 = VECTOR('',#4728,1.);
#4728 = DIRECTION('',(0.,0.,1.));
#4729 = ORIENTED_EDGE('',*,*,#4730,.F.);
#4730 = EDGE_CURVE('',#4731,#4723,#4733,.T.);
#4731 = VERTEX_POINT('',#4732);
#4732 = CARTESIAN_POINT('',(-0.32,-0.32,-2.84));
#4733 = LINE('',#4734,#4735);
#4734 = CARTESIAN_POINT('',(-0.32,-0.32,-2.84));
#4735 = VECTOR('',#4736,1.);
#4736 = DIRECTION('',(1.,0.,0.));
#4737 = ORIENTED_EDGE('',*,*,#4738,.T.);
#4738 = EDGE_CURVE('',#4731,#4304,#4739,.T.);
#4739 = LINE('',#4740,#4741);
#4740 = CARTESIAN_POINT('',(-0.32,-0.32,-3.));
#4741 = VECTOR('',#4742,1.);
#4742 = DIRECTION('',(0.,0.,1.));
#4743 = ORIENTED_EDGE('',*,*,#4301,.F.);
#4744 = PLANE('',#4745);
#4745 = AXIS2_PLACEMENT_3D('',#4746,#4747,#4748);
#4746 = CARTESIAN_POINT('',(-0.32,-0.32,-3.));
#4747 = DIRECTION('',(0.,1.,0.));
#4748 = DIRECTION('',(0.,-0.,1.));
#4749 = ADVANCED_FACE('',(#4750),#4768,.T.);
#4750 = FACE_BOUND('',#4751,.T.);
#4751 = EDGE_LOOP('',(#4752,#4753,#4761,#4767));
#4752 = ORIENTED_EDGE('',*,*,#4722,.F.);
#4753 = ORIENTED_EDGE('',*,*,#4754,.T.);
#4754 = EDGE_CURVE('',#4723,#4755,#4757,.T.);
#4755 = VERTEX_POINT('',#4756);
#4756 = CARTESIAN_POINT('',(0.32,0.32,-2.84));
#4757 = LINE('',#4758,#4759);
#4758 = CARTESIAN_POINT('',(0.32,-0.32,-2.84));
#4759 = VECTOR('',#4760,1.);
#4760 = DIRECTION('',(0.,1.,0.));
#4761 = ORIENTED_EDGE('',*,*,#4762,.T.);
#4762 = EDGE_CURVE('',#4755,#4320,#4763,.T.);
#4763 = LINE('',#4764,#4765);
#4764 = CARTESIAN_POINT('',(0.32,0.32,-3.));
#4765 = VECTOR('',#4766,1.);
#4766 = DIRECTION('',(0.,0.,1.));
#4767 = ORIENTED_EDGE('',*,*,#4327,.F.);
#4768 = PLANE('',#4769);
#4769 = AXIS2_PLACEMENT_3D('',#4770,#4771,#4772);
#4770 = CARTESIAN_POINT('',(0.32,-0.32,-3.));
#4771 = DIRECTION('',(1.,0.,0.));
#4772 = DIRECTION('',(0.,0.,1.));
#4773 = ADVANCED_FACE('',(#4774),#4792,.T.);
#4774 = FACE_BOUND('',#4775,.T.);
#4775 = EDGE_LOOP('',(#4776,#4777,#4785,#4791));
#4776 = ORIENTED_EDGE('',*,*,#4762,.F.);
#4777 = ORIENTED_EDGE('',*,*,#4778,.F.);
#4778 = EDGE_CURVE('',#4779,#4755,#4781,.T.);
#4779 = VERTEX_POINT('',#4780);
#4780 = CARTESIAN_POINT('',(-0.32,0.32,-2.84));
#4781 = LINE('',#4782,#4783);
#4782 = CARTESIAN_POINT('',(-0.32,0.32,-2.84));
#4783 = VECTOR('',#4784,1.);
#4784 = DIRECTION('',(1.,0.,0.));
#4785 = ORIENTED_EDGE('',*,*,#4786,.T.);
#4786 = EDGE_CURVE('',#4779,#4312,#4787,.T.);
#4787 = LINE('',#4788,#4789);
#4788 = CARTESIAN_POINT('',(-0.32,0.32,-3.));
#4789 = VECTOR('',#4790,1.);
#4790 = DIRECTION('',(0.,0.,1.));
#4791 = ORIENTED_EDGE('',*,*,#4319,.F.);
#4792 = PLANE('',#4793);
#4793 = AXIS2_PLACEMENT_3D('',#4794,#4795,#4796);
#4794 = CARTESIAN_POINT('',(-0.32,0.32,-3.));
#4795 = DIRECTION('',(0.,1.,0.));
#4796 = DIRECTION('',(0.,-0.,1.));
#4797 = ADVANCED_FACE('',(#4798),#4809,.F.);
#4798 = FACE_BOUND('',#4799,.F.);
#4799 = EDGE_LOOP('',(#4800,#4801,#4807,#4808));
#4800 = ORIENTED_EDGE('',*,*,#4738,.F.);
#4801 = ORIENTED_EDGE('',*,*,#4802,.T.);
#4802 = EDGE_CURVE('',#4731,#4779,#4803,.T.);
#4803 = LINE('',#4804,#4805);
#4804 = CARTESIAN_POINT('',(-0.32,-0.32,-2.84));
#4805 = VECTOR('',#4806,1.);
#4806 = DIRECTION('',(0.,1.,0.));
#4807 = ORIENTED_EDGE('',*,*,#4786,.T.);
#4808 = ORIENTED_EDGE('',*,*,#4311,.F.);
#4809 = PLANE('',#4810);
#4810 = AXIS2_PLACEMENT_3D('',#4811,#4812,#4813);
#4811 = CARTESIAN_POINT('',(-0.32,-0.32,-3.));
#4812 = DIRECTION('',(1.,0.,0.));
#4813 = DIRECTION('',(0.,0.,1.));
#4814 = ADVANCED_FACE('',(#4815),#4840,.F.);
#4815 = FACE_BOUND('',#4816,.F.);
#4816 = EDGE_LOOP('',(#4817,#4825,#4833,#4839));
#4817 = ORIENTED_EDGE('',*,*,#4818,.F.);
#4818 = EDGE_CURVE('',#4819,#4336,#4821,.T.);
#4819 = VERTEX_POINT('',#4820);
#4820 = CARTESIAN_POINT('',(0.32,-2.86,-2.84));
#4821 = LINE('',#4822,#4823);
#4822 = CARTESIAN_POINT('',(0.32,-2.86,-3.));
#4823 = VECTOR('',#4824,1.);
#4824 = DIRECTION('',(0.,0.,1.));
#4825 = ORIENTED_EDGE('',*,*,#4826,.F.);
#4826 = EDGE_CURVE('',#4827,#4819,#4829,.T.);
#4827 = VERTEX_POINT('',#4828);
#4828 = CARTESIAN_POINT('',(-0.32,-2.86,-2.84));
#4829 = LINE('',#4830,#4831);
#4830 = CARTESIAN_POINT('',(-0.32,-2.86,-2.84));
#4831 = VECTOR('',#4832,1.);
#4832 = DIRECTION('',(1.,0.,0.));
#4833 = ORIENTED_EDGE('',*,*,#4834,.T.);
#4834 = EDGE_CURVE('',#4827,#4338,#4835,.T.);
#4835 = LINE('',#4836,#4837);
#4836 = CARTESIAN_POINT('',(-0.32,-2.86,-3.));
#4837 = VECTOR('',#4838,1.);
#4838 = DIRECTION('',(0.,0.,1.));
#4839 = ORIENTED_EDGE('',*,*,#4335,.F.);
#4840 = PLANE('',#4841);
#4841 = AXIS2_PLACEMENT_3D('',#4842,#4843,#4844);
#4842 = CARTESIAN_POINT('',(-0.32,-2.86,-3.));
#4843 = DIRECTION('',(0.,1.,0.));
#4844 = DIRECTION('',(0.,-0.,1.));
#4845 = ADVANCED_FACE('',(#4846),#4864,.T.);
#4846 = FACE_BOUND('',#4847,.T.);
#4847 = EDGE_LOOP('',(#4848,#4849,#4857,#4863));
#4848 = ORIENTED_EDGE('',*,*,#4818,.F.);
#4849 = ORIENTED_EDGE('',*,*,#4850,.T.);
#4850 = EDGE_CURVE('',#4819,#4851,#4853,.T.);
#4851 = VERTEX_POINT('',#4852);
#4852 = CARTESIAN_POINT('',(0.32,-2.22,-2.84));
#4853 = LINE('',#4854,#4855);
#4854 = CARTESIAN_POINT('',(0.32,-2.86,-2.84));
#4855 = VECTOR('',#4856,1.);
#4856 = DIRECTION('',(0.,1.,0.));
#4857 = ORIENTED_EDGE('',*,*,#4858,.T.);
#4858 = EDGE_CURVE('',#4851,#4354,#4859,.T.);
#4859 = LINE('',#4860,#4861);
#4860 = CARTESIAN_POINT('',(0.32,-2.22,-3.));
#4861 = VECTOR('',#4862,1.);
#4862 = DIRECTION('',(0.,0.,1.));
#4863 = ORIENTED_EDGE('',*,*,#4361,.F.);
#4864 = PLANE('',#4865);
#4865 = AXIS2_PLACEMENT_3D('',#4866,#4867,#4868);
#4866 = CARTESIAN_POINT('',(0.32,-2.86,-3.));
#4867 = DIRECTION('',(1.,0.,0.));
#4868 = DIRECTION('',(0.,0.,1.));
#4869 = ADVANCED_FACE('',(#4870),#4888,.T.);
#4870 = FACE_BOUND('',#4871,.T.);
#4871 = EDGE_LOOP('',(#4872,#4873,#4881,#4887));
#4872 = ORIENTED_EDGE('',*,*,#4858,.F.);
#4873 = ORIENTED_EDGE('',*,*,#4874,.F.);
#4874 = EDGE_CURVE('',#4875,#4851,#4877,.T.);
#4875 = VERTEX_POINT('',#4876);
#4876 = CARTESIAN_POINT('',(-0.32,-2.22,-2.84));
#4877 = LINE('',#4878,#4879);
#4878 = CARTESIAN_POINT('',(-0.32,-2.22,-2.84));
#4879 = VECTOR('',#4880,1.);
#4880 = DIRECTION('',(1.,0.,0.));
#4881 = ORIENTED_EDGE('',*,*,#4882,.T.);
#4882 = EDGE_CURVE('',#4875,#4346,#4883,.T.);
#4883 = LINE('',#4884,#4885);
#4884 = CARTESIAN_POINT('',(-0.32,-2.22,-3.));
#4885 = VECTOR('',#4886,1.);
#4886 = DIRECTION('',(0.,0.,1.));
#4887 = ORIENTED_EDGE('',*,*,#4353,.F.);
#4888 = PLANE('',#4889);
#4889 = AXIS2_PLACEMENT_3D('',#4890,#4891,#4892);
#4890 = CARTESIAN_POINT('',(-0.32,-2.22,-3.));
#4891 = DIRECTION('',(0.,1.,0.));
#4892 = DIRECTION('',(0.,-0.,1.));
#4893 = ADVANCED_FACE('',(#4894),#4905,.F.);
#4894 = FACE_BOUND('',#4895,.F.);
#4895 = EDGE_LOOP('',(#4896,#4897,#4903,#4904));
#4896 = ORIENTED_EDGE('',*,*,#4834,.F.);
#4897 = ORIENTED_EDGE('',*,*,#4898,.T.);
#4898 = EDGE_CURVE('',#4827,#4875,#4899,.T.);
#4899 = LINE('',#4900,#4901);
#4900 = CARTESIAN_POINT('',(-0.32,-2.86,-2.84));
#4901 = VECTOR('',#4902,1.);
#4902 = DIRECTION('',(0.,1.,0.));
#4903 = ORIENTED_EDGE('',*,*,#4882,.T.);
#4904 = ORIENTED_EDGE('',*,*,#4345,.F.);
#4905 = PLANE('',#4906);
#4906 = AXIS2_PLACEMENT_3D('',#4907,#4908,#4909);
#4907 = CARTESIAN_POINT('',(-0.32,-2.86,-3.));
#4908 = DIRECTION('',(1.,0.,0.));
#4909 = DIRECTION('',(0.,0.,1.));
#4910 = ADVANCED_FACE('',(#4911),#4936,.F.);
#4911 = FACE_BOUND('',#4912,.F.);
#4912 = EDGE_LOOP('',(#4913,#4921,#4922,#4930));
#4913 = ORIENTED_EDGE('',*,*,#4914,.F.);
#4914 = EDGE_CURVE('',#4467,#4915,#4917,.T.);
#4915 = VERTEX_POINT('',#4916);
#4916 = CARTESIAN_POINT('',(0.32,-0.32,8.38));
#4917 = LINE('',#4918,#4919);
#4918 = CARTESIAN_POINT('',(0.32,-0.32,-3.));
#4919 = VECTOR('',#4920,1.);
#4920 = DIRECTION('',(0.,0.,1.));
#4921 = ORIENTED_EDGE('',*,*,#4466,.T.);
#4922 = ORIENTED_EDGE('',*,*,#4923,.T.);
#4923 = EDGE_CURVE('',#4469,#4924,#4926,.T.);
#4924 = VERTEX_POINT('',#4925);
#4925 = CARTESIAN_POINT('',(-0.32,-0.32,8.38));
#4926 = LINE('',#4927,#4928);
#4927 = CARTESIAN_POINT('',(-0.32,-0.32,-3.));
#4928 = VECTOR('',#4929,1.);
#4929 = DIRECTION('',(0.,0.,1.));
#4930 = ORIENTED_EDGE('',*,*,#4931,.T.);
#4931 = EDGE_CURVE('',#4924,#4915,#4932,.T.);
#4932 = LINE('',#4933,#4934);
#4933 = CARTESIAN_POINT('',(-0.32,-0.32,8.38));
#4934 = VECTOR('',#4935,1.);
#4935 = DIRECTION('',(1.,0.,0.));
#4936 = PLANE('',#4937);
#4937 = AXIS2_PLACEMENT_3D('',#4938,#4939,#4940);
#4938 = CARTESIAN_POINT('',(-0.32,-0.32,-3.));
#4939 = DIRECTION('',(0.,1.,0.));
#4940 = DIRECTION('',(0.,-0.,1.));
#4941 = ADVANCED_FACE('',(#4942),#4960,.T.);
#4942 = FACE_BOUND('',#4943,.T.);
#4943 = EDGE_LOOP('',(#4944,#4945,#4946,#4954));
#4944 = ORIENTED_EDGE('',*,*,#4914,.F.);
#4945 = ORIENTED_EDGE('',*,*,#4492,.T.);
#4946 = ORIENTED_EDGE('',*,*,#4947,.T.);
#4947 = EDGE_CURVE('',#4485,#4948,#4950,.T.);
#4948 = VERTEX_POINT('',#4949);
#4949 = CARTESIAN_POINT('',(0.32,0.32,8.38));
#4950 = LINE('',#4951,#4952);
#4951 = CARTESIAN_POINT('',(0.32,0.32,-3.));
#4952 = VECTOR('',#4953,1.);
#4953 = DIRECTION('',(0.,0.,1.));
#4954 = ORIENTED_EDGE('',*,*,#4955,.F.);
#4955 = EDGE_CURVE('',#4915,#4948,#4956,.T.);
#4956 = LINE('',#4957,#4958);
#4957 = CARTESIAN_POINT('',(0.32,-0.32,8.38));
#4958 = VECTOR('',#4959,1.);
#4959 = DIRECTION('',(0.,1.,0.));
#4960 = PLANE('',#4961);
#4961 = AXIS2_PLACEMENT_3D('',#4962,#4963,#4964);
#4962 = CARTESIAN_POINT('',(0.32,-0.32,-3.));
#4963 = DIRECTION('',(1.,0.,0.));
#4964 = DIRECTION('',(0.,0.,1.));
#4965 = ADVANCED_FACE('',(#4966),#4984,.T.);
#4966 = FACE_BOUND('',#4967,.T.);
#4967 = EDGE_LOOP('',(#4968,#4969,#4970,#4978));
#4968 = ORIENTED_EDGE('',*,*,#4947,.F.);
#4969 = ORIENTED_EDGE('',*,*,#4484,.T.);
#4970 = ORIENTED_EDGE('',*,*,#4971,.T.);
#4971 = EDGE_CURVE('',#4477,#4972,#4974,.T.);
#4972 = VERTEX_POINT('',#4973);
#4973 = CARTESIAN_POINT('',(-0.32,0.32,8.38));
#4974 = LINE('',#4975,#4976);
#4975 = CARTESIAN_POINT('',(-0.32,0.32,-3.));
#4976 = VECTOR('',#4977,1.);
#4977 = DIRECTION('',(0.,0.,1.));
#4978 = ORIENTED_EDGE('',*,*,#4979,.T.);
#4979 = EDGE_CURVE('',#4972,#4948,#4980,.T.);
#4980 = LINE('',#4981,#4982);
#4981 = CARTESIAN_POINT('',(-0.32,0.32,8.38));
#4982 = VECTOR('',#4983,1.);
#4983 = DIRECTION('',(1.,0.,0.));
#4984 = PLANE('',#4985);
#4985 = AXIS2_PLACEMENT_3D('',#4986,#4987,#4988);
#4986 = CARTESIAN_POINT('',(-0.32,0.32,-3.));
#4987 = DIRECTION('',(0.,1.,0.));
#4988 = DIRECTION('',(0.,-0.,1.));
#4989 = ADVANCED_FACE('',(#4990),#5001,.F.);
#4990 = FACE_BOUND('',#4991,.F.);
#4991 = EDGE_LOOP('',(#4992,#4993,#4994,#4995));
#4992 = ORIENTED_EDGE('',*,*,#4923,.F.);
#4993 = ORIENTED_EDGE('',*,*,#4476,.T.);
#4994 = ORIENTED_EDGE('',*,*,#4971,.T.);
#4995 = ORIENTED_EDGE('',*,*,#4996,.F.);
#4996 = EDGE_CURVE('',#4924,#4972,#4997,.T.);
#4997 = LINE('',#4998,#4999);
#4998 = CARTESIAN_POINT('',(-0.32,-0.32,8.38));
#4999 = VECTOR('',#5000,1.);
#5000 = DIRECTION('',(0.,1.,0.));
#5001 = PLANE('',#5002);
#5002 = AXIS2_PLACEMENT_3D('',#5003,#5004,#5005);
#5003 = CARTESIAN_POINT('',(-0.32,-0.32,-3.));
#5004 = DIRECTION('',(1.,0.,0.));
#5005 = DIRECTION('',(0.,0.,1.));
#5006 = ADVANCED_FACE('',(#5007),#5032,.F.);
#5007 = FACE_BOUND('',#5008,.F.);
#5008 = EDGE_LOOP('',(#5009,#5017,#5018,#5026));
#5009 = ORIENTED_EDGE('',*,*,#5010,.F.);
#5010 = EDGE_CURVE('',#4501,#5011,#5013,.T.);
#5011 = VERTEX_POINT('',#5012);
#5012 = CARTESIAN_POINT('',(0.32,-2.86,8.38));
#5013 = LINE('',#5014,#5015);
#5014 = CARTESIAN_POINT('',(0.32,-2.86,-3.));
#5015 = VECTOR('',#5016,1.);
#5016 = DIRECTION('',(0.,0.,1.));
#5017 = ORIENTED_EDGE('',*,*,#4500,.T.);
#5018 = ORIENTED_EDGE('',*,*,#5019,.T.);
#5019 = EDGE_CURVE('',#4503,#5020,#5022,.T.);
#5020 = VERTEX_POINT('',#5021);
#5021 = CARTESIAN_POINT('',(-0.32,-2.86,8.38));
#5022 = LINE('',#5023,#5024);
#5023 = CARTESIAN_POINT('',(-0.32,-2.86,-3.));
#5024 = VECTOR('',#5025,1.);
#5025 = DIRECTION('',(0.,0.,1.));
#5026 = ORIENTED_EDGE('',*,*,#5027,.T.);
#5027 = EDGE_CURVE('',#5020,#5011,#5028,.T.);
#5028 = LINE('',#5029,#5030);
#5029 = CARTESIAN_POINT('',(-0.32,-2.86,8.38));
#5030 = VECTOR('',#5031,1.);
#5031 = DIRECTION('',(1.,0.,0.));
#5032 = PLANE('',#5033);
#5033 = AXIS2_PLACEMENT_3D('',#5034,#5035,#5036);
#5034 = CARTESIAN_POINT('',(-0.32,-2.86,-3.));
#5035 = DIRECTION('',(0.,1.,0.));
#5036 = DIRECTION('',(0.,-0.,1.));
#5037 = ADVANCED_FACE('',(#5038),#5056,.T.);
#5038 = FACE_BOUND('',#5039,.T.);
#5039 = EDGE_LOOP('',(#5040,#5041,#5042,#5050));
#5040 = ORIENTED_EDGE('',*,*,#5010,.F.);
#5041 = ORIENTED_EDGE('',*,*,#4526,.T.);
#5042 = ORIENTED_EDGE('',*,*,#5043,.T.);
#5043 = EDGE_CURVE('',#4519,#5044,#5046,.T.);
#5044 = VERTEX_POINT('',#5045);
#5045 = CARTESIAN_POINT('',(0.32,-2.22,8.38));
#5046 = LINE('',#5047,#5048);
#5047 = CARTESIAN_POINT('',(0.32,-2.22,-3.));
#5048 = VECTOR('',#5049,1.);
#5049 = DIRECTION('',(0.,0.,1.));
#5050 = ORIENTED_EDGE('',*,*,#5051,.F.);
#5051 = EDGE_CURVE('',#5011,#5044,#5052,.T.);
#5052 = LINE('',#5053,#5054);
#5053 = CARTESIAN_POINT('',(0.32,-2.86,8.38));
#5054 = VECTOR('',#5055,1.);
#5055 = DIRECTION('',(0.,1.,0.));
#5056 = PLANE('',#5057);
#5057 = AXIS2_PLACEMENT_3D('',#5058,#5059,#5060);
#5058 = CARTESIAN_POINT('',(0.32,-2.86,-3.));
#5059 = DIRECTION('',(1.,0.,0.));
#5060 = DIRECTION('',(0.,0.,1.));
#5061 = ADVANCED_FACE('',(#5062),#5080,.T.);
#5062 = FACE_BOUND('',#5063,.T.);
#5063 = EDGE_LOOP('',(#5064,#5065,#5066,#5074));
#5064 = ORIENTED_EDGE('',*,*,#5043,.F.);
#5065 = ORIENTED_EDGE('',*,*,#4518,.T.);
#5066 = ORIENTED_EDGE('',*,*,#5067,.T.);
#5067 = EDGE_CURVE('',#4511,#5068,#5070,.T.);
#5068 = VERTEX_POINT('',#5069);
#5069 = CARTESIAN_POINT('',(-0.32,-2.22,8.38));
#5070 = LINE('',#5071,#5072);
#5071 = CARTESIAN_POINT('',(-0.32,-2.22,-3.));
#5072 = VECTOR('',#5073,1.);
#5073 = DIRECTION('',(0.,0.,1.));
#5074 = ORIENTED_EDGE('',*,*,#5075,.T.);
#5075 = EDGE_CURVE('',#5068,#5044,#5076,.T.);
#5076 = LINE('',#5077,#5078);
#5077 = CARTESIAN_POINT('',(-0.32,-2.22,8.38));
#5078 = VECTOR('',#5079,1.);
#5079 = DIRECTION('',(1.,0.,0.));
#5080 = PLANE('',#5081);
#5081 = AXIS2_PLACEMENT_3D('',#5082,#5083,#5084);
#5082 = CARTESIAN_POINT('',(-0.32,-2.22,-3.));
#5083 = DIRECTION('',(0.,1.,0.));
#5084 = DIRECTION('',(0.,-0.,1.));
#5085 = ADVANCED_FACE('',(#5086),#5097,.F.);
#5086 = FACE_BOUND('',#5087,.F.);
#5087 = EDGE_LOOP('',(#5088,#5089,#5090,#5091));
#5088 = ORIENTED_EDGE('',*,*,#5019,.F.);
#5089 = ORIENTED_EDGE('',*,*,#4510,.T.);
#5090 = ORIENTED_EDGE('',*,*,#5067,.T.);
#5091 = ORIENTED_EDGE('',*,*,#5092,.F.);
#5092 = EDGE_CURVE('',#5020,#5068,#5093,.T.);
#5093 = LINE('',#5094,#5095);
#5094 = CARTESIAN_POINT('',(-0.32,-2.86,8.38));
#5095 = VECTOR('',#5096,1.);
#5096 = DIRECTION('',(0.,1.,0.));
#5097 = PLANE('',#5098);
#5098 = AXIS2_PLACEMENT_3D('',#5099,#5100,#5101);
#5099 = CARTESIAN_POINT('',(-0.32,-2.86,-3.));
#5100 = DIRECTION('',(1.,0.,0.));
#5101 = DIRECTION('',(0.,0.,1.));
#5102 = ADVANCED_FACE('',(#5103),#5128,.T.);
#5103 = FACE_BOUND('',#5104,.F.);
#5104 = EDGE_LOOP('',(#5105,#5113,#5114,#5122));
#5105 = ORIENTED_EDGE('',*,*,#5106,.F.);
#5106 = EDGE_CURVE('',#4731,#5107,#5109,.T.);
#5107 = VERTEX_POINT('',#5108);
#5108 = CARTESIAN_POINT('',(-0.16,-0.16,-3.));
#5109 = LINE('',#5110,#5111);
#5110 = CARTESIAN_POINT('',(-0.266666666667,-0.266666666667,
    -2.893333333333));
#5111 = VECTOR('',#5112,1.);
#5112 = DIRECTION('',(0.57735026919,0.57735026919,-0.57735026919));
#5113 = ORIENTED_EDGE('',*,*,#4730,.T.);
#5114 = ORIENTED_EDGE('',*,*,#5115,.T.);
#5115 = EDGE_CURVE('',#4723,#5116,#5118,.T.);
#5116 = VERTEX_POINT('',#5117);
#5117 = CARTESIAN_POINT('',(0.16,-0.16,-3.));
#5118 = LINE('',#5119,#5120);
#5119 = CARTESIAN_POINT('',(0.16,-0.16,-3.));
#5120 = VECTOR('',#5121,1.);
#5121 = DIRECTION('',(-0.57735026919,0.57735026919,-0.57735026919));
#5122 = ORIENTED_EDGE('',*,*,#5123,.F.);
#5123 = EDGE_CURVE('',#5107,#5116,#5124,.T.);
#5124 = LINE('',#5125,#5126);
#5125 = CARTESIAN_POINT('',(-0.32,-0.16,-3.));
#5126 = VECTOR('',#5127,1.);
#5127 = DIRECTION('',(1.,0.,0.));
#5128 = PLANE('',#5129);
#5129 = AXIS2_PLACEMENT_3D('',#5130,#5131,#5132);
#5130 = CARTESIAN_POINT('',(-0.32,-0.24,-2.92));
#5131 = DIRECTION('',(1.735167508357E-18,-0.707106781187,-0.707106781187
    ));
#5132 = DIRECTION('',(-1.,-1.226948711654E-18,-1.226948711654E-18));
#5133 = ADVANCED_FACE('',(#5134),#5152,.F.);
#5134 = FACE_BOUND('',#5135,.F.);
#5135 = EDGE_LOOP('',(#5136,#5137,#5138,#5146));
#5136 = ORIENTED_EDGE('',*,*,#5115,.F.);
#5137 = ORIENTED_EDGE('',*,*,#4754,.T.);
#5138 = ORIENTED_EDGE('',*,*,#5139,.T.);
#5139 = EDGE_CURVE('',#4755,#5140,#5142,.T.);
#5140 = VERTEX_POINT('',#5141);
#5141 = CARTESIAN_POINT('',(0.16,0.16,-3.));
#5142 = LINE('',#5143,#5144);
#5143 = CARTESIAN_POINT('',(5.333333333333E-02,5.333333333333E-02,
    -3.106666666667));
#5144 = VECTOR('',#5145,1.);
#5145 = DIRECTION('',(-0.57735026919,-0.57735026919,-0.57735026919));
#5146 = ORIENTED_EDGE('',*,*,#5147,.F.);
#5147 = EDGE_CURVE('',#5116,#5140,#5148,.T.);
#5148 = LINE('',#5149,#5150);
#5149 = CARTESIAN_POINT('',(0.16,-0.32,-3.));
#5150 = VECTOR('',#5151,1.);
#5151 = DIRECTION('',(0.,1.,0.));
#5152 = PLANE('',#5153);
#5153 = AXIS2_PLACEMENT_3D('',#5154,#5155,#5156);
#5154 = CARTESIAN_POINT('',(0.24,-0.32,-2.92));
#5155 = DIRECTION('',(-0.707106781187,1.735167508357E-18,0.707106781187)
  );
#5156 = DIRECTION('',(1.226948711654E-18,1.,-1.226948711654E-18));
#5157 = ADVANCED_FACE('',(#5158),#5176,.F.);
#5158 = FACE_BOUND('',#5159,.T.);
#5159 = EDGE_LOOP('',(#5160,#5168,#5169,#5170));
#5160 = ORIENTED_EDGE('',*,*,#5161,.F.);
#5161 = EDGE_CURVE('',#4779,#5162,#5164,.T.);
#5162 = VERTEX_POINT('',#5163);
#5163 = CARTESIAN_POINT('',(-0.16,0.16,-3.));
#5164 = LINE('',#5165,#5166);
#5165 = CARTESIAN_POINT('',(-0.16,0.16,-3.));
#5166 = VECTOR('',#5167,1.);
#5167 = DIRECTION('',(0.57735026919,-0.57735026919,-0.57735026919));
#5168 = ORIENTED_EDGE('',*,*,#4778,.T.);
#5169 = ORIENTED_EDGE('',*,*,#5139,.T.);
#5170 = ORIENTED_EDGE('',*,*,#5171,.F.);
#5171 = EDGE_CURVE('',#5162,#5140,#5172,.T.);
#5172 = LINE('',#5173,#5174);
#5173 = CARTESIAN_POINT('',(-0.32,0.16,-3.));
#5174 = VECTOR('',#5175,1.);
#5175 = DIRECTION('',(1.,0.,0.));
#5176 = PLANE('',#5177);
#5177 = AXIS2_PLACEMENT_3D('',#5178,#5179,#5180);
#5178 = CARTESIAN_POINT('',(-0.32,0.24,-2.92));
#5179 = DIRECTION('',(-1.735167508357E-18,-0.707106781187,0.707106781187
    ));
#5180 = DIRECTION('',(-1.,1.226948711654E-18,-1.226948711654E-18));
#5181 = ADVANCED_FACE('',(#5182),#5193,.T.);
#5182 = FACE_BOUND('',#5183,.T.);
#5183 = EDGE_LOOP('',(#5184,#5185,#5186,#5187));
#5184 = ORIENTED_EDGE('',*,*,#5106,.F.);
#5185 = ORIENTED_EDGE('',*,*,#4802,.T.);
#5186 = ORIENTED_EDGE('',*,*,#5161,.T.);
#5187 = ORIENTED_EDGE('',*,*,#5188,.F.);
#5188 = EDGE_CURVE('',#5107,#5162,#5189,.T.);
#5189 = LINE('',#5190,#5191);
#5190 = CARTESIAN_POINT('',(-0.16,-0.32,-3.));
#5191 = VECTOR('',#5192,1.);
#5192 = DIRECTION('',(0.,1.,0.));
#5193 = PLANE('',#5194);
#5194 = AXIS2_PLACEMENT_3D('',#5195,#5196,#5197);
#5195 = CARTESIAN_POINT('',(-0.24,-0.32,-2.92));
#5196 = DIRECTION('',(-0.707106781187,-1.735167508357E-18,
    -0.707106781187));
#5197 = DIRECTION('',(-1.226948711654E-18,1.,-1.226948711654E-18));
#5198 = ADVANCED_FACE('',(#5199),#5224,.T.);
#5199 = FACE_BOUND('',#5200,.F.);
#5200 = EDGE_LOOP('',(#5201,#5209,#5210,#5218));
#5201 = ORIENTED_EDGE('',*,*,#5202,.F.);
#5202 = EDGE_CURVE('',#4827,#5203,#5205,.T.);
#5203 = VERTEX_POINT('',#5204);
#5204 = CARTESIAN_POINT('',(-0.16,-2.7,-3.));
#5205 = LINE('',#5206,#5207);
#5206 = CARTESIAN_POINT('',(-0.266666666667,-2.806666666667,
    -2.893333333333));
#5207 = VECTOR('',#5208,1.);
#5208 = DIRECTION('',(0.57735026919,0.57735026919,-0.57735026919));
#5209 = ORIENTED_EDGE('',*,*,#4826,.T.);
#5210 = ORIENTED_EDGE('',*,*,#5211,.T.);
#5211 = EDGE_CURVE('',#4819,#5212,#5214,.T.);
#5212 = VERTEX_POINT('',#5213);
#5213 = CARTESIAN_POINT('',(0.16,-2.7,-3.));
#5214 = LINE('',#5215,#5216);
#5215 = CARTESIAN_POINT('',(0.16,-2.7,-3.));
#5216 = VECTOR('',#5217,1.);
#5217 = DIRECTION('',(-0.57735026919,0.57735026919,-0.57735026919));
#5218 = ORIENTED_EDGE('',*,*,#5219,.F.);
#5219 = EDGE_CURVE('',#5203,#5212,#5220,.T.);
#5220 = LINE('',#5221,#5222);
#5221 = CARTESIAN_POINT('',(-0.32,-2.7,-3.));
#5222 = VECTOR('',#5223,1.);
#5223 = DIRECTION('',(1.,0.,0.));
#5224 = PLANE('',#5225);
#5225 = AXIS2_PLACEMENT_3D('',#5226,#5227,#5228);
#5226 = CARTESIAN_POINT('',(-0.32,-2.78,-2.92));
#5227 = DIRECTION('',(1.735167508357E-18,-0.707106781187,-0.707106781187
    ));
#5228 = DIRECTION('',(-1.,-1.226948711654E-18,-1.226948711654E-18));
#5229 = ADVANCED_FACE('',(#5230),#5248,.F.);
#5230 = FACE_BOUND('',#5231,.F.);
#5231 = EDGE_LOOP('',(#5232,#5233,#5234,#5242));
#5232 = ORIENTED_EDGE('',*,*,#5211,.F.);
#5233 = ORIENTED_EDGE('',*,*,#4850,.T.);
#5234 = ORIENTED_EDGE('',*,*,#5235,.T.);
#5235 = EDGE_CURVE('',#4851,#5236,#5238,.T.);
#5236 = VERTEX_POINT('',#5237);
#5237 = CARTESIAN_POINT('',(0.16,-2.38,-3.));
#5238 = LINE('',#5239,#5240);
#5239 = CARTESIAN_POINT('',(5.333333333333E-02,-2.486666666667,
    -3.106666666667));
#5240 = VECTOR('',#5241,1.);
#5241 = DIRECTION('',(-0.57735026919,-0.57735026919,-0.57735026919));
#5242 = ORIENTED_EDGE('',*,*,#5243,.F.);
#5243 = EDGE_CURVE('',#5212,#5236,#5244,.T.);
#5244 = LINE('',#5245,#5246);
#5245 = CARTESIAN_POINT('',(0.16,-2.86,-3.));
#5246 = VECTOR('',#5247,1.);
#5247 = DIRECTION('',(0.,1.,0.));
#5248 = PLANE('',#5249);
#5249 = AXIS2_PLACEMENT_3D('',#5250,#5251,#5252);
#5250 = CARTESIAN_POINT('',(0.24,-2.86,-2.92));
#5251 = DIRECTION('',(-0.707106781187,1.735167508357E-18,0.707106781187)
  );
#5252 = DIRECTION('',(1.226948711654E-18,1.,-1.226948711654E-18));
#5253 = ADVANCED_FACE('',(#5254),#5272,.F.);
#5254 = FACE_BOUND('',#5255,.T.);
#5255 = EDGE_LOOP('',(#5256,#5264,#5265,#5266));
#5256 = ORIENTED_EDGE('',*,*,#5257,.F.);
#5257 = EDGE_CURVE('',#4875,#5258,#5260,.T.);
#5258 = VERTEX_POINT('',#5259);
#5259 = CARTESIAN_POINT('',(-0.16,-2.38,-3.));
#5260 = LINE('',#5261,#5262);
#5261 = CARTESIAN_POINT('',(-0.16,-2.38,-3.));
#5262 = VECTOR('',#5263,1.);
#5263 = DIRECTION('',(0.57735026919,-0.57735026919,-0.57735026919));
#5264 = ORIENTED_EDGE('',*,*,#4874,.T.);
#5265 = ORIENTED_EDGE('',*,*,#5235,.T.);
#5266 = ORIENTED_EDGE('',*,*,#5267,.F.);
#5267 = EDGE_CURVE('',#5258,#5236,#5268,.T.);
#5268 = LINE('',#5269,#5270);
#5269 = CARTESIAN_POINT('',(-0.32,-2.38,-3.));
#5270 = VECTOR('',#5271,1.);
#5271 = DIRECTION('',(1.,0.,0.));
#5272 = PLANE('',#5273);
#5273 = AXIS2_PLACEMENT_3D('',#5274,#5275,#5276);
#5274 = CARTESIAN_POINT('',(-0.32,-2.3,-2.92));
#5275 = DIRECTION('',(-1.735167508357E-18,-0.707106781187,0.707106781187
    ));
#5276 = DIRECTION('',(-1.,1.226948711654E-18,-1.226948711654E-18));
#5277 = ADVANCED_FACE('',(#5278),#5289,.T.);
#5278 = FACE_BOUND('',#5279,.T.);
#5279 = EDGE_LOOP('',(#5280,#5281,#5282,#5283));
#5280 = ORIENTED_EDGE('',*,*,#5202,.F.);
#5281 = ORIENTED_EDGE('',*,*,#4898,.T.);
#5282 = ORIENTED_EDGE('',*,*,#5257,.T.);
#5283 = ORIENTED_EDGE('',*,*,#5284,.F.);
#5284 = EDGE_CURVE('',#5203,#5258,#5285,.T.);
#5285 = LINE('',#5286,#5287);
#5286 = CARTESIAN_POINT('',(-0.16,-2.86,-3.));
#5287 = VECTOR('',#5288,1.);
#5288 = DIRECTION('',(0.,1.,0.));
#5289 = PLANE('',#5290);
#5290 = AXIS2_PLACEMENT_3D('',#5291,#5292,#5293);
#5291 = CARTESIAN_POINT('',(-0.24,-2.86,-2.92));
#5292 = DIRECTION('',(-0.707106781187,-1.735167508357E-18,
    -0.707106781187));
#5293 = DIRECTION('',(-1.226948711654E-18,1.,-1.226948711654E-18));
#5294 = ADVANCED_FACE('',(#5295),#5320,.F.);
#5295 = FACE_BOUND('',#5296,.T.);
#5296 = EDGE_LOOP('',(#5297,#5305,#5306,#5314));
#5297 = ORIENTED_EDGE('',*,*,#5298,.F.);
#5298 = EDGE_CURVE('',#4924,#5299,#5301,.T.);
#5299 = VERTEX_POINT('',#5300);
#5300 = CARTESIAN_POINT('',(-0.16,-0.16,8.54));
#5301 = LINE('',#5302,#5303);
#5302 = CARTESIAN_POINT('',(-0.266666666667,-0.266666666667,
    8.433333333333));
#5303 = VECTOR('',#5304,1.);
#5304 = DIRECTION('',(0.57735026919,0.57735026919,0.57735026919));
#5305 = ORIENTED_EDGE('',*,*,#4931,.T.);
#5306 = ORIENTED_EDGE('',*,*,#5307,.T.);
#5307 = EDGE_CURVE('',#4915,#5308,#5310,.T.);
#5308 = VERTEX_POINT('',#5309);
#5309 = CARTESIAN_POINT('',(0.16,-0.16,8.54));
#5310 = LINE('',#5311,#5312);
#5311 = CARTESIAN_POINT('',(0.16,-0.16,8.54));
#5312 = VECTOR('',#5313,1.);
#5313 = DIRECTION('',(-0.57735026919,0.57735026919,0.57735026919));
#5314 = ORIENTED_EDGE('',*,*,#5315,.F.);
#5315 = EDGE_CURVE('',#5299,#5308,#5316,.T.);
#5316 = LINE('',#5317,#5318);
#5317 = CARTESIAN_POINT('',(-0.32,-0.16,8.54));
#5318 = VECTOR('',#5319,1.);
#5319 = DIRECTION('',(1.,0.,0.));
#5320 = PLANE('',#5321);
#5321 = AXIS2_PLACEMENT_3D('',#5322,#5323,#5324);
#5322 = CARTESIAN_POINT('',(-0.32,-0.24,8.46));
#5323 = DIRECTION('',(-1.735167508357E-18,0.707106781187,-0.707106781187
    ));
#5324 = DIRECTION('',(-1.,-1.226948711654E-18,1.226948711654E-18));
#5325 = ADVANCED_FACE('',(#5326),#5344,.T.);
#5326 = FACE_BOUND('',#5327,.T.);
#5327 = EDGE_LOOP('',(#5328,#5329,#5330,#5338));
#5328 = ORIENTED_EDGE('',*,*,#5307,.F.);
#5329 = ORIENTED_EDGE('',*,*,#4955,.T.);
#5330 = ORIENTED_EDGE('',*,*,#5331,.T.);
#5331 = EDGE_CURVE('',#4948,#5332,#5334,.T.);
#5332 = VERTEX_POINT('',#5333);
#5333 = CARTESIAN_POINT('',(0.16,0.16,8.54));
#5334 = LINE('',#5335,#5336);
#5335 = CARTESIAN_POINT('',(5.333333333333E-02,5.333333333333E-02,
    8.646666666667));
#5336 = VECTOR('',#5337,1.);
#5337 = DIRECTION('',(-0.57735026919,-0.57735026919,0.57735026919));
#5338 = ORIENTED_EDGE('',*,*,#5339,.F.);
#5339 = EDGE_CURVE('',#5308,#5332,#5340,.T.);
#5340 = LINE('',#5341,#5342);
#5341 = CARTESIAN_POINT('',(0.16,-0.32,8.54));
#5342 = VECTOR('',#5343,1.);
#5343 = DIRECTION('',(0.,1.,0.));
#5344 = PLANE('',#5345);
#5345 = AXIS2_PLACEMENT_3D('',#5346,#5347,#5348);
#5346 = CARTESIAN_POINT('',(0.24,-0.32,8.46));
#5347 = DIRECTION('',(0.707106781187,-1.735167508357E-18,0.707106781187)
  );
#5348 = DIRECTION('',(1.226948711654E-18,1.,1.226948711654E-18));
#5349 = ADVANCED_FACE('',(#5350),#5368,.T.);
#5350 = FACE_BOUND('',#5351,.F.);
#5351 = EDGE_LOOP('',(#5352,#5360,#5361,#5362));
#5352 = ORIENTED_EDGE('',*,*,#5353,.F.);
#5353 = EDGE_CURVE('',#4972,#5354,#5356,.T.);
#5354 = VERTEX_POINT('',#5355);
#5355 = CARTESIAN_POINT('',(-0.16,0.16,8.54));
#5356 = LINE('',#5357,#5358);
#5357 = CARTESIAN_POINT('',(-0.16,0.16,8.54));
#5358 = VECTOR('',#5359,1.);
#5359 = DIRECTION('',(0.57735026919,-0.57735026919,0.57735026919));
#5360 = ORIENTED_EDGE('',*,*,#4979,.T.);
#5361 = ORIENTED_EDGE('',*,*,#5331,.T.);
#5362 = ORIENTED_EDGE('',*,*,#5363,.F.);
#5363 = EDGE_CURVE('',#5354,#5332,#5364,.T.);
#5364 = LINE('',#5365,#5366);
#5365 = CARTESIAN_POINT('',(-0.32,0.16,8.54));
#5366 = VECTOR('',#5367,1.);
#5367 = DIRECTION('',(1.,0.,0.));
#5368 = PLANE('',#5369);
#5369 = AXIS2_PLACEMENT_3D('',#5370,#5371,#5372);
#5370 = CARTESIAN_POINT('',(-0.32,0.24,8.46));
#5371 = DIRECTION('',(1.735167508357E-18,0.707106781187,0.707106781187)
  );
#5372 = DIRECTION('',(-1.,1.226948711654E-18,1.226948711654E-18));
#5373 = ADVANCED_FACE('',(#5374),#5385,.F.);
#5374 = FACE_BOUND('',#5375,.F.);
#5375 = EDGE_LOOP('',(#5376,#5377,#5378,#5379));
#5376 = ORIENTED_EDGE('',*,*,#5298,.F.);
#5377 = ORIENTED_EDGE('',*,*,#4996,.T.);
#5378 = ORIENTED_EDGE('',*,*,#5353,.T.);
#5379 = ORIENTED_EDGE('',*,*,#5380,.F.);
#5380 = EDGE_CURVE('',#5299,#5354,#5381,.T.);
#5381 = LINE('',#5382,#5383);
#5382 = CARTESIAN_POINT('',(-0.16,-0.32,8.54));
#5383 = VECTOR('',#5384,1.);
#5384 = DIRECTION('',(0.,1.,0.));
#5385 = PLANE('',#5386);
#5386 = AXIS2_PLACEMENT_3D('',#5387,#5388,#5389);
#5387 = CARTESIAN_POINT('',(-0.24,-0.32,8.46));
#5388 = DIRECTION('',(0.707106781187,1.735167508357E-18,-0.707106781187)
  );
#5389 = DIRECTION('',(-1.226948711654E-18,1.,1.226948711654E-18));
#5390 = ADVANCED_FACE('',(#5391),#5416,.F.);
#5391 = FACE_BOUND('',#5392,.T.);
#5392 = EDGE_LOOP('',(#5393,#5401,#5402,#5410));
#5393 = ORIENTED_EDGE('',*,*,#5394,.F.);
#5394 = EDGE_CURVE('',#5020,#5395,#5397,.T.);
#5395 = VERTEX_POINT('',#5396);
#5396 = CARTESIAN_POINT('',(-0.16,-2.7,8.54));
#5397 = LINE('',#5398,#5399);
#5398 = CARTESIAN_POINT('',(-0.266666666667,-2.806666666667,
    8.433333333333));
#5399 = VECTOR('',#5400,1.);
#5400 = DIRECTION('',(0.57735026919,0.57735026919,0.57735026919));
#5401 = ORIENTED_EDGE('',*,*,#5027,.T.);
#5402 = ORIENTED_EDGE('',*,*,#5403,.T.);
#5403 = EDGE_CURVE('',#5011,#5404,#5406,.T.);
#5404 = VERTEX_POINT('',#5405);
#5405 = CARTESIAN_POINT('',(0.16,-2.7,8.54));
#5406 = LINE('',#5407,#5408);
#5407 = CARTESIAN_POINT('',(0.16,-2.7,8.54));
#5408 = VECTOR('',#5409,1.);
#5409 = DIRECTION('',(-0.57735026919,0.57735026919,0.57735026919));
#5410 = ORIENTED_EDGE('',*,*,#5411,.F.);
#5411 = EDGE_CURVE('',#5395,#5404,#5412,.T.);
#5412 = LINE('',#5413,#5414);
#5413 = CARTESIAN_POINT('',(-0.32,-2.7,8.54));
#5414 = VECTOR('',#5415,1.);
#5415 = DIRECTION('',(1.,0.,0.));
#5416 = PLANE('',#5417);
#5417 = AXIS2_PLACEMENT_3D('',#5418,#5419,#5420);
#5418 = CARTESIAN_POINT('',(-0.32,-2.78,8.46));
#5419 = DIRECTION('',(-1.735167508357E-18,0.707106781187,-0.707106781187
    ));
#5420 = DIRECTION('',(-1.,-1.226948711654E-18,1.226948711654E-18));
#5421 = ADVANCED_FACE('',(#5422),#5440,.T.);
#5422 = FACE_BOUND('',#5423,.T.);
#5423 = EDGE_LOOP('',(#5424,#5425,#5426,#5434));
#5424 = ORIENTED_EDGE('',*,*,#5403,.F.);
#5425 = ORIENTED_EDGE('',*,*,#5051,.T.);
#5426 = ORIENTED_EDGE('',*,*,#5427,.T.);
#5427 = EDGE_CURVE('',#5044,#5428,#5430,.T.);
#5428 = VERTEX_POINT('',#5429);
#5429 = CARTESIAN_POINT('',(0.16,-2.38,8.54));
#5430 = LINE('',#5431,#5432);
#5431 = CARTESIAN_POINT('',(5.333333333333E-02,-2.486666666667,
    8.646666666667));
#5432 = VECTOR('',#5433,1.);
#5433 = DIRECTION('',(-0.57735026919,-0.57735026919,0.57735026919));
#5434 = ORIENTED_EDGE('',*,*,#5435,.F.);
#5435 = EDGE_CURVE('',#5404,#5428,#5436,.T.);
#5436 = LINE('',#5437,#5438);
#5437 = CARTESIAN_POINT('',(0.16,-2.86,8.54));
#5438 = VECTOR('',#5439,1.);
#5439 = DIRECTION('',(0.,1.,0.));
#5440 = PLANE('',#5441);
#5441 = AXIS2_PLACEMENT_3D('',#5442,#5443,#5444);
#5442 = CARTESIAN_POINT('',(0.24,-2.86,8.46));
#5443 = DIRECTION('',(0.707106781187,-1.735167508357E-18,0.707106781187)
  );
#5444 = DIRECTION('',(1.226948711654E-18,1.,1.226948711654E-18));
#5445 = ADVANCED_FACE('',(#5446),#5464,.T.);
#5446 = FACE_BOUND('',#5447,.F.);
#5447 = EDGE_LOOP('',(#5448,#5456,#5457,#5458));
#5448 = ORIENTED_EDGE('',*,*,#5449,.F.);
#5449 = EDGE_CURVE('',#5068,#5450,#5452,.T.);
#5450 = VERTEX_POINT('',#5451);
#5451 = CARTESIAN_POINT('',(-0.16,-2.38,8.54));
#5452 = LINE('',#5453,#5454);
#5453 = CARTESIAN_POINT('',(-0.16,-2.38,8.54));
#5454 = VECTOR('',#5455,1.);
#5455 = DIRECTION('',(0.57735026919,-0.57735026919,0.57735026919));
#5456 = ORIENTED_EDGE('',*,*,#5075,.T.);
#5457 = ORIENTED_EDGE('',*,*,#5427,.T.);
#5458 = ORIENTED_EDGE('',*,*,#5459,.F.);
#5459 = EDGE_CURVE('',#5450,#5428,#5460,.T.);
#5460 = LINE('',#5461,#5462);
#5461 = CARTESIAN_POINT('',(-0.32,-2.38,8.54));
#5462 = VECTOR('',#5463,1.);
#5463 = DIRECTION('',(1.,0.,0.));
#5464 = PLANE('',#5465);
#5465 = AXIS2_PLACEMENT_3D('',#5466,#5467,#5468);
#5466 = CARTESIAN_POINT('',(-0.32,-2.3,8.46));
#5467 = DIRECTION('',(1.735167508357E-18,0.707106781187,0.707106781187)
  );
#5468 = DIRECTION('',(-1.,1.226948711654E-18,1.226948711654E-18));
#5469 = ADVANCED_FACE('',(#5470),#5481,.F.);
#5470 = FACE_BOUND('',#5471,.F.);
#5471 = EDGE_LOOP('',(#5472,#5473,#5474,#5475));
#5472 = ORIENTED_EDGE('',*,*,#5394,.F.);
#5473 = ORIENTED_EDGE('',*,*,#5092,.T.);
#5474 = ORIENTED_EDGE('',*,*,#5449,.T.);
#5475 = ORIENTED_EDGE('',*,*,#5476,.F.);
#5476 = EDGE_CURVE('',#5395,#5450,#5477,.T.);
#5477 = LINE('',#5478,#5479);
#5478 = CARTESIAN_POINT('',(-0.16,-2.86,8.54));
#5479 = VECTOR('',#5480,1.);
#5480 = DIRECTION('',(0.,1.,0.));
#5481 = PLANE('',#5482);
#5482 = AXIS2_PLACEMENT_3D('',#5483,#5484,#5485);
#5483 = CARTESIAN_POINT('',(-0.24,-2.86,8.46));
#5484 = DIRECTION('',(0.707106781187,1.735167508357E-18,-0.707106781187)
  );
#5485 = DIRECTION('',(-1.226948711654E-18,1.,1.226948711654E-18));
#5486 = ADVANCED_FACE('',(#5487),#5493,.F.);
#5487 = FACE_BOUND('',#5488,.F.);
#5488 = EDGE_LOOP('',(#5489,#5490,#5491,#5492));
#5489 = ORIENTED_EDGE('',*,*,#5188,.F.);
#5490 = ORIENTED_EDGE('',*,*,#5123,.T.);
#5491 = ORIENTED_EDGE('',*,*,#5147,.T.);
#5492 = ORIENTED_EDGE('',*,*,#5171,.F.);
#5493 = PLANE('',#5494);
#5494 = AXIS2_PLACEMENT_3D('',#5495,#5496,#5497);
#5495 = CARTESIAN_POINT('',(-0.32,-0.32,-3.));
#5496 = DIRECTION('',(0.,0.,1.));
#5497 = DIRECTION('',(1.,0.,-0.));
#5498 = ADVANCED_FACE('',(#5499),#5505,.F.);
#5499 = FACE_BOUND('',#5500,.F.);
#5500 = EDGE_LOOP('',(#5501,#5502,#5503,#5504));
#5501 = ORIENTED_EDGE('',*,*,#5284,.F.);
#5502 = ORIENTED_EDGE('',*,*,#5219,.T.);
#5503 = ORIENTED_EDGE('',*,*,#5243,.T.);
#5504 = ORIENTED_EDGE('',*,*,#5267,.F.);
#5505 = PLANE('',#5506);
#5506 = AXIS2_PLACEMENT_3D('',#5507,#5508,#5509);
#5507 = CARTESIAN_POINT('',(-0.32,-2.86,-3.));
#5508 = DIRECTION('',(0.,0.,1.));
#5509 = DIRECTION('',(1.,0.,-0.));
#5510 = ADVANCED_FACE('',(#5511),#5517,.T.);
#5511 = FACE_BOUND('',#5512,.T.);
#5512 = EDGE_LOOP('',(#5513,#5514,#5515,#5516));
#5513 = ORIENTED_EDGE('',*,*,#5363,.F.);
#5514 = ORIENTED_EDGE('',*,*,#5380,.F.);
#5515 = ORIENTED_EDGE('',*,*,#5315,.T.);
#5516 = ORIENTED_EDGE('',*,*,#5339,.T.);
#5517 = PLANE('',#5518);
#5518 = AXIS2_PLACEMENT_3D('',#5519,#5520,#5521);
#5519 = CARTESIAN_POINT('',(-0.32,-0.32,8.54));
#5520 = DIRECTION('',(0.,0.,1.));
#5521 = DIRECTION('',(1.,0.,-0.));
#5522 = ADVANCED_FACE('',(#5523),#5529,.T.);
#5523 = FACE_BOUND('',#5524,.T.);
#5524 = EDGE_LOOP('',(#5525,#5526,#5527,#5528));
#5525 = ORIENTED_EDGE('',*,*,#5459,.F.);
#5526 = ORIENTED_EDGE('',*,*,#5476,.F.);
#5527 = ORIENTED_EDGE('',*,*,#5411,.T.);
#5528 = ORIENTED_EDGE('',*,*,#5435,.T.);
#5529 = PLANE('',#5530);
#5530 = AXIS2_PLACEMENT_3D('',#5531,#5532,#5533);
#5531 = CARTESIAN_POINT('',(-0.32,-2.86,8.54));
#5532 = DIRECTION('',(0.,0.,1.));
#5533 = DIRECTION('',(1.,0.,-0.));
#5534 = ( GEOMETRIC_REPRESENTATION_CONTEXT(3) 
GLOBAL_UNCERTAINTY_ASSIGNED_CONTEXT((#5538)) 
GLOBAL_UNIT_ASSIGNED_CONTEXT((#5535,#5536,#5537)) REPRESENTATION_CONTEXT
('Context #1','3D Context with UNIT and UNCERTAINTY') );
#5535 = ( LENGTH_UNIT() NAMED_UNIT(*) SI_UNIT(.MILLI.,.METRE.) );
#5536 = ( NAMED_UNIT(*) PLANE_ANGLE_UNIT() SI_UNIT($,.RADIAN.) );
#5537 = ( NAMED_UNIT(*) SI_UNIT($,.STERADIAN.) SOLID_ANGLE_UNIT() );
#5538 = UNCERTAINTY_MEASURE_WITH_UNIT(LENGTH_MEASURE(1.E-07),#5535,
  'distance_accuracy_value','confusion accuracy');
#5539 = CONTEXT_DEPENDENT_SHAPE_REPRESENTATION(#5540,#5542);
#5540 = ( REPRESENTATION_RELATIONSHIP('','',#4101,#4078) 
REPRESENTATION_RELATIONSHIP_WITH_TRANSFORMATION(#5541) 
SHAPE_REPRESENTATION_RELATIONSHIP() );
#5541 = ITEM_DEFINED_TRANSFORMATION('','',#11,#4079);
#5542 = PRODUCT_DEFINITION_SHAPE('Placement','Placement of an item',
  #5543);
#5543 = NEXT_ASSEMBLY_USAGE_OCCURRENCE('5','=>[0:1:1:7]','',#4073,#4096,
  $);
#5544 = PRODUCT_RELATED_PRODUCT_CATEGORY('part',$,(#4098));
#5545 = CONTEXT_DEPENDENT_SHAPE_REPRESENTATION(#5546,#5548);
#5546 = ( REPRESENTATION_RELATIONSHIP('','',#1930,#10) 
REPRESENTATION_RELATIONSHIP_WITH_TRANSFORMATION(#5547) 
SHAPE_REPRESENTATION_RELATIONSHIP() );
#5547 = ITEM_DEFINED_TRANSFORMATION('','',#11,#27);
#5548 = PRODUCT_DEFINITION_SHAPE('Placement','Placement of an item',
  #5549);
#5549 = NEXT_ASSEMBLY_USAGE_OCCURRENCE('7','J8','',#5,#1925,$);
#5550 = SHAPE_DEFINITION_REPRESENTATION(#5551,#5557);
#5551 = PRODUCT_DEFINITION_SHAPE('','',#5552);
#5552 = PRODUCT_DEFINITION('design','',#5553,#5556);
#5553 = PRODUCT_DEFINITION_FORMATION('','',#5554);
#5554 = PRODUCT('C_Disc_D5.0mm_W2.5mm_P2.50mm',
  'C_Disc_D5.0mm_W2.5mm_P2.50mm','',(#5555));
#5555 = PRODUCT_CONTEXT('',#2,'mechanical');
#5556 = PRODUCT_DEFINITION_CONTEXT('part definition',#2,'design');
#5557 = SHAPE_REPRESENTATION('',(#11,#5558),#5562);
#5558 = AXIS2_PLACEMENT_3D('',#5559,#5560,#5561);
#5559 = CARTESIAN_POINT('',(0.,0.,0.));
#5560 = DIRECTION('',(0.,0.,1.));
#5561 = DIRECTION('',(1.,0.,-0.));
#5562 = ( GEOMETRIC_REPRESENTATION_CONTEXT(3) 
GLOBAL_UNCERTAINTY_ASSIGNED_CONTEXT((#5566)) 
GLOBAL_UNIT_ASSIGNED_CONTEXT((#5563,#5564,#5565)) REPRESENTATION_CONTEXT
('Context #1','3D Context with UNIT and UNCERTAINTY') );
#5563 = ( LENGTH_UNIT() NAMED_UNIT(*) SI_UNIT(.MILLI.,.METRE.) );
#5564 = ( NAMED_UNIT(*) PLANE_ANGLE_UNIT() SI_UNIT($,.RADIAN.) );
#5565 = ( NAMED_UNIT(*) SI_UNIT($,.STERADIAN.) SOLID_ANGLE_UNIT() );
#5566 = UNCERTAINTY_MEASURE_WITH_UNIT(LENGTH_MEASURE(2.E-07),#5563,
  'distance_accuracy_value','confusion accuracy');
#5567 = CONTEXT_DEPENDENT_SHAPE_REPRESENTATION(#5568,#5570);
#5568 = ( REPRESENTATION_RELATIONSHIP('','',#5557,#10) 
REPRESENTATION_RELATIONSHIP_WITH_TRANSFORMATION(#5569) 
SHAPE_REPRESENTATION_RELATIONSHIP() );
#5569 = ITEM_DEFINED_TRANSFORMATION('','',#11,#31);
#5570 = PRODUCT_DEFINITION_SHAPE('Placement','Placement of an item',
  #5571);
#5571 = NEXT_ASSEMBLY_USAGE_OCCURRENCE('9','C2','',#5,#5552,$);
#5572 = PRODUCT_RELATED_PRODUCT_CATEGORY('part',$,(#5554));
#5573 = SHAPE_DEFINITION_REPRESENTATION(#5574,#5580);
#5574 = PRODUCT_DEFINITION_SHAPE('','',#5575);
#5575 = PRODUCT_DEFINITION('design','',#5576,#5579);
#5576 = PRODUCT_DEFINITION_FORMATION('','',#5577);
#5577 = PRODUCT('C_Disc_D50mm_W25mm_P250mm','C_Disc_D50mm_W25mm_P250mm',
  '',(#5578));
#5578 = PRODUCT_CONTEXT('',#2,'mechanical');
#5579 = PRODUCT_DEFINITION_CONTEXT('part definition',#2,'design');
#5580 = ADVANCED_BREP_SHAPE_REPRESENTATION('',(#11,#5581),#5953);
#5581 = MANIFOLD_SOLID_BREP('',#5582);
#5582 = CLOSED_SHELL('',(#5583,#5600,#5734,#5835,#5917,#5944));
#5583 = ADVANCED_FACE('',(#5584),#5595,.T.);
#5584 = FACE_BOUND('',#5585,.F.);
#5585 = EDGE_LOOP('',(#5586));
#5586 = ORIENTED_EDGE('',*,*,#5587,.T.);
#5587 = EDGE_CURVE('',#5588,#5588,#5590,.T.);
#5588 = VERTEX_POINT('',#5589);
#5589 = CARTESIAN_POINT('',(1.110223024625E-16,-0.25,-2.));
#5590 = CIRCLE('',#5591,0.25);
#5591 = AXIS2_PLACEMENT_3D('',#5592,#5593,#5594);
#5592 = CARTESIAN_POINT('',(8.326672684689E-17,0.,-2.));
#5593 = DIRECTION('',(-0.,0.,1.));
#5594 = DIRECTION('',(1.110223024625E-16,-1.,0.));
#5595 = PLANE('',#5596);
#5596 = AXIS2_PLACEMENT_3D('',#5597,#5598,#5599);
#5597 = CARTESIAN_POINT('',(1.110223024625E-16,-0.25,-2.));
#5598 = DIRECTION('',(0.,0.,-1.));
#5599 = DIRECTION('',(-1.110223024625E-16,1.,0.));
#5600 = ADVANCED_FACE('',(#5601),#5729,.T.);
#5601 = FACE_BOUND('',#5602,.T.);
#5602 = EDGE_LOOP('',(#5603,#5611,#5648,#5704,#5727,#5728));
#5603 = ORIENTED_EDGE('',*,*,#5604,.T.);
#5604 = EDGE_CURVE('',#5588,#5605,#5607,.T.);
#5605 = VERTEX_POINT('',#5606);
#5606 = CARTESIAN_POINT('',(0.,-0.25,0.679713563033));
#5607 = LINE('',#5608,#5609);
#5608 = CARTESIAN_POINT('',(1.110223024625E-16,-0.25,-2.));
#5609 = VECTOR('',#5610,1.);
#5610 = DIRECTION('',(0.,0.,1.));
#5611 = ORIENTED_EDGE('',*,*,#5612,.F.);
#5612 = EDGE_CURVE('',#5613,#5605,#5615,.T.);
#5613 = VERTEX_POINT('',#5614);
#5614 = CARTESIAN_POINT('',(-0.25,2.22044604925E-16,0.6));
#5615 = B_SPLINE_CURVE_WITH_KNOTS('',7,(#5616,#5617,#5618,#5619,#5620,
    #5621,#5622,#5623,#5624,#5625,#5626,#5627,#5628,#5629,#5630,#5631,
    #5632,#5633,#5634,#5635,#5636,#5637,#5638,#5639,#5640,#5641,#5642,
    #5643,#5644,#5645,#5646,#5647),.UNSPECIFIED.,.F.,.F.,(8,6,6,6,6,8),(
    0.,0.241317762374,0.445644466933,0.571243661289,0.762892742629,1.),
  .UNSPECIFIED.);
#5616 = CARTESIAN_POINT('',(-0.25,2.22044604925E-16,0.6));
#5617 = CARTESIAN_POINT('',(-0.25,-9.684935723134E-03,0.60907962724));
#5618 = CARTESIAN_POINT('',(-0.249562312585,-1.958663774209E-02,
    0.618137008422));
#5619 = CARTESIAN_POINT('',(-0.248651405776,-2.972573255191E-02,
    0.627168846356));
#5620 = CARTESIAN_POINT('',(-0.247221322709,-4.012175883314E-02,
    0.636164218682));
#5621 = CARTESIAN_POINT('',(-0.245209073056,-5.079675639546E-02,
    0.645103357498));
#5622 = CARTESIAN_POINT('',(-0.242537061214,-6.177469969022E-02,
    0.653958268044));
#5623 = CARTESIAN_POINT('',(-0.236139904846,-8.26955731734E-02,
    0.670078636971));
#5624 = CARTESIAN_POINT('',(-0.232704674347,-9.232384084319E-02,
    0.677213594013));
#5625 = CARTESIAN_POINT('',(-0.228740570249,-0.101972617487,
    0.684056031744));
#5626 = CARTESIAN_POINT('',(-0.224217714526,-0.111618403002,
    0.690558940349));
#5627 = CARTESIAN_POINT('',(-0.219106129615,-0.12122865342,
    0.696665536014));
#5628 = CARTESIAN_POINT('',(-0.213378796045,-0.130760638688,
    0.702310163112));
#5629 = CARTESIAN_POINT('',(-0.203102719819,-0.145938252703,
    0.710559708371));
#5630 = CARTESIAN_POINT('',(-0.198861795942,-0.151797430041,
    0.71356950591));
#5631 = CARTESIAN_POINT('',(-0.194252637482,-0.157741594401,
    0.716425500374));
#5632 = CARTESIAN_POINT('',(-0.189235443471,-0.163763565557,
    0.719093103767));
#5633 = CARTESIAN_POINT('',(-0.183769912908,-0.169845221121,
    0.721526228727));
#5634 = CARTESIAN_POINT('',(-0.177815244764,-0.175957496539,
    0.723667288527));
#5635 = CARTESIAN_POINT('',(-0.161434654467,-0.191372650112,
    0.728163120848));
#5636 = CARTESIAN_POINT('',(-0.150771379041,-0.200224266886,
    0.729910895034));
#5637 = CARTESIAN_POINT('',(-0.13943338396,-0.208451319365,
    0.730582732085));
#5638 = CARTESIAN_POINT('',(-0.127539684786,-0.215931925818,
    0.730132246229));
#5639 = CARTESIAN_POINT('',(-0.115231033896,-0.222580375236,
    0.728568826534));
#5640 = CARTESIAN_POINT('',(-0.102669342034,-0.228346795877,
    0.725956595388));
#5641 = CARTESIAN_POINT('',(-7.441667148544E-02,-0.239254373802,
    0.718039961547));
#5642 = CARTESIAN_POINT('',(-6.012989103581E-02,-0.243368610129,
    0.71264902643));
#5643 = CARTESIAN_POINT('',(-4.674363205343E-02,-0.246305062974,
    0.706703296775));
#5644 = CARTESIAN_POINT('',(-3.418334135388E-02,-0.248245212574,
    0.700340083922));
#5645 = CARTESIAN_POINT('',(-2.227742646536E-02,-0.249444115193,
    0.69370291271));
#5646 = CARTESIAN_POINT('',(-1.092751472784E-02,-0.249999998935,
    0.686826768263));
#5647 = CARTESIAN_POINT('',(0.,-0.25,0.679713563033));
#5648 = ORIENTED_EDGE('',*,*,#5649,.F.);
#5649 = EDGE_CURVE('',#5650,#5613,#5652,.T.);
#5650 = VERTEX_POINT('',#5651);
#5651 = CARTESIAN_POINT('',(0.25,2.22044604925E-16,0.308712152522));
#5652 = B_SPLINE_CURVE_WITH_KNOTS('',8,(#5653,#5654,#5655,#5656,#5657,
    #5658,#5659,#5660,#5661,#5662,#5663,#5664,#5665,#5666,#5667,#5668,
    #5669,#5670,#5671,#5672,#5673,#5674,#5675,#5676,#5677,#5678,#5679,
    #5680,#5681,#5682,#5683,#5684,#5685,#5686,#5687,#5688,#5689,#5690,
    #5691,#5692,#5693,#5694,#5695,#5696,#5697,#5698,#5699,#5700,#5701,
    #5702,#5703),.UNSPECIFIED.,.F.,.F.,(9,7,7,7,7,7,7,9),(0.,
    0.199458904293,0.388869806011,0.551335379852,0.68813869272,
    0.752308818663,0.873281746153,1.),.UNSPECIFIED.);
#5653 = CARTESIAN_POINT('',(0.25,2.22044604925E-16,0.308712152522));
#5654 = CARTESIAN_POINT('',(0.25,1.498658225286E-02,0.320975928876));
#5655 = CARTESIAN_POINT('',(0.248973335591,2.970547488316E-02,
    0.333655764178));
#5656 = CARTESIAN_POINT('',(0.24698385099,4.415203712698E-02,
    0.346721914111));
#5657 = CARTESIAN_POINT('',(0.24407301906,5.831686687487E-02,
    0.360152410527));
#5658 = CARTESIAN_POINT('',(0.240267431482,7.218729021563E-02,
    0.37393034107));
#5659 = CARTESIAN_POINT('',(0.235582496024,8.574804863202E-02,
    0.388042581303));
#5660 = CARTESIAN_POINT('',(0.230022340923,9.898118384854E-02,
    0.402479979305));
#5661 = CARTESIAN_POINT('',(0.217454258367,0.124100011701,0.43125450167)
  );
#5662 = CARTESIAN_POINT('',(0.210536986697,0.136012964554,0.445551929575
    ));
#5663 = CARTESIAN_POINT('',(0.202814200622,0.147589731695,0.460131967275
    ));
#5664 = CARTESIAN_POINT('',(0.194266970857,0.15880635391,0.47499231283)
  );
#5665 = CARTESIAN_POINT('',(0.184865535006,0.169628344583,0.490127953843
    ));
#5666 = CARTESIAN_POINT('',(0.17457067718,0.180011499425,0.505530700778)
  );
#5667 = CARTESIAN_POINT('',(0.163327399037,0.189899786787,0.521190841153
    ));
#5668 = CARTESIAN_POINT('',(0.140500550844,0.207206481998,0.550752974867
    ));
#5669 = CARTESIAN_POINT('',(0.129228829023,0.214748695337,0.564541460993
    ));
#5670 = CARTESIAN_POINT('',(0.117141331693,0.22182391066,0.578506701658)
  );
#5671 = CARTESIAN_POINT('',(0.104149138269,0.228367849353,0.592649461129
    ));
#5672 = CARTESIAN_POINT('',(9.017343856703E-02,0.234285137733,
    0.606935464109));
#5673 = CARTESIAN_POINT('',(7.511462712787E-02,0.239426189606,
    0.621290562358));
#5674 = CARTESIAN_POINT('',(5.889216710565E-02,0.243619055255,
    0.635602327222));
#5675 = CARTESIAN_POINT('',(2.646785088722E-02,0.249048799009,
    0.66160429439));
#5676 = CARTESIAN_POINT('',(1.053825152492E-02,0.250669585469,
    0.673455104837));
#5677 = CARTESIAN_POINT('',(-6.495211866636E-03,0.251196244911,
    0.685043508447));
#5678 = CARTESIAN_POINT('',(-2.452795939285E-02,0.25035344694,
    0.696027839295));
#5679 = CARTESIAN_POINT('',(-4.334347825754E-02,0.247854159514,
    0.705968391387));
#5680 = CARTESIAN_POINT('',(-6.261131274603E-02,0.2434788272,
    0.714396983691));
#5681 = CARTESIAN_POINT('',(-8.185997201987E-02,0.237084220732,
    0.720824079794));
#5682 = CARTESIAN_POINT('',(-0.10910140322,0.225137936334,0.727038930339
    ));
#5683 = CARTESIAN_POINT('',(-0.117738358649,0.220900749238,
    0.728562265654));
#5684 = CARTESIAN_POINT('',(-0.126259813586,0.21624449077,0.729589797475
    ));
#5685 = CARTESIAN_POINT('',(-0.134614573334,0.211181583925,
    0.730098382962));
#5686 = CARTESIAN_POINT('',(-0.142754609382,0.205733166382,
    0.730076494893));
#5687 = CARTESIAN_POINT('',(-0.150635059404,0.199929090504,
    0.729524221666));
#5688 = CARTESIAN_POINT('',(-0.158214227257,0.193807923337,
    0.728453267298));
#5689 = CARTESIAN_POINT('',(-0.1791011494,0.175368736441,0.723934147238)
  );
#5690 = CARTESIAN_POINT('',(-0.190480624416,0.163302373898,0.71945490095
    ));
#5691 = CARTESIAN_POINT('',(-0.200238105405,0.151299134574,
    0.713971427554));
#5692 = CARTESIAN_POINT('',(-0.208612064754,0.139401939546,
    0.707696815747));
#5693 = CARTESIAN_POINT('',(-0.215848390386,0.127637946731,
    0.700829677282));
#5694 = CARTESIAN_POINT('',(-0.222086469131,0.116002948179,
    0.693465245757));
#5695 = CARTESIAN_POINT('',(-0.227458179431,0.104476464663,0.68567637468
    ));
#5696 = CARTESIAN_POINT('',(-0.236866967882,8.100264917104E-02,
    0.668900233663));
#5697 = CARTESIAN_POINT('',(-0.240809574106,6.91100893017E-02,
    0.659908845036));
#5698 = CARTESIAN_POINT('',(-0.24397912937,5.732790968674E-02,
    0.650573551892));
#5699 = CARTESIAN_POINT('',(-0.246441454366,4.565321186972E-02,
    0.640940284062));
#5700 = CARTESIAN_POINT('',(-0.248243288901,3.408451178674E-02,
    0.631043013263));
#5701 = CARTESIAN_POINT('',(-0.249420279743,2.262052324664E-02,
    0.620908081359));
#5702 = CARTESIAN_POINT('',(-0.25,1.12596233719E-02,0.610555896911));
#5703 = CARTESIAN_POINT('',(-0.25,2.22044604925E-16,0.6));
#5704 = ORIENTED_EDGE('',*,*,#5705,.F.);
#5705 = EDGE_CURVE('',#5605,#5650,#5706,.T.);
#5706 = B_SPLINE_CURVE_WITH_KNOTS('',7,(#5707,#5708,#5709,#5710,#5711,
    #5712,#5713,#5714,#5715,#5716,#5717,#5718,#5719,#5720,#5721,#5722,
    #5723,#5724,#5725,#5726),.UNSPECIFIED.,.F.,.F.,(8,6,6,8),(0.,
    0.247494418505,0.625913593958,1.),.UNSPECIFIED.);
#5707 = CARTESIAN_POINT('',(0.,-0.25,0.679713563033));
#5708 = CARTESIAN_POINT('',(1.668230531916E-02,-0.249999998375,
    0.668854305725));
#5709 = CARTESIAN_POINT('',(3.268935444351E-02,-0.248701328528,
    0.657238205434));
#5710 = CARTESIAN_POINT('',(4.803522159591E-02,-0.246292795207,
    0.645058427307));
#5711 = CARTESIAN_POINT('',(6.272035044142E-02,-0.242904781035,
    0.632454202666));
#5712 = CARTESIAN_POINT('',(7.675482928969E-02,-0.238646669925,
    0.619533115348));
#5713 = CARTESIAN_POINT('',(9.015600539763E-02,-0.233600046125,
    0.606367996904));
#5714 = CARTESIAN_POINT('',(0.122509977475,-0.218979596467,
    0.572558438838));
#5715 = CARTESIAN_POINT('',(0.140609828749,-0.208441049645,
    0.551682950477));
#5716 = CARTESIAN_POINT('',(0.157316109399,-0.196421562524,
    0.530553330357));
#5717 = CARTESIAN_POINT('',(0.1726182291,-0.183060607604,0.509312840633)
  );
#5718 = CARTESIAN_POINT('',(0.186496343419,-0.16847701509,0.488081826714
    ));
#5719 = CARTESIAN_POINT('',(0.198912256603,-0.152757672748,
    0.466955654528));
#5720 = CARTESIAN_POINT('',(0.220566974034,-0.119340154572,
    0.425299865374));
#5721 = CARTESIAN_POINT('',(0.22982513794,-0.101690391402,0.404795744165
    ));
#5722 = CARTESIAN_POINT('',(0.237519488802,-8.305904459744E-02,
    0.384568703648));
#5723 = CARTESIAN_POINT('',(0.243546001286,-6.35032798917E-02,
    0.364715891401));
#5724 = CARTESIAN_POINT('',(0.247762525952,-4.308939167411E-02,
    0.345357068252));
#5725 = CARTESIAN_POINT('',(0.25,-2.189707437231E-02,0.326630902667));
#5726 = CARTESIAN_POINT('',(0.25,2.22044604925E-16,0.308712152522));
#5727 = ORIENTED_EDGE('',*,*,#5604,.F.);
#5728 = ORIENTED_EDGE('',*,*,#5587,.T.);
#5729 = CYLINDRICAL_SURFACE('',#5730,0.25);
#5730 = AXIS2_PLACEMENT_3D('',#5731,#5732,#5733);
#5731 = CARTESIAN_POINT('',(8.326672684689E-17,0.,-2.));
#5732 = DIRECTION('',(-0.,0.,-1.));
#5733 = DIRECTION('',(1.110223024625E-16,-1.,-0.));
#5734 = ADVANCED_FACE('',(#5735),#5830,.T.);
#5735 = FACE_BOUND('',#5736,.T.);
#5736 = EDGE_LOOP('',(#5737,#5748,#5755,#5756,#5757,#5766,#5822,#5829));
#5737 = ORIENTED_EDGE('',*,*,#5738,.F.);
#5738 = EDGE_CURVE('',#5739,#5741,#5743,.T.);
#5739 = VERTEX_POINT('',#5740);
#5740 = CARTESIAN_POINT('',(-1.25,2.22044604925E-16,2.6));
#5741 = VERTEX_POINT('',#5742);
#5742 = CARTESIAN_POINT('',(1.25,-1.25,2.6));
#5743 = CIRCLE('',#5744,3.125);
#5744 = AXIS2_PLACEMENT_3D('',#5745,#5746,#5747);
#5745 = CARTESIAN_POINT('',(1.25,1.875,2.6));
#5746 = DIRECTION('',(0.,0.,1.));
#5747 = DIRECTION('',(-0.8,-0.6,0.));
#5748 = ORIENTED_EDGE('',*,*,#5749,.T.);
#5749 = EDGE_CURVE('',#5739,#5613,#5750,.T.);
#5750 = CIRCLE('',#5751,2.5);
#5751 = AXIS2_PLACEMENT_3D('',#5752,#5753,#5754);
#5752 = CARTESIAN_POINT('',(1.25,2.22044604925E-16,2.6));
#5753 = DIRECTION('',(0.,-1.,0.));
#5754 = DIRECTION('',(-1.,0.,0.));
#5755 = ORIENTED_EDGE('',*,*,#5612,.T.);
#5756 = ORIENTED_EDGE('',*,*,#5705,.T.);
#5757 = ORIENTED_EDGE('',*,*,#5758,.T.);
#5758 = EDGE_CURVE('',#5650,#5759,#5761,.T.);
#5759 = VERTEX_POINT('',#5760);
#5760 = CARTESIAN_POINT('',(2.25,2.22044604925E-16,0.308712152522));
#5761 = CIRCLE('',#5762,2.5);
#5762 = AXIS2_PLACEMENT_3D('',#5763,#5764,#5765);
#5763 = CARTESIAN_POINT('',(1.25,2.22044604925E-16,2.6));
#5764 = DIRECTION('',(0.,-1.,0.));
#5765 = DIRECTION('',(-1.,0.,0.));
#5766 = ORIENTED_EDGE('',*,*,#5767,.T.);
#5767 = EDGE_CURVE('',#5759,#5768,#5770,.T.);
#5768 = VERTEX_POINT('',#5769);
#5769 = CARTESIAN_POINT('',(2.75,2.22044604925E-16,0.6));
#5770 = B_SPLINE_CURVE_WITH_KNOTS('',8,(#5771,#5772,#5773,#5774,#5775,
    #5776,#5777,#5778,#5779,#5780,#5781,#5782,#5783,#5784,#5785,#5786,
    #5787,#5788,#5789,#5790,#5791,#5792,#5793,#5794,#5795,#5796,#5797,
    #5798,#5799,#5800,#5801,#5802,#5803,#5804,#5805,#5806,#5807,#5808,
    #5809,#5810,#5811,#5812,#5813,#5814,#5815,#5816,#5817,#5818,#5819,
    #5820,#5821),.UNSPECIFIED.,.F.,.F.,(9,7,7,7,7,7,7,9),(0.,
    0.199458904289,0.388869805961,0.551335379777,0.68813869263,
    0.75230881859,0.873281746118,1.),.UNSPECIFIED.);
#5771 = CARTESIAN_POINT('',(2.25,2.498001805407E-16,0.308712152522));
#5772 = CARTESIAN_POINT('',(2.25,-1.498658225447E-02,0.320975928877));
#5773 = CARTESIAN_POINT('',(2.251026664409,-2.97054748863E-02,
    0.33365576418));
#5774 = CARTESIAN_POINT('',(2.253016149011,-4.41520371316E-02,
    0.346721914115));
#5775 = CARTESIAN_POINT('',(2.255926980942,-5.831686688093E-02,
    0.360152410532));
#5776 = CARTESIAN_POINT('',(2.25973256852,-7.218729022304E-02,
    0.373930341078));
#5777 = CARTESIAN_POINT('',(2.264417503979,-8.574804864071E-02,
    0.388042581312));
#5778 = CARTESIAN_POINT('',(2.269977659081,-9.898118385844E-02,
    0.402479979316));
#5779 = CARTESIAN_POINT('',(2.282545741639,-0.124100011711,
    0.431254501681));
#5780 = CARTESIAN_POINT('',(2.289463013308,-0.136012964562,
    0.445551929584));
#5781 = CARTESIAN_POINT('',(2.297185799383,-0.147589731702,
    0.460131967284));
#5782 = CARTESIAN_POINT('',(2.305733029147,-0.158806353915,
    0.474992312837));
#5783 = CARTESIAN_POINT('',(2.315134464997,-0.169628344586,
    0.490127953848));
#5784 = CARTESIAN_POINT('',(2.325429322822,-0.180011499427,
    0.505530700782));
#5785 = CARTESIAN_POINT('',(2.336672600964,-0.189899786788,
    0.521190841154));
#5786 = CARTESIAN_POINT('',(2.359499449155,-0.207206481998,
    0.550752974867));
#5787 = CARTESIAN_POINT('',(2.370771170976,-0.214748695336,
    0.564541460992));
#5788 = CARTESIAN_POINT('',(2.382858668306,-0.22182391066,0.578506701656
    ));
#5789 = CARTESIAN_POINT('',(2.395850861729,-0.228367849352,
    0.592649461127));
#5790 = CARTESIAN_POINT('',(2.409826561431,-0.234285137732,
    0.606935464107));
#5791 = CARTESIAN_POINT('',(2.424885372869,-0.239426189605,
    0.621290562355));
#5792 = CARTESIAN_POINT('',(2.44110783289,-0.243619055254,0.635602327218
    ));
#5793 = CARTESIAN_POINT('',(2.473532149108,-0.249048799008,
    0.661604294387));
#5794 = CARTESIAN_POINT('',(2.48946174847,-0.250669585469,0.673455104834
    ));
#5795 = CARTESIAN_POINT('',(2.506495211862,-0.251196244911,
    0.685043508444));
#5796 = CARTESIAN_POINT('',(2.524527959388,-0.25035344694,0.696027839293
    ));
#5797 = CARTESIAN_POINT('',(2.543343478254,-0.247854159514,
    0.705968391385));
#5798 = CARTESIAN_POINT('',(2.562611312742,-0.243478827201,0.71439698369
    ));
#5799 = CARTESIAN_POINT('',(2.581859972017,-0.237084220733,
    0.720824079793));
#5800 = CARTESIAN_POINT('',(2.60910140322,-0.225137936334,0.72703893034)
  );
#5801 = CARTESIAN_POINT('',(2.617738358649,-0.220900749239,
    0.728562265654));
#5802 = CARTESIAN_POINT('',(2.626259813584,-0.216244490771,
    0.729589797475));
#5803 = CARTESIAN_POINT('',(2.634614573331,-0.211181583927,
    0.730098382962));
#5804 = CARTESIAN_POINT('',(2.64275460938,-0.205733166384,0.730076494893
    ));
#5805 = CARTESIAN_POINT('',(2.650635059402,-0.199929090505,
    0.729524221666));
#5806 = CARTESIAN_POINT('',(2.658214227257,-0.193807923338,
    0.728453267298));
#5807 = CARTESIAN_POINT('',(2.6791011494,-0.175368736441,0.723934147238)
  );
#5808 = CARTESIAN_POINT('',(2.690480624416,-0.163302373898,0.71945490095
    ));
#5809 = CARTESIAN_POINT('',(2.700238105406,-0.151299134573,
    0.713971427554));
#5810 = CARTESIAN_POINT('',(2.708612064754,-0.139401939545,
    0.707696815746));
#5811 = CARTESIAN_POINT('',(2.715848390387,-0.12763794673,0.700829677281
    ));
#5812 = CARTESIAN_POINT('',(2.722086469132,-0.116002948178,
    0.693465245756));
#5813 = CARTESIAN_POINT('',(2.727458179432,-0.104476464661,
    0.685676374679));
#5814 = CARTESIAN_POINT('',(2.736866967883,-8.100264916926E-02,
    0.668900233661));
#5815 = CARTESIAN_POINT('',(2.740809574107,-6.91100893002E-02,
    0.659908845035));
#5816 = CARTESIAN_POINT('',(2.74397912937,-5.732790968549E-02,
    0.650573551891));
#5817 = CARTESIAN_POINT('',(2.746441454367,-4.565321186873E-02,
    0.640940284061));
#5818 = CARTESIAN_POINT('',(2.748243288901,-3.4084511786E-02,
    0.631043013262));
#5819 = CARTESIAN_POINT('',(2.749420279743,-2.262052324615E-02,
    0.620908081359));
#5820 = CARTESIAN_POINT('',(2.75,-1.125962337166E-02,0.610555896911));
#5821 = CARTESIAN_POINT('',(2.75,2.498001805407E-16,0.6));
#5822 = ORIENTED_EDGE('',*,*,#5823,.T.);
#5823 = EDGE_CURVE('',#5768,#5739,#5824,.T.);
#5824 = CIRCLE('',#5825,2.5);
#5825 = AXIS2_PLACEMENT_3D('',#5826,#5827,#5828);
#5826 = CARTESIAN_POINT('',(1.25,2.22044604925E-16,2.6));
#5827 = DIRECTION('',(0.,-1.,0.));
#5828 = DIRECTION('',(-1.,0.,0.));
#5829 = ORIENTED_EDGE('',*,*,#5738,.T.);
#5830 = SPHERICAL_SURFACE('',#5831,3.125);
#5831 = AXIS2_PLACEMENT_3D('',#5832,#5833,#5834);
#5832 = CARTESIAN_POINT('',(1.25,1.875,2.6));
#5833 = DIRECTION('',(0.,-1.,0.));
#5834 = DIRECTION('',(-1.,0.,0.));
#5835 = ADVANCED_FACE('',(#5836),#5912,.T.);
#5836 = FACE_BOUND('',#5837,.T.);
#5837 = EDGE_LOOP('',(#5838,#5847,#5848,#5849,#5886,#5909,#5910,#5911));
#5838 = ORIENTED_EDGE('',*,*,#5839,.F.);
#5839 = EDGE_CURVE('',#5840,#5739,#5842,.T.);
#5840 = VERTEX_POINT('',#5841);
#5841 = CARTESIAN_POINT('',(1.25,1.25,2.6));
#5842 = CIRCLE('',#5843,3.125);
#5843 = AXIS2_PLACEMENT_3D('',#5844,#5845,#5846);
#5844 = CARTESIAN_POINT('',(1.25,-1.875,2.6));
#5845 = DIRECTION('',(0.,0.,1.));
#5846 = DIRECTION('',(-7.105427357601E-16,1.,0.));
#5847 = ORIENTED_EDGE('',*,*,#5839,.T.);
#5848 = ORIENTED_EDGE('',*,*,#5823,.F.);
#5849 = ORIENTED_EDGE('',*,*,#5850,.T.);
#5850 = EDGE_CURVE('',#5768,#5851,#5853,.T.);
#5851 = VERTEX_POINT('',#5852);
#5852 = CARTESIAN_POINT('',(2.5,0.25,0.679713563033));
#5853 = B_SPLINE_CURVE_WITH_KNOTS('',7,(#5854,#5855,#5856,#5857,#5858,
    #5859,#5860,#5861,#5862,#5863,#5864,#5865,#5866,#5867,#5868,#5869,
    #5870,#5871,#5872,#5873,#5874,#5875,#5876,#5877,#5878,#5879,#5880,
    #5881,#5882,#5883,#5884,#5885),.UNSPECIFIED.,.F.,.F.,(8,6,6,6,6,8),(
    0.,0.241317762403,0.44564446692,0.571243661275,0.762892742603,1.),
  .UNSPECIFIED.);
#5854 = CARTESIAN_POINT('',(2.75,2.22044604925E-16,0.6));
#5855 = CARTESIAN_POINT('',(2.75,9.684935722549E-03,0.60907962724));
#5856 = CARTESIAN_POINT('',(2.749562312585,1.958663774088E-02,
    0.618137008421));
#5857 = CARTESIAN_POINT('',(2.748651405776,2.972573255005E-02,
    0.627168846355));
#5858 = CARTESIAN_POINT('',(2.74722132271,4.012175883062E-02,
    0.63616421868));
#5859 = CARTESIAN_POINT('',(2.745209073056,5.079675639222E-02,
    0.645103357495));
#5860 = CARTESIAN_POINT('',(2.742537061215,6.177469968621E-02,
    0.65395826804));
#5861 = CARTESIAN_POINT('',(2.736139904849,8.269557316476E-02,
    0.670078636965));
#5862 = CARTESIAN_POINT('',(2.732704674351,9.232384083339E-02,
    0.677213594006));
#5863 = CARTESIAN_POINT('',(2.728740570253,0.101972617478,0.684056031738
    ));
#5864 = CARTESIAN_POINT('',(2.72421771453,0.111618402993,0.690558940343)
  );
#5865 = CARTESIAN_POINT('',(2.71910612962,0.121228653412,0.696665536009)
  );
#5866 = CARTESIAN_POINT('',(2.71337879605,0.130760638679,0.702310163106)
  );
#5867 = CARTESIAN_POINT('',(2.703102719827,0.145938252692,0.710559708365
    ));
#5868 = CARTESIAN_POINT('',(2.698861795951,0.15179743003,0.713569505904)
  );
#5869 = CARTESIAN_POINT('',(2.694252637492,0.157741594389,0.716425500368
    ));
#5870 = CARTESIAN_POINT('',(2.689235443481,0.163763565545,0.719093103762
    ));
#5871 = CARTESIAN_POINT('',(2.683769912919,0.169845221109,0.721526228722
    ));
#5872 = CARTESIAN_POINT('',(2.677815244776,0.175957496526,0.723667288523
    ));
#5873 = CARTESIAN_POINT('',(2.661434654483,0.191372650099,0.728163120845
    ));
#5874 = CARTESIAN_POINT('',(2.650771379058,0.200224266874,0.729910895033
    ));
#5875 = CARTESIAN_POINT('',(2.639433383976,0.208451319354,0.730582732085
    ));
#5876 = CARTESIAN_POINT('',(2.627539684801,0.215931925809,0.730132246231
    ));
#5877 = CARTESIAN_POINT('',(2.615231033911,0.222580375228,0.728568826536
    ));
#5878 = CARTESIAN_POINT('',(2.602669342049,0.22834679587,0.725956595391)
  );
#5879 = CARTESIAN_POINT('',(2.574416671496,0.239254373799,0.718039961551
    ));
#5880 = CARTESIAN_POINT('',(2.560129891044,0.243368610128,0.712649026434
    ));
#5881 = CARTESIAN_POINT('',(2.54674363206,0.246305062973,0.706703296778)
  );
#5882 = CARTESIAN_POINT('',(2.534183341358,0.248245212574,0.700340083924
    ));
#5883 = CARTESIAN_POINT('',(2.522277426468,0.249444115193,0.693702912712
    ));
#5884 = CARTESIAN_POINT('',(2.510927514729,0.249999998935,0.686826768264
    ));
#5885 = CARTESIAN_POINT('',(2.5,0.25,0.679713563033));
#5886 = ORIENTED_EDGE('',*,*,#5887,.T.);
#5887 = EDGE_CURVE('',#5851,#5759,#5888,.T.);
#5888 = B_SPLINE_CURVE_WITH_KNOTS('',7,(#5889,#5890,#5891,#5892,#5893,
    #5894,#5895,#5896,#5897,#5898,#5899,#5900,#5901,#5902,#5903,#5904,
    #5905,#5906,#5907,#5908),.UNSPECIFIED.,.F.,.F.,(8,6,6,8),(0.,
    0.247494418513,0.625913593946,1.),.UNSPECIFIED.);
#5889 = CARTESIAN_POINT('',(2.5,0.25,0.679713563033));
#5890 = CARTESIAN_POINT('',(2.48331769468,0.249999998375,0.668854305725)
  );
#5891 = CARTESIAN_POINT('',(2.467310645556,0.248701328528,0.657238205433
    ));
#5892 = CARTESIAN_POINT('',(2.451964778403,0.246292795207,0.645058427306
    ));
#5893 = CARTESIAN_POINT('',(2.437279649557,0.242904781034,0.632454202665
    ));
#5894 = CARTESIAN_POINT('',(2.423245170708,0.238646669924,0.619533115346
    ));
#5895 = CARTESIAN_POINT('',(2.4098439946,0.233600046124,0.606367996902)
  );
#5896 = CARTESIAN_POINT('',(2.377490022523,0.218979596466,0.572558438836
    ));
#5897 = CARTESIAN_POINT('',(2.359390171251,0.208441049644,0.551682950476
    ));
#5898 = CARTESIAN_POINT('',(2.342683890601,0.196421562524,0.530553330357
    ));
#5899 = CARTESIAN_POINT('',(2.327381770901,0.183060607605,0.509312840635
    ));
#5900 = CARTESIAN_POINT('',(2.313503656583,0.168477015091,0.488081826717
    ));
#5901 = CARTESIAN_POINT('',(2.301087743399,0.152757672751,0.466955654532
    ));
#5902 = CARTESIAN_POINT('',(2.279433025968,0.119340154575,0.425299865378
    ));
#5903 = CARTESIAN_POINT('',(2.270174862061,0.101690391405,0.404795744168
    ));
#5904 = CARTESIAN_POINT('',(2.262480511199,8.305904459994E-02,
    0.384568703651));
#5905 = CARTESIAN_POINT('',(2.256453998714,6.35032798938E-02,
    0.364715891403));
#5906 = CARTESIAN_POINT('',(2.252237474048,4.308939167547E-02,
    0.345357068254));
#5907 = CARTESIAN_POINT('',(2.25,2.189707437304E-02,0.326630902667));
#5908 = CARTESIAN_POINT('',(2.25,2.22044604925E-16,0.308712152522));
#5909 = ORIENTED_EDGE('',*,*,#5758,.F.);
#5910 = ORIENTED_EDGE('',*,*,#5649,.T.);
#5911 = ORIENTED_EDGE('',*,*,#5749,.F.);
#5912 = SPHERICAL_SURFACE('',#5913,3.125);
#5913 = AXIS2_PLACEMENT_3D('',#5914,#5915,#5916);
#5914 = CARTESIAN_POINT('',(1.25,-1.875,2.6));
#5915 = DIRECTION('',(0.,-1.,0.));
#5916 = DIRECTION('',(-1.,0.,0.));
#5917 = ADVANCED_FACE('',(#5918),#5939,.T.);
#5918 = FACE_BOUND('',#5919,.T.);
#5919 = EDGE_LOOP('',(#5920,#5928,#5929,#5930,#5931,#5932));
#5920 = ORIENTED_EDGE('',*,*,#5921,.T.);
#5921 = EDGE_CURVE('',#5922,#5851,#5924,.T.);
#5922 = VERTEX_POINT('',#5923);
#5923 = CARTESIAN_POINT('',(2.5,0.25,-2.));
#5924 = LINE('',#5925,#5926);
#5925 = CARTESIAN_POINT('',(2.5,0.25,-2.));
#5926 = VECTOR('',#5927,1.);
#5927 = DIRECTION('',(0.,0.,1.));
#5928 = ORIENTED_EDGE('',*,*,#5850,.F.);
#5929 = ORIENTED_EDGE('',*,*,#5767,.F.);
#5930 = ORIENTED_EDGE('',*,*,#5887,.F.);
#5931 = ORIENTED_EDGE('',*,*,#5921,.F.);
#5932 = ORIENTED_EDGE('',*,*,#5933,.T.);
#5933 = EDGE_CURVE('',#5922,#5922,#5934,.T.);
#5934 = CIRCLE('',#5935,0.25);
#5935 = AXIS2_PLACEMENT_3D('',#5936,#5937,#5938);
#5936 = CARTESIAN_POINT('',(2.5,0.,-2.));
#5937 = DIRECTION('',(0.,-0.,1.));
#5938 = DIRECTION('',(1.144237745222E-17,1.,0.));
#5939 = CYLINDRICAL_SURFACE('',#5940,0.25);
#5940 = AXIS2_PLACEMENT_3D('',#5941,#5942,#5943);
#5941 = CARTESIAN_POINT('',(2.5,0.,-2.));
#5942 = DIRECTION('',(0.,-0.,-1.));
#5943 = DIRECTION('',(1.144237745222E-17,1.,0.));
#5944 = ADVANCED_FACE('',(#5945),#5948,.T.);
#5945 = FACE_BOUND('',#5946,.F.);
#5946 = EDGE_LOOP('',(#5947));
#5947 = ORIENTED_EDGE('',*,*,#5933,.T.);
#5948 = PLANE('',#5949);
#5949 = AXIS2_PLACEMENT_3D('',#5950,#5951,#5952);
#5950 = CARTESIAN_POINT('',(2.5,0.25,-2.));
#5951 = DIRECTION('',(-0.,0.,-1.));
#5952 = DIRECTION('',(-1.144237745222E-17,-1.,0.));
#5953 = ( GEOMETRIC_REPRESENTATION_CONTEXT(3) 
GLOBAL_UNCERTAINTY_ASSIGNED_CONTEXT((#5957)) 
GLOBAL_UNIT_ASSIGNED_CONTEXT((#5954,#5955,#5956)) REPRESENTATION_CONTEXT
('Context #1','3D Context with UNIT and UNCERTAINTY') );
#5954 = ( LENGTH_UNIT() NAMED_UNIT(*) SI_UNIT(.MILLI.,.METRE.) );
#5955 = ( NAMED_UNIT(*) PLANE_ANGLE_UNIT() SI_UNIT($,.RADIAN.) );
#5956 = ( NAMED_UNIT(*) SI_UNIT($,.STERADIAN.) SOLID_ANGLE_UNIT() );
#5957 = UNCERTAINTY_MEASURE_WITH_UNIT(LENGTH_MEASURE(2.E-07),#5954,
  'distance_accuracy_value','confusion accuracy');
#5958 = CONTEXT_DEPENDENT_SHAPE_REPRESENTATION(#5959,#5961);
#5959 = ( REPRESENTATION_RELATIONSHIP('','',#5580,#5557) 
REPRESENTATION_RELATIONSHIP_WITH_TRANSFORMATION(#5960) 
SHAPE_REPRESENTATION_RELATIONSHIP() );
#5960 = ITEM_DEFINED_TRANSFORMATION('','',#11,#5558);
#5961 = PRODUCT_DEFINITION_SHAPE('Placement','Placement of an item',
  #5962);
#5962 = NEXT_ASSEMBLY_USAGE_OCCURRENCE('8','=>[0:1:1:9]','',#5552,#5575,
  $);
#5963 = PRODUCT_RELATED_PRODUCT_CATEGORY('part',$,(#5577));
#5964 = CONTEXT_DEPENDENT_SHAPE_REPRESENTATION(#5965,#5967);
#5965 = ( REPRESENTATION_RELATIONSHIP('','',#1930,#10) 
REPRESENTATION_RELATIONSHIP_WITH_TRANSFORMATION(#5966) 
SHAPE_REPRESENTATION_RELATIONSHIP() );
#5966 = ITEM_DEFINED_TRANSFORMATION('','',#11,#35);
#5967 = PRODUCT_DEFINITION_SHAPE('Placement','Placement of an item',
  #5968);
#5968 = NEXT_ASSEMBLY_USAGE_OCCURRENCE('10','J9','',#5,#1925,$);
#5969 = SHAPE_DEFINITION_REPRESENTATION(#5970,#5976);
#5970 = PRODUCT_DEFINITION_SHAPE('','',#5971);
#5971 = PRODUCT_DEFINITION('design','',#5972,#5975);
#5972 = PRODUCT_DEFINITION_FORMATION('','',#5973);
#5973 = PRODUCT('PinHeader_1x12_P2.54mm_Vertical',
  'PinHeader_1x12_P2.54mm_Vertical','',(#5974));
#5974 = PRODUCT_CONTEXT('',#2,'mechanical');
#5975 = PRODUCT_DEFINITION_CONTEXT('part definition',#2,'design');
#5976 = SHAPE_REPRESENTATION('',(#11,#5977),#5981);
#5977 = AXIS2_PLACEMENT_3D('',#5978,#5979,#5980);
#5978 = CARTESIAN_POINT('',(0.,0.,0.));
#5979 = DIRECTION('',(0.,0.,1.));
#5980 = DIRECTION('',(1.,0.,-0.));
#5981 = ( GEOMETRIC_REPRESENTATION_CONTEXT(3) 
GLOBAL_UNCERTAINTY_ASSIGNED_CONTEXT((#5985)) 
GLOBAL_UNIT_ASSIGNED_CONTEXT((#5982,#5983,#5984)) REPRESENTATION_CONTEXT
('Context #1','3D Context with UNIT and UNCERTAINTY') );
#5982 = ( LENGTH_UNIT() NAMED_UNIT(*) SI_UNIT(.MILLI.,.METRE.) );
#5983 = ( NAMED_UNIT(*) PLANE_ANGLE_UNIT() SI_UNIT($,.RADIAN.) );
#5984 = ( NAMED_UNIT(*) SI_UNIT($,.STERADIAN.) SOLID_ANGLE_UNIT() );
#5985 = UNCERTAINTY_MEASURE_WITH_UNIT(LENGTH_MEASURE(1.E-07),#5982,
  'distance_accuracy_value','confusion accuracy');
#5986 = CONTEXT_DEPENDENT_SHAPE_REPRESENTATION(#5987,#5989);
#5987 = ( REPRESENTATION_RELATIONSHIP('','',#5976,#10) 
REPRESENTATION_RELATIONSHIP_WITH_TRANSFORMATION(#5988) 
SHAPE_REPRESENTATION_RELATIONSHIP() );
#5988 = ITEM_DEFINED_TRANSFORMATION('','',#11,#39);
#5989 = PRODUCT_DEFINITION_SHAPE('Placement','Placement of an item',
  #5990);
#5990 = NEXT_ASSEMBLY_USAGE_OCCURRENCE('12','J7','',#5,#5971,$);
#5991 = PRODUCT_RELATED_PRODUCT_CATEGORY('part',$,(#5973));
#5992 = SHAPE_DEFINITION_REPRESENTATION(#5993,#5999);
#5993 = PRODUCT_DEFINITION_SHAPE('','',#5994);
#5994 = PRODUCT_DEFINITION('design','',#5995,#5998);
#5995 = PRODUCT_DEFINITION_FORMATION('','',#5996);
#5996 = PRODUCT('PinHeader_1x12_P254mm_Vertical',
  'PinHeader_1x12_P254mm_Vertical','',(#5997));
#5997 = PRODUCT_CONTEXT('',#2,'mechanical');
#5998 = PRODUCT_DEFINITION_CONTEXT('part definition',#2,'design');
#5999 = ADVANCED_BREP_SHAPE_REPRESENTATION('',(#11,#6000),#14172);
#6000 = MANIFOLD_SOLID_BREP('',#6001);
#6001 = CLOSED_SHELL('',(#6002,#6042,#6073,#6104,#7089,#8074,#8091,#8108
    ,#8125,#8142,#8159,#8176,#8193,#8210,#8227,#8244,#8261,#8278,#8295,
    #8312,#8329,#8346,#8363,#8380,#8397,#8414,#8431,#8448,#8465,#8482,
    #8499,#8516,#8533,#8550,#8567,#8584,#8601,#8618,#8635,#8652,#8669,
    #8686,#8703,#8720,#8737,#8754,#8771,#8788,#8805,#8822,#8839,#8856,
    #8873,#8890,#8907,#8924,#8941,#8958,#8975,#8992,#9009,#9026,#9043,
    #9060,#9077,#9094,#9111,#9128,#9145,#9162,#9179,#9196,#9213,#9230,
    #9247,#9264,#9276,#9307,#9331,#9355,#9372,#9403,#9427,#9451,#9468,
    #9499,#9523,#9547,#9564,#9595,#9619,#9643,#9660,#9691,#9715,#9739,
    #9756,#9787,#9811,#9835,#9852,#9883,#9907,#9931,#9948,#9979,#10003,
    #10027,#10044,#10075,#10099,#10123,#10140,#10171,#10195,#10219,
    #10236,#10267,#10291,#10315,#10332,#10363,#10387,#10411,#10428,
    #10459,#10483,#10507,#10524,#10555,#10579,#10603,#10620,#10651,
    #10675,#10699,#10716,#10747,#10771,#10795,#10812,#10843,#10867,
    #10891,#10908,#10939,#10963,#10987,#11004,#11035,#11059,#11083,
    #11100,#11131,#11155,#11179,#11196,#11227,#11251,#11275,#11292,
    #11323,#11347,#11371,#11388,#11419,#11443,#11467,#11484,#11515,
    #11539,#11563,#11580,#11611,#11635,#11659,#11676,#11707,#11731,
    #11755,#11772,#11803,#11827,#11851,#11868,#11899,#11923,#11947,
    #11964,#11995,#12019,#12043,#12060,#12091,#12115,#12139,#12156,
    #12187,#12211,#12235,#12252,#12283,#12307,#12331,#12348,#12379,
    #12403,#12427,#12444,#12475,#12499,#12523,#12540,#12571,#12595,
    #12619,#12636,#12667,#12691,#12715,#12732,#12763,#12787,#12811,
    #12828,#12859,#12883,#12907,#12924,#12955,#12979,#13003,#13020,
    #13051,#13075,#13099,#13116,#13147,#13171,#13195,#13212,#13243,
    #13267,#13291,#13308,#13339,#13363,#13387,#13404,#13435,#13459,
    #13483,#13500,#13531,#13555,#13579,#13596,#13627,#13651,#13675,
    #13692,#13723,#13747,#13771,#13788,#13819,#13843,#13867,#13884,
    #13896,#13908,#13920,#13932,#13944,#13956,#13968,#13980,#13992,
    #14004,#14016,#14028,#14040,#14052,#14064,#14076,#14088,#14100,
    #14112,#14124,#14136,#14148,#14160));
#6002 = ADVANCED_FACE('',(#6003),#6037,.F.);
#6003 = FACE_BOUND('',#6004,.F.);
#6004 = EDGE_LOOP('',(#6005,#6015,#6023,#6031));
#6005 = ORIENTED_EDGE('',*,*,#6006,.T.);
#6006 = EDGE_CURVE('',#6007,#6009,#6011,.T.);
#6007 = VERTEX_POINT('',#6008);
#6008 = CARTESIAN_POINT('',(-1.016,1.27,0.));
#6009 = VERTEX_POINT('',#6010);
#6010 = CARTESIAN_POINT('',(-1.016,1.27,2.54));
#6011 = LINE('',#6012,#6013);
#6012 = CARTESIAN_POINT('',(-1.016,1.27,0.));
#6013 = VECTOR('',#6014,1.);
#6014 = DIRECTION('',(0.,0.,1.));
#6015 = ORIENTED_EDGE('',*,*,#6016,.T.);
#6016 = EDGE_CURVE('',#6009,#6017,#6019,.T.);
#6017 = VERTEX_POINT('',#6018);
#6018 = CARTESIAN_POINT('',(-1.27,1.016,2.54));
#6019 = LINE('',#6020,#6021);
#6020 = CARTESIAN_POINT('',(-1.016,1.27,2.54));
#6021 = VECTOR('',#6022,1.);
#6022 = DIRECTION('',(-0.707106781187,-0.707106781187,0.));
#6023 = ORIENTED_EDGE('',*,*,#6024,.F.);
#6024 = EDGE_CURVE('',#6025,#6017,#6027,.T.);
#6025 = VERTEX_POINT('',#6026);
#6026 = CARTESIAN_POINT('',(-1.27,1.016,0.));
#6027 = LINE('',#6028,#6029);
#6028 = CARTESIAN_POINT('',(-1.27,1.016,0.));
#6029 = VECTOR('',#6030,1.);
#6030 = DIRECTION('',(0.,0.,1.));
#6031 = ORIENTED_EDGE('',*,*,#6032,.F.);
#6032 = EDGE_CURVE('',#6007,#6025,#6033,.T.);
#6033 = LINE('',#6034,#6035);
#6034 = CARTESIAN_POINT('',(-1.016,1.27,0.));
#6035 = VECTOR('',#6036,1.);
#6036 = DIRECTION('',(-0.707106781187,-0.707106781187,0.));
#6037 = PLANE('',#6038);
#6038 = AXIS2_PLACEMENT_3D('',#6039,#6040,#6041);
#6039 = CARTESIAN_POINT('',(-1.016,1.27,0.));
#6040 = DIRECTION('',(0.707106781187,-0.707106781187,0.));
#6041 = DIRECTION('',(-0.707106781187,-0.707106781187,0.));
#6042 = ADVANCED_FACE('',(#6043),#6068,.F.);
#6043 = FACE_BOUND('',#6044,.F.);
#6044 = EDGE_LOOP('',(#6045,#6055,#6061,#6062));
#6045 = ORIENTED_EDGE('',*,*,#6046,.T.);
#6046 = EDGE_CURVE('',#6047,#6049,#6051,.T.);
#6047 = VERTEX_POINT('',#6048);
#6048 = CARTESIAN_POINT('',(1.016,1.27,0.));
#6049 = VERTEX_POINT('',#6050);
#6050 = CARTESIAN_POINT('',(1.016,1.27,2.54));
#6051 = LINE('',#6052,#6053);
#6052 = CARTESIAN_POINT('',(1.016,1.27,0.));
#6053 = VECTOR('',#6054,1.);
#6054 = DIRECTION('',(0.,0.,1.));
#6055 = ORIENTED_EDGE('',*,*,#6056,.T.);
#6056 = EDGE_CURVE('',#6049,#6009,#6057,.T.);
#6057 = LINE('',#6058,#6059);
#6058 = CARTESIAN_POINT('',(1.016,1.27,2.54));
#6059 = VECTOR('',#6060,1.);
#6060 = DIRECTION('',(-1.,0.,0.));
#6061 = ORIENTED_EDGE('',*,*,#6006,.F.);
#6062 = ORIENTED_EDGE('',*,*,#6063,.F.);
#6063 = EDGE_CURVE('',#6047,#6007,#6064,.T.);
#6064 = LINE('',#6065,#6066);
#6065 = CARTESIAN_POINT('',(1.016,1.27,0.));
#6066 = VECTOR('',#6067,1.);
#6067 = DIRECTION('',(-1.,0.,0.));
#6068 = PLANE('',#6069);
#6069 = AXIS2_PLACEMENT_3D('',#6070,#6071,#6072);
#6070 = CARTESIAN_POINT('',(1.016,1.27,0.));
#6071 = DIRECTION('',(0.,-1.,0.));
#6072 = DIRECTION('',(-1.,0.,0.));
#6073 = ADVANCED_FACE('',(#6074),#6099,.F.);
#6074 = FACE_BOUND('',#6075,.F.);
#6075 = EDGE_LOOP('',(#6076,#6077,#6085,#6093));
#6076 = ORIENTED_EDGE('',*,*,#6024,.T.);
#6077 = ORIENTED_EDGE('',*,*,#6078,.T.);
#6078 = EDGE_CURVE('',#6017,#6079,#6081,.T.);
#6079 = VERTEX_POINT('',#6080);
#6080 = CARTESIAN_POINT('',(-1.27,-1.016,2.54));
#6081 = LINE('',#6082,#6083);
#6082 = CARTESIAN_POINT('',(-1.27,1.016,2.54));
#6083 = VECTOR('',#6084,1.);
#6084 = DIRECTION('',(0.,-1.,0.));
#6085 = ORIENTED_EDGE('',*,*,#6086,.F.);
#6086 = EDGE_CURVE('',#6087,#6079,#6089,.T.);
#6087 = VERTEX_POINT('',#6088);
#6088 = CARTESIAN_POINT('',(-1.27,-1.016,0.));
#6089 = LINE('',#6090,#6091);
#6090 = CARTESIAN_POINT('',(-1.27,-1.016,0.));
#6091 = VECTOR('',#6092,1.);
#6092 = DIRECTION('',(0.,0.,1.));
#6093 = ORIENTED_EDGE('',*,*,#6094,.F.);
#6094 = EDGE_CURVE('',#6025,#6087,#6095,.T.);
#6095 = LINE('',#6096,#6097);
#6096 = CARTESIAN_POINT('',(-1.27,1.016,0.));
#6097 = VECTOR('',#6098,1.);
#6098 = DIRECTION('',(0.,-1.,0.));
#6099 = PLANE('',#6100);
#6100 = AXIS2_PLACEMENT_3D('',#6101,#6102,#6103);
#6101 = CARTESIAN_POINT('',(-1.27,1.016,0.));
#6102 = DIRECTION('',(1.,0.,0.));
#6103 = DIRECTION('',(0.,-1.,0.));
#6104 = ADVANCED_FACE('',(#6105,#6676,#6710,#6744,#6778,#6812,#6846,
    #6880,#6914,#6948,#6982,#7016,#7050),#7084,.F.);
#6105 = FACE_BOUND('',#6106,.F.);
#6106 = EDGE_LOOP('',(#6107,#6108,#6109,#6117,#6125,#6133,#6141,#6149,
    #6157,#6165,#6173,#6181,#6189,#6197,#6205,#6213,#6221,#6229,#6237,
    #6245,#6253,#6261,#6269,#6277,#6285,#6293,#6301,#6309,#6317,#6325,
    #6333,#6341,#6349,#6357,#6365,#6373,#6381,#6389,#6397,#6405,#6413,
    #6421,#6429,#6437,#6445,#6453,#6461,#6469,#6477,#6485,#6493,#6501,
    #6509,#6517,#6525,#6533,#6541,#6549,#6557,#6565,#6573,#6581,#6589,
    #6597,#6605,#6613,#6621,#6629,#6637,#6645,#6653,#6661,#6669,#6675));
#6107 = ORIENTED_EDGE('',*,*,#6032,.T.);
#6108 = ORIENTED_EDGE('',*,*,#6094,.T.);
#6109 = ORIENTED_EDGE('',*,*,#6110,.T.);
#6110 = EDGE_CURVE('',#6087,#6111,#6113,.T.);
#6111 = VERTEX_POINT('',#6112);
#6112 = CARTESIAN_POINT('',(-1.016,-1.27,0.));
#6113 = LINE('',#6114,#6115);
#6114 = CARTESIAN_POINT('',(-1.27,-1.016,0.));
#6115 = VECTOR('',#6116,1.);
#6116 = DIRECTION('',(0.707106781187,-0.707106781187,0.));
#6117 = ORIENTED_EDGE('',*,*,#6118,.T.);
#6118 = EDGE_CURVE('',#6111,#6119,#6121,.T.);
#6119 = VERTEX_POINT('',#6120);
#6120 = CARTESIAN_POINT('',(-1.27,-1.524,0.));
#6121 = LINE('',#6122,#6123);
#6122 = CARTESIAN_POINT('',(-1.016,-1.27,0.));
#6123 = VECTOR('',#6124,1.);
#6124 = DIRECTION('',(-0.707106781187,-0.707106781187,0.));
#6125 = ORIENTED_EDGE('',*,*,#6126,.T.);
#6126 = EDGE_CURVE('',#6119,#6127,#6129,.T.);
#6127 = VERTEX_POINT('',#6128);
#6128 = CARTESIAN_POINT('',(-1.27,-3.556,0.));
#6129 = LINE('',#6130,#6131);
#6130 = CARTESIAN_POINT('',(-1.27,-1.524,0.));
#6131 = VECTOR('',#6132,1.);
#6132 = DIRECTION('',(0.,-1.,0.));
#6133 = ORIENTED_EDGE('',*,*,#6134,.T.);
#6134 = EDGE_CURVE('',#6127,#6135,#6137,.T.);
#6135 = VERTEX_POINT('',#6136);
#6136 = CARTESIAN_POINT('',(-1.016,-3.81,0.));
#6137 = LINE('',#6138,#6139);
#6138 = CARTESIAN_POINT('',(-1.27,-3.556,0.));
#6139 = VECTOR('',#6140,1.);
#6140 = DIRECTION('',(0.707106781187,-0.707106781187,0.));
#6141 = ORIENTED_EDGE('',*,*,#6142,.T.);
#6142 = EDGE_CURVE('',#6135,#6143,#6145,.T.);
#6143 = VERTEX_POINT('',#6144);
#6144 = CARTESIAN_POINT('',(-1.27,-4.064,0.));
#6145 = LINE('',#6146,#6147);
#6146 = CARTESIAN_POINT('',(-1.016,-3.81,0.));
#6147 = VECTOR('',#6148,1.);
#6148 = DIRECTION('',(-0.707106781187,-0.707106781187,0.));
#6149 = ORIENTED_EDGE('',*,*,#6150,.T.);
#6150 = EDGE_CURVE('',#6143,#6151,#6153,.T.);
#6151 = VERTEX_POINT('',#6152);
#6152 = CARTESIAN_POINT('',(-1.27,-6.096,0.));
#6153 = LINE('',#6154,#6155);
#6154 = CARTESIAN_POINT('',(-1.27,-4.064,0.));
#6155 = VECTOR('',#6156,1.);
#6156 = DIRECTION('',(0.,-1.,0.));
#6157 = ORIENTED_EDGE('',*,*,#6158,.T.);
#6158 = EDGE_CURVE('',#6151,#6159,#6161,.T.);
#6159 = VERTEX_POINT('',#6160);
#6160 = CARTESIAN_POINT('',(-1.016,-6.35,0.));
#6161 = LINE('',#6162,#6163);
#6162 = CARTESIAN_POINT('',(-1.27,-6.096,0.));
#6163 = VECTOR('',#6164,1.);
#6164 = DIRECTION('',(0.707106781187,-0.707106781187,0.));
#6165 = ORIENTED_EDGE('',*,*,#6166,.T.);
#6166 = EDGE_CURVE('',#6159,#6167,#6169,.T.);
#6167 = VERTEX_POINT('',#6168);
#6168 = CARTESIAN_POINT('',(-1.27,-6.604,0.));
#6169 = LINE('',#6170,#6171);
#6170 = CARTESIAN_POINT('',(-1.016,-6.35,0.));
#6171 = VECTOR('',#6172,1.);
#6172 = DIRECTION('',(-0.707106781187,-0.707106781187,0.));
#6173 = ORIENTED_EDGE('',*,*,#6174,.T.);
#6174 = EDGE_CURVE('',#6167,#6175,#6177,.T.);
#6175 = VERTEX_POINT('',#6176);
#6176 = CARTESIAN_POINT('',(-1.27,-8.636,0.));
#6177 = LINE('',#6178,#6179);
#6178 = CARTESIAN_POINT('',(-1.27,-6.604,0.));
#6179 = VECTOR('',#6180,1.);
#6180 = DIRECTION('',(0.,-1.,0.));
#6181 = ORIENTED_EDGE('',*,*,#6182,.T.);
#6182 = EDGE_CURVE('',#6175,#6183,#6185,.T.);
#6183 = VERTEX_POINT('',#6184);
#6184 = CARTESIAN_POINT('',(-1.016,-8.89,0.));
#6185 = LINE('',#6186,#6187);
#6186 = CARTESIAN_POINT('',(-1.27,-8.636,0.));
#6187 = VECTOR('',#6188,1.);
#6188 = DIRECTION('',(0.707106781187,-0.707106781187,0.));
#6189 = ORIENTED_EDGE('',*,*,#6190,.T.);
#6190 = EDGE_CURVE('',#6183,#6191,#6193,.T.);
#6191 = VERTEX_POINT('',#6192);
#6192 = CARTESIAN_POINT('',(-1.27,-9.144,0.));
#6193 = LINE('',#6194,#6195);
#6194 = CARTESIAN_POINT('',(-1.016,-8.89,0.));
#6195 = VECTOR('',#6196,1.);
#6196 = DIRECTION('',(-0.707106781187,-0.707106781187,0.));
#6197 = ORIENTED_EDGE('',*,*,#6198,.T.);
#6198 = EDGE_CURVE('',#6191,#6199,#6201,.T.);
#6199 = VERTEX_POINT('',#6200);
#6200 = CARTESIAN_POINT('',(-1.27,-11.176,0.));
#6201 = LINE('',#6202,#6203);
#6202 = CARTESIAN_POINT('',(-1.27,-9.144,0.));
#6203 = VECTOR('',#6204,1.);
#6204 = DIRECTION('',(0.,-1.,0.));
#6205 = ORIENTED_EDGE('',*,*,#6206,.T.);
#6206 = EDGE_CURVE('',#6199,#6207,#6209,.T.);
#6207 = VERTEX_POINT('',#6208);
#6208 = CARTESIAN_POINT('',(-1.016,-11.43,0.));
#6209 = LINE('',#6210,#6211);
#6210 = CARTESIAN_POINT('',(-1.27,-11.176,0.));
#6211 = VECTOR('',#6212,1.);
#6212 = DIRECTION('',(0.707106781187,-0.707106781187,0.));
#6213 = ORIENTED_EDGE('',*,*,#6214,.T.);
#6214 = EDGE_CURVE('',#6207,#6215,#6217,.T.);
#6215 = VERTEX_POINT('',#6216);
#6216 = CARTESIAN_POINT('',(-1.27,-11.684,0.));
#6217 = LINE('',#6218,#6219);
#6218 = CARTESIAN_POINT('',(-1.016,-11.43,0.));
#6219 = VECTOR('',#6220,1.);
#6220 = DIRECTION('',(-0.707106781187,-0.707106781187,0.));
#6221 = ORIENTED_EDGE('',*,*,#6222,.T.);
#6222 = EDGE_CURVE('',#6215,#6223,#6225,.T.);
#6223 = VERTEX_POINT('',#6224);
#6224 = CARTESIAN_POINT('',(-1.27,-13.716,0.));
#6225 = LINE('',#6226,#6227);
#6226 = CARTESIAN_POINT('',(-1.27,-11.684,0.));
#6227 = VECTOR('',#6228,1.);
#6228 = DIRECTION('',(0.,-1.,0.));
#6229 = ORIENTED_EDGE('',*,*,#6230,.T.);
#6230 = EDGE_CURVE('',#6223,#6231,#6233,.T.);
#6231 = VERTEX_POINT('',#6232);
#6232 = CARTESIAN_POINT('',(-1.016,-13.97,0.));
#6233 = LINE('',#6234,#6235);
#6234 = CARTESIAN_POINT('',(-1.27,-13.716,0.));
#6235 = VECTOR('',#6236,1.);
#6236 = DIRECTION('',(0.707106781187,-0.707106781187,0.));
#6237 = ORIENTED_EDGE('',*,*,#6238,.T.);
#6238 = EDGE_CURVE('',#6231,#6239,#6241,.T.);
#6239 = VERTEX_POINT('',#6240);
#6240 = CARTESIAN_POINT('',(-1.27,-14.224,0.));
#6241 = LINE('',#6242,#6243);
#6242 = CARTESIAN_POINT('',(-1.016,-13.97,0.));
#6243 = VECTOR('',#6244,1.);
#6244 = DIRECTION('',(-0.707106781187,-0.707106781187,0.));
#6245 = ORIENTED_EDGE('',*,*,#6246,.T.);
#6246 = EDGE_CURVE('',#6239,#6247,#6249,.T.);
#6247 = VERTEX_POINT('',#6248);
#6248 = CARTESIAN_POINT('',(-1.27,-16.256,0.));
#6249 = LINE('',#6250,#6251);
#6250 = CARTESIAN_POINT('',(-1.27,-14.224,0.));
#6251 = VECTOR('',#6252,1.);
#6252 = DIRECTION('',(0.,-1.,0.));
#6253 = ORIENTED_EDGE('',*,*,#6254,.T.);
#6254 = EDGE_CURVE('',#6247,#6255,#6257,.T.);
#6255 = VERTEX_POINT('',#6256);
#6256 = CARTESIAN_POINT('',(-1.016,-16.51,0.));
#6257 = LINE('',#6258,#6259);
#6258 = CARTESIAN_POINT('',(-1.27,-16.256,0.));
#6259 = VECTOR('',#6260,1.);
#6260 = DIRECTION('',(0.707106781187,-0.707106781187,0.));
#6261 = ORIENTED_EDGE('',*,*,#6262,.T.);
#6262 = EDGE_CURVE('',#6255,#6263,#6265,.T.);
#6263 = VERTEX_POINT('',#6264);
#6264 = CARTESIAN_POINT('',(-1.27,-16.764,0.));
#6265 = LINE('',#6266,#6267);
#6266 = CARTESIAN_POINT('',(-1.016,-16.51,0.));
#6267 = VECTOR('',#6268,1.);
#6268 = DIRECTION('',(-0.707106781187,-0.707106781187,0.));
#6269 = ORIENTED_EDGE('',*,*,#6270,.T.);
#6270 = EDGE_CURVE('',#6263,#6271,#6273,.T.);
#6271 = VERTEX_POINT('',#6272);
#6272 = CARTESIAN_POINT('',(-1.27,-18.796,0.));
#6273 = LINE('',#6274,#6275);
#6274 = CARTESIAN_POINT('',(-1.27,-16.764,0.));
#6275 = VECTOR('',#6276,1.);
#6276 = DIRECTION('',(0.,-1.,0.));
#6277 = ORIENTED_EDGE('',*,*,#6278,.T.);
#6278 = EDGE_CURVE('',#6271,#6279,#6281,.T.);
#6279 = VERTEX_POINT('',#6280);
#6280 = CARTESIAN_POINT('',(-1.016,-19.05,0.));
#6281 = LINE('',#6282,#6283);
#6282 = CARTESIAN_POINT('',(-1.27,-18.796,0.));
#6283 = VECTOR('',#6284,1.);
#6284 = DIRECTION('',(0.707106781187,-0.707106781187,0.));
#6285 = ORIENTED_EDGE('',*,*,#6286,.T.);
#6286 = EDGE_CURVE('',#6279,#6287,#6289,.T.);
#6287 = VERTEX_POINT('',#6288);
#6288 = CARTESIAN_POINT('',(-1.27,-19.304,0.));
#6289 = LINE('',#6290,#6291);
#6290 = CARTESIAN_POINT('',(-1.016,-19.05,0.));
#6291 = VECTOR('',#6292,1.);
#6292 = DIRECTION('',(-0.707106781187,-0.707106781187,0.));
#6293 = ORIENTED_EDGE('',*,*,#6294,.T.);
#6294 = EDGE_CURVE('',#6287,#6295,#6297,.T.);
#6295 = VERTEX_POINT('',#6296);
#6296 = CARTESIAN_POINT('',(-1.27,-21.336,0.));
#6297 = LINE('',#6298,#6299);
#6298 = CARTESIAN_POINT('',(-1.27,-19.304,0.));
#6299 = VECTOR('',#6300,1.);
#6300 = DIRECTION('',(0.,-1.,0.));
#6301 = ORIENTED_EDGE('',*,*,#6302,.T.);
#6302 = EDGE_CURVE('',#6295,#6303,#6305,.T.);
#6303 = VERTEX_POINT('',#6304);
#6304 = CARTESIAN_POINT('',(-1.016,-21.59,0.));
#6305 = LINE('',#6306,#6307);
#6306 = CARTESIAN_POINT('',(-1.27,-21.336,0.));
#6307 = VECTOR('',#6308,1.);
#6308 = DIRECTION('',(0.707106781187,-0.707106781187,0.));
#6309 = ORIENTED_EDGE('',*,*,#6310,.T.);
#6310 = EDGE_CURVE('',#6303,#6311,#6313,.T.);
#6311 = VERTEX_POINT('',#6312);
#6312 = CARTESIAN_POINT('',(-1.27,-21.844,0.));
#6313 = LINE('',#6314,#6315);
#6314 = CARTESIAN_POINT('',(-1.016,-21.59,0.));
#6315 = VECTOR('',#6316,1.);
#6316 = DIRECTION('',(-0.707106781187,-0.707106781187,0.));
#6317 = ORIENTED_EDGE('',*,*,#6318,.T.);
#6318 = EDGE_CURVE('',#6311,#6319,#6321,.T.);
#6319 = VERTEX_POINT('',#6320);
#6320 = CARTESIAN_POINT('',(-1.27,-23.876,0.));
#6321 = LINE('',#6322,#6323);
#6322 = CARTESIAN_POINT('',(-1.27,-21.844,0.));
#6323 = VECTOR('',#6324,1.);
#6324 = DIRECTION('',(0.,-1.,0.));
#6325 = ORIENTED_EDGE('',*,*,#6326,.T.);
#6326 = EDGE_CURVE('',#6319,#6327,#6329,.T.);
#6327 = VERTEX_POINT('',#6328);
#6328 = CARTESIAN_POINT('',(-1.016,-24.13,0.));
#6329 = LINE('',#6330,#6331);
#6330 = CARTESIAN_POINT('',(-1.27,-23.876,0.));
#6331 = VECTOR('',#6332,1.);
#6332 = DIRECTION('',(0.707106781187,-0.707106781187,0.));
#6333 = ORIENTED_EDGE('',*,*,#6334,.T.);
#6334 = EDGE_CURVE('',#6327,#6335,#6337,.T.);
#6335 = VERTEX_POINT('',#6336);
#6336 = CARTESIAN_POINT('',(-1.27,-24.384,0.));
#6337 = LINE('',#6338,#6339);
#6338 = CARTESIAN_POINT('',(-1.016,-24.13,0.));
#6339 = VECTOR('',#6340,1.);
#6340 = DIRECTION('',(-0.707106781187,-0.707106781187,0.));
#6341 = ORIENTED_EDGE('',*,*,#6342,.T.);
#6342 = EDGE_CURVE('',#6335,#6343,#6345,.T.);
#6343 = VERTEX_POINT('',#6344);
#6344 = CARTESIAN_POINT('',(-1.27,-26.416,0.));
#6345 = LINE('',#6346,#6347);
#6346 = CARTESIAN_POINT('',(-1.27,-24.384,0.));
#6347 = VECTOR('',#6348,1.);
#6348 = DIRECTION('',(0.,-1.,0.));
#6349 = ORIENTED_EDGE('',*,*,#6350,.T.);
#6350 = EDGE_CURVE('',#6343,#6351,#6353,.T.);
#6351 = VERTEX_POINT('',#6352);
#6352 = CARTESIAN_POINT('',(-1.016,-26.67,0.));
#6353 = LINE('',#6354,#6355);
#6354 = CARTESIAN_POINT('',(-1.27,-26.416,0.));
#6355 = VECTOR('',#6356,1.);
#6356 = DIRECTION('',(0.707106781187,-0.707106781187,0.));
#6357 = ORIENTED_EDGE('',*,*,#6358,.T.);
#6358 = EDGE_CURVE('',#6351,#6359,#6361,.T.);
#6359 = VERTEX_POINT('',#6360);
#6360 = CARTESIAN_POINT('',(-1.27,-26.924,0.));
#6361 = LINE('',#6362,#6363);
#6362 = CARTESIAN_POINT('',(-1.016,-26.67,0.));
#6363 = VECTOR('',#6364,1.);
#6364 = DIRECTION('',(-0.707106781187,-0.707106781187,0.));
#6365 = ORIENTED_EDGE('',*,*,#6366,.T.);
#6366 = EDGE_CURVE('',#6359,#6367,#6369,.T.);
#6367 = VERTEX_POINT('',#6368);
#6368 = CARTESIAN_POINT('',(-1.27,-28.956,0.));
#6369 = LINE('',#6370,#6371);
#6370 = CARTESIAN_POINT('',(-1.27,-26.924,0.));
#6371 = VECTOR('',#6372,1.);
#6372 = DIRECTION('',(0.,-1.,0.));
#6373 = ORIENTED_EDGE('',*,*,#6374,.T.);
#6374 = EDGE_CURVE('',#6367,#6375,#6377,.T.);
#6375 = VERTEX_POINT('',#6376);
#6376 = CARTESIAN_POINT('',(-1.016,-29.21,0.));
#6377 = LINE('',#6378,#6379);
#6378 = CARTESIAN_POINT('',(-1.27,-28.956,0.));
#6379 = VECTOR('',#6380,1.);
#6380 = DIRECTION('',(0.707106781187,-0.707106781187,0.));
#6381 = ORIENTED_EDGE('',*,*,#6382,.T.);
#6382 = EDGE_CURVE('',#6375,#6383,#6385,.T.);
#6383 = VERTEX_POINT('',#6384);
#6384 = CARTESIAN_POINT('',(1.016,-29.21,0.));
#6385 = LINE('',#6386,#6387);
#6386 = CARTESIAN_POINT('',(-1.016,-29.21,0.));
#6387 = VECTOR('',#6388,1.);
#6388 = DIRECTION('',(1.,0.,0.));
#6389 = ORIENTED_EDGE('',*,*,#6390,.T.);
#6390 = EDGE_CURVE('',#6383,#6391,#6393,.T.);
#6391 = VERTEX_POINT('',#6392);
#6392 = CARTESIAN_POINT('',(1.27,-28.956,0.));
#6393 = LINE('',#6394,#6395);
#6394 = CARTESIAN_POINT('',(1.016,-29.21,0.));
#6395 = VECTOR('',#6396,1.);
#6396 = DIRECTION('',(0.707106781187,0.707106781187,0.));
#6397 = ORIENTED_EDGE('',*,*,#6398,.T.);
#6398 = EDGE_CURVE('',#6391,#6399,#6401,.T.);
#6399 = VERTEX_POINT('',#6400);
#6400 = CARTESIAN_POINT('',(1.27,-26.924,0.));
#6401 = LINE('',#6402,#6403);
#6402 = CARTESIAN_POINT('',(1.27,-28.956,0.));
#6403 = VECTOR('',#6404,1.);
#6404 = DIRECTION('',(0.,1.,0.));
#6405 = ORIENTED_EDGE('',*,*,#6406,.T.);
#6406 = EDGE_CURVE('',#6399,#6407,#6409,.T.);
#6407 = VERTEX_POINT('',#6408);
#6408 = CARTESIAN_POINT('',(1.016,-26.67,0.));
#6409 = LINE('',#6410,#6411);
#6410 = CARTESIAN_POINT('',(1.27,-26.924,0.));
#6411 = VECTOR('',#6412,1.);
#6412 = DIRECTION('',(-0.707106781187,0.707106781187,0.));
#6413 = ORIENTED_EDGE('',*,*,#6414,.T.);
#6414 = EDGE_CURVE('',#6407,#6415,#6417,.T.);
#6415 = VERTEX_POINT('',#6416);
#6416 = CARTESIAN_POINT('',(1.27,-26.416,0.));
#6417 = LINE('',#6418,#6419);
#6418 = CARTESIAN_POINT('',(1.016,-26.67,0.));
#6419 = VECTOR('',#6420,1.);
#6420 = DIRECTION('',(0.707106781187,0.707106781187,0.));
#6421 = ORIENTED_EDGE('',*,*,#6422,.T.);
#6422 = EDGE_CURVE('',#6415,#6423,#6425,.T.);
#6423 = VERTEX_POINT('',#6424);
#6424 = CARTESIAN_POINT('',(1.27,-24.384,0.));
#6425 = LINE('',#6426,#6427);
#6426 = CARTESIAN_POINT('',(1.27,-26.416,0.));
#6427 = VECTOR('',#6428,1.);
#6428 = DIRECTION('',(0.,1.,0.));
#6429 = ORIENTED_EDGE('',*,*,#6430,.T.);
#6430 = EDGE_CURVE('',#6423,#6431,#6433,.T.);
#6431 = VERTEX_POINT('',#6432);
#6432 = CARTESIAN_POINT('',(1.016,-24.13,0.));
#6433 = LINE('',#6434,#6435);
#6434 = CARTESIAN_POINT('',(1.27,-24.384,0.));
#6435 = VECTOR('',#6436,1.);
#6436 = DIRECTION('',(-0.707106781187,0.707106781187,0.));
#6437 = ORIENTED_EDGE('',*,*,#6438,.T.);
#6438 = EDGE_CURVE('',#6431,#6439,#6441,.T.);
#6439 = VERTEX_POINT('',#6440);
#6440 = CARTESIAN_POINT('',(1.27,-23.876,0.));
#6441 = LINE('',#6442,#6443);
#6442 = CARTESIAN_POINT('',(1.016,-24.13,0.));
#6443 = VECTOR('',#6444,1.);
#6444 = DIRECTION('',(0.707106781187,0.707106781187,0.));
#6445 = ORIENTED_EDGE('',*,*,#6446,.T.);
#6446 = EDGE_CURVE('',#6439,#6447,#6449,.T.);
#6447 = VERTEX_POINT('',#6448);
#6448 = CARTESIAN_POINT('',(1.27,-21.844,0.));
#6449 = LINE('',#6450,#6451);
#6450 = CARTESIAN_POINT('',(1.27,-23.876,0.));
#6451 = VECTOR('',#6452,1.);
#6452 = DIRECTION('',(0.,1.,0.));
#6453 = ORIENTED_EDGE('',*,*,#6454,.T.);
#6454 = EDGE_CURVE('',#6447,#6455,#6457,.T.);
#6455 = VERTEX_POINT('',#6456);
#6456 = CARTESIAN_POINT('',(1.016,-21.59,0.));
#6457 = LINE('',#6458,#6459);
#6458 = CARTESIAN_POINT('',(1.27,-21.844,0.));
#6459 = VECTOR('',#6460,1.);
#6460 = DIRECTION('',(-0.707106781187,0.707106781187,0.));
#6461 = ORIENTED_EDGE('',*,*,#6462,.T.);
#6462 = EDGE_CURVE('',#6455,#6463,#6465,.T.);
#6463 = VERTEX_POINT('',#6464);
#6464 = CARTESIAN_POINT('',(1.27,-21.336,0.));
#6465 = LINE('',#6466,#6467);
#6466 = CARTESIAN_POINT('',(1.016,-21.59,0.));
#6467 = VECTOR('',#6468,1.);
#6468 = DIRECTION('',(0.707106781187,0.707106781187,0.));
#6469 = ORIENTED_EDGE('',*,*,#6470,.T.);
#6470 = EDGE_CURVE('',#6463,#6471,#6473,.T.);
#6471 = VERTEX_POINT('',#6472);
#6472 = CARTESIAN_POINT('',(1.27,-19.304,0.));
#6473 = LINE('',#6474,#6475);
#6474 = CARTESIAN_POINT('',(1.27,-21.336,0.));
#6475 = VECTOR('',#6476,1.);
#6476 = DIRECTION('',(0.,1.,0.));
#6477 = ORIENTED_EDGE('',*,*,#6478,.T.);
#6478 = EDGE_CURVE('',#6471,#6479,#6481,.T.);
#6479 = VERTEX_POINT('',#6480);
#6480 = CARTESIAN_POINT('',(1.016,-19.05,0.));
#6481 = LINE('',#6482,#6483);
#6482 = CARTESIAN_POINT('',(1.27,-19.304,0.));
#6483 = VECTOR('',#6484,1.);
#6484 = DIRECTION('',(-0.707106781187,0.707106781187,0.));
#6485 = ORIENTED_EDGE('',*,*,#6486,.T.);
#6486 = EDGE_CURVE('',#6479,#6487,#6489,.T.);
#6487 = VERTEX_POINT('',#6488);
#6488 = CARTESIAN_POINT('',(1.27,-18.796,0.));
#6489 = LINE('',#6490,#6491);
#6490 = CARTESIAN_POINT('',(1.016,-19.05,0.));
#6491 = VECTOR('',#6492,1.);
#6492 = DIRECTION('',(0.707106781187,0.707106781187,0.));
#6493 = ORIENTED_EDGE('',*,*,#6494,.T.);
#6494 = EDGE_CURVE('',#6487,#6495,#6497,.T.);
#6495 = VERTEX_POINT('',#6496);
#6496 = CARTESIAN_POINT('',(1.27,-16.764,0.));
#6497 = LINE('',#6498,#6499);
#6498 = CARTESIAN_POINT('',(1.27,-18.796,0.));
#6499 = VECTOR('',#6500,1.);
#6500 = DIRECTION('',(0.,1.,0.));
#6501 = ORIENTED_EDGE('',*,*,#6502,.T.);
#6502 = EDGE_CURVE('',#6495,#6503,#6505,.T.);
#6503 = VERTEX_POINT('',#6504);
#6504 = CARTESIAN_POINT('',(1.016,-16.51,0.));
#6505 = LINE('',#6506,#6507);
#6506 = CARTESIAN_POINT('',(1.27,-16.764,0.));
#6507 = VECTOR('',#6508,1.);
#6508 = DIRECTION('',(-0.707106781187,0.707106781187,0.));
#6509 = ORIENTED_EDGE('',*,*,#6510,.T.);
#6510 = EDGE_CURVE('',#6503,#6511,#6513,.T.);
#6511 = VERTEX_POINT('',#6512);
#6512 = CARTESIAN_POINT('',(1.27,-16.256,0.));
#6513 = LINE('',#6514,#6515);
#6514 = CARTESIAN_POINT('',(1.016,-16.51,0.));
#6515 = VECTOR('',#6516,1.);
#6516 = DIRECTION('',(0.707106781187,0.707106781187,0.));
#6517 = ORIENTED_EDGE('',*,*,#6518,.T.);
#6518 = EDGE_CURVE('',#6511,#6519,#6521,.T.);
#6519 = VERTEX_POINT('',#6520);
#6520 = CARTESIAN_POINT('',(1.27,-14.224,0.));
#6521 = LINE('',#6522,#6523);
#6522 = CARTESIAN_POINT('',(1.27,-16.256,0.));
#6523 = VECTOR('',#6524,1.);
#6524 = DIRECTION('',(0.,1.,0.));
#6525 = ORIENTED_EDGE('',*,*,#6526,.T.);
#6526 = EDGE_CURVE('',#6519,#6527,#6529,.T.);
#6527 = VERTEX_POINT('',#6528);
#6528 = CARTESIAN_POINT('',(1.016,-13.97,0.));
#6529 = LINE('',#6530,#6531);
#6530 = CARTESIAN_POINT('',(1.27,-14.224,0.));
#6531 = VECTOR('',#6532,1.);
#6532 = DIRECTION('',(-0.707106781187,0.707106781187,0.));
#6533 = ORIENTED_EDGE('',*,*,#6534,.T.);
#6534 = EDGE_CURVE('',#6527,#6535,#6537,.T.);
#6535 = VERTEX_POINT('',#6536);
#6536 = CARTESIAN_POINT('',(1.27,-13.716,0.));
#6537 = LINE('',#6538,#6539);
#6538 = CARTESIAN_POINT('',(1.016,-13.97,0.));
#6539 = VECTOR('',#6540,1.);
#6540 = DIRECTION('',(0.707106781187,0.707106781187,0.));
#6541 = ORIENTED_EDGE('',*,*,#6542,.T.);
#6542 = EDGE_CURVE('',#6535,#6543,#6545,.T.);
#6543 = VERTEX_POINT('',#6544);
#6544 = CARTESIAN_POINT('',(1.27,-11.684,0.));
#6545 = LINE('',#6546,#6547);
#6546 = CARTESIAN_POINT('',(1.27,-13.716,0.));
#6547 = VECTOR('',#6548,1.);
#6548 = DIRECTION('',(0.,1.,0.));
#6549 = ORIENTED_EDGE('',*,*,#6550,.T.);
#6550 = EDGE_CURVE('',#6543,#6551,#6553,.T.);
#6551 = VERTEX_POINT('',#6552);
#6552 = CARTESIAN_POINT('',(1.016,-11.43,0.));
#6553 = LINE('',#6554,#6555);
#6554 = CARTESIAN_POINT('',(1.27,-11.684,0.));
#6555 = VECTOR('',#6556,1.);
#6556 = DIRECTION('',(-0.707106781187,0.707106781187,0.));
#6557 = ORIENTED_EDGE('',*,*,#6558,.T.);
#6558 = EDGE_CURVE('',#6551,#6559,#6561,.T.);
#6559 = VERTEX_POINT('',#6560);
#6560 = CARTESIAN_POINT('',(1.27,-11.176,0.));
#6561 = LINE('',#6562,#6563);
#6562 = CARTESIAN_POINT('',(1.016,-11.43,0.));
#6563 = VECTOR('',#6564,1.);
#6564 = DIRECTION('',(0.707106781187,0.707106781187,0.));
#6565 = ORIENTED_EDGE('',*,*,#6566,.T.);
#6566 = EDGE_CURVE('',#6559,#6567,#6569,.T.);
#6567 = VERTEX_POINT('',#6568);
#6568 = CARTESIAN_POINT('',(1.27,-9.144,0.));
#6569 = LINE('',#6570,#6571);
#6570 = CARTESIAN_POINT('',(1.27,-11.176,0.));
#6571 = VECTOR('',#6572,1.);
#6572 = DIRECTION('',(0.,1.,0.));
#6573 = ORIENTED_EDGE('',*,*,#6574,.T.);
#6574 = EDGE_CURVE('',#6567,#6575,#6577,.T.);
#6575 = VERTEX_POINT('',#6576);
#6576 = CARTESIAN_POINT('',(1.016,-8.89,0.));
#6577 = LINE('',#6578,#6579);
#6578 = CARTESIAN_POINT('',(1.27,-9.144,0.));
#6579 = VECTOR('',#6580,1.);
#6580 = DIRECTION('',(-0.707106781187,0.707106781187,0.));
#6581 = ORIENTED_EDGE('',*,*,#6582,.T.);
#6582 = EDGE_CURVE('',#6575,#6583,#6585,.T.);
#6583 = VERTEX_POINT('',#6584);
#6584 = CARTESIAN_POINT('',(1.27,-8.636,0.));
#6585 = LINE('',#6586,#6587);
#6586 = CARTESIAN_POINT('',(1.016,-8.89,0.));
#6587 = VECTOR('',#6588,1.);
#6588 = DIRECTION('',(0.707106781187,0.707106781187,0.));
#6589 = ORIENTED_EDGE('',*,*,#6590,.T.);
#6590 = EDGE_CURVE('',#6583,#6591,#6593,.T.);
#6591 = VERTEX_POINT('',#6592);
#6592 = CARTESIAN_POINT('',(1.27,-6.604,0.));
#6593 = LINE('',#6594,#6595);
#6594 = CARTESIAN_POINT('',(1.27,-8.636,0.));
#6595 = VECTOR('',#6596,1.);
#6596 = DIRECTION('',(0.,1.,0.));
#6597 = ORIENTED_EDGE('',*,*,#6598,.T.);
#6598 = EDGE_CURVE('',#6591,#6599,#6601,.T.);
#6599 = VERTEX_POINT('',#6600);
#6600 = CARTESIAN_POINT('',(1.016,-6.35,0.));
#6601 = LINE('',#6602,#6603);
#6602 = CARTESIAN_POINT('',(1.27,-6.604,0.));
#6603 = VECTOR('',#6604,1.);
#6604 = DIRECTION('',(-0.707106781187,0.707106781187,0.));
#6605 = ORIENTED_EDGE('',*,*,#6606,.T.);
#6606 = EDGE_CURVE('',#6599,#6607,#6609,.T.);
#6607 = VERTEX_POINT('',#6608);
#6608 = CARTESIAN_POINT('',(1.27,-6.096,0.));
#6609 = LINE('',#6610,#6611);
#6610 = CARTESIAN_POINT('',(1.016,-6.35,0.));
#6611 = VECTOR('',#6612,1.);
#6612 = DIRECTION('',(0.707106781187,0.707106781187,0.));
#6613 = ORIENTED_EDGE('',*,*,#6614,.T.);
#6614 = EDGE_CURVE('',#6607,#6615,#6617,.T.);
#6615 = VERTEX_POINT('',#6616);
#6616 = CARTESIAN_POINT('',(1.27,-4.064,0.));
#6617 = LINE('',#6618,#6619);
#6618 = CARTESIAN_POINT('',(1.27,-6.096,0.));
#6619 = VECTOR('',#6620,1.);
#6620 = DIRECTION('',(0.,1.,0.));
#6621 = ORIENTED_EDGE('',*,*,#6622,.T.);
#6622 = EDGE_CURVE('',#6615,#6623,#6625,.T.);
#6623 = VERTEX_POINT('',#6624);
#6624 = CARTESIAN_POINT('',(1.016,-3.81,0.));
#6625 = LINE('',#6626,#6627);
#6626 = CARTESIAN_POINT('',(1.27,-4.064,0.));
#6627 = VECTOR('',#6628,1.);
#6628 = DIRECTION('',(-0.707106781187,0.707106781187,0.));
#6629 = ORIENTED_EDGE('',*,*,#6630,.T.);
#6630 = EDGE_CURVE('',#6623,#6631,#6633,.T.);
#6631 = VERTEX_POINT('',#6632);
#6632 = CARTESIAN_POINT('',(1.27,-3.556,0.));
#6633 = LINE('',#6634,#6635);
#6634 = CARTESIAN_POINT('',(1.016,-3.81,0.));
#6635 = VECTOR('',#6636,1.);
#6636 = DIRECTION('',(0.707106781187,0.707106781187,0.));
#6637 = ORIENTED_EDGE('',*,*,#6638,.T.);
#6638 = EDGE_CURVE('',#6631,#6639,#6641,.T.);
#6639 = VERTEX_POINT('',#6640);
#6640 = CARTESIAN_POINT('',(1.27,-1.524,0.));
#6641 = LINE('',#6642,#6643);
#6642 = CARTESIAN_POINT('',(1.27,-3.556,0.));
#6643 = VECTOR('',#6644,1.);
#6644 = DIRECTION('',(0.,1.,0.));
#6645 = ORIENTED_EDGE('',*,*,#6646,.T.);
#6646 = EDGE_CURVE('',#6639,#6647,#6649,.T.);
#6647 = VERTEX_POINT('',#6648);
#6648 = CARTESIAN_POINT('',(1.016,-1.27,0.));
#6649 = LINE('',#6650,#6651);
#6650 = CARTESIAN_POINT('',(1.27,-1.524,0.));
#6651 = VECTOR('',#6652,1.);
#6652 = DIRECTION('',(-0.707106781187,0.707106781187,0.));
#6653 = ORIENTED_EDGE('',*,*,#6654,.T.);
#6654 = EDGE_CURVE('',#6647,#6655,#6657,.T.);
#6655 = VERTEX_POINT('',#6656);
#6656 = CARTESIAN_POINT('',(1.27,-1.016,0.));
#6657 = LINE('',#6658,#6659);
#6658 = CARTESIAN_POINT('',(1.016,-1.27,0.));
#6659 = VECTOR('',#6660,1.);
#6660 = DIRECTION('',(0.707106781187,0.707106781187,0.));
#6661 = ORIENTED_EDGE('',*,*,#6662,.T.);
#6662 = EDGE_CURVE('',#6655,#6663,#6665,.T.);
#6663 = VERTEX_POINT('',#6664);
#6664 = CARTESIAN_POINT('',(1.27,1.016,0.));
#6665 = LINE('',#6666,#6667);
#6666 = CARTESIAN_POINT('',(1.27,-1.016,0.));
#6667 = VECTOR('',#6668,1.);
#6668 = DIRECTION('',(0.,1.,0.));
#6669 = ORIENTED_EDGE('',*,*,#6670,.T.);
#6670 = EDGE_CURVE('',#6663,#6047,#6671,.T.);
#6671 = LINE('',#6672,#6673);
#6672 = CARTESIAN_POINT('',(1.27,1.016,0.));
#6673 = VECTOR('',#6674,1.);
#6674 = DIRECTION('',(-0.707106781187,0.707106781187,0.));
#6675 = ORIENTED_EDGE('',*,*,#6063,.T.);
#6676 = FACE_BOUND('',#6677,.F.);
#6677 = EDGE_LOOP('',(#6678,#6688,#6696,#6704));
#6678 = ORIENTED_EDGE('',*,*,#6679,.F.);
#6679 = EDGE_CURVE('',#6680,#6682,#6684,.T.);
#6680 = VERTEX_POINT('',#6681);
#6681 = CARTESIAN_POINT('',(0.32,-5.4,0.));
#6682 = VERTEX_POINT('',#6683);
#6683 = CARTESIAN_POINT('',(0.32,-4.76,0.));
#6684 = LINE('',#6685,#6686);
#6685 = CARTESIAN_POINT('',(0.32,-9.685,0.));
#6686 = VECTOR('',#6687,1.);
#6687 = DIRECTION('',(0.,1.,0.));
#6688 = ORIENTED_EDGE('',*,*,#6689,.T.);
#6689 = EDGE_CURVE('',#6680,#6690,#6692,.T.);
#6690 = VERTEX_POINT('',#6691);
#6691 = CARTESIAN_POINT('',(-0.32,-5.4,0.));
#6692 = LINE('',#6693,#6694);
#6693 = CARTESIAN_POINT('',(-0.16,-5.4,0.));
#6694 = VECTOR('',#6695,1.);
#6695 = DIRECTION('',(-1.,0.,0.));
#6696 = ORIENTED_EDGE('',*,*,#6697,.T.);
#6697 = EDGE_CURVE('',#6690,#6698,#6700,.T.);
#6698 = VERTEX_POINT('',#6699);
#6699 = CARTESIAN_POINT('',(-0.32,-4.76,0.));
#6700 = LINE('',#6701,#6702);
#6701 = CARTESIAN_POINT('',(-0.32,-9.685,0.));
#6702 = VECTOR('',#6703,1.);
#6703 = DIRECTION('',(0.,1.,0.));
#6704 = ORIENTED_EDGE('',*,*,#6705,.F.);
#6705 = EDGE_CURVE('',#6682,#6698,#6706,.T.);
#6706 = LINE('',#6707,#6708);
#6707 = CARTESIAN_POINT('',(-0.16,-4.76,0.));
#6708 = VECTOR('',#6709,1.);
#6709 = DIRECTION('',(-1.,0.,0.));
#6710 = FACE_BOUND('',#6711,.F.);
#6711 = EDGE_LOOP('',(#6712,#6722,#6730,#6738));
#6712 = ORIENTED_EDGE('',*,*,#6713,.T.);
#6713 = EDGE_CURVE('',#6714,#6716,#6718,.T.);
#6714 = VERTEX_POINT('',#6715);
#6715 = CARTESIAN_POINT('',(0.32,-7.94,0.));
#6716 = VERTEX_POINT('',#6717);
#6717 = CARTESIAN_POINT('',(-0.32,-7.94,0.));
#6718 = LINE('',#6719,#6720);
#6719 = CARTESIAN_POINT('',(-0.16,-7.94,0.));
#6720 = VECTOR('',#6721,1.);
#6721 = DIRECTION('',(-1.,0.,0.));
#6722 = ORIENTED_EDGE('',*,*,#6723,.T.);
#6723 = EDGE_CURVE('',#6716,#6724,#6726,.T.);
#6724 = VERTEX_POINT('',#6725);
#6725 = CARTESIAN_POINT('',(-0.32,-7.3,0.));
#6726 = LINE('',#6727,#6728);
#6727 = CARTESIAN_POINT('',(-0.32,-10.955,0.));
#6728 = VECTOR('',#6729,1.);
#6729 = DIRECTION('',(0.,1.,0.));
#6730 = ORIENTED_EDGE('',*,*,#6731,.F.);
#6731 = EDGE_CURVE('',#6732,#6724,#6734,.T.);
#6732 = VERTEX_POINT('',#6733);
#6733 = CARTESIAN_POINT('',(0.32,-7.3,0.));
#6734 = LINE('',#6735,#6736);
#6735 = CARTESIAN_POINT('',(-0.16,-7.3,0.));
#6736 = VECTOR('',#6737,1.);
#6737 = DIRECTION('',(-1.,0.,0.));
#6738 = ORIENTED_EDGE('',*,*,#6739,.F.);
#6739 = EDGE_CURVE('',#6714,#6732,#6740,.T.);
#6740 = LINE('',#6741,#6742);
#6741 = CARTESIAN_POINT('',(0.32,-10.955,0.));
#6742 = VECTOR('',#6743,1.);
#6743 = DIRECTION('',(0.,1.,0.));
#6744 = FACE_BOUND('',#6745,.F.);
#6745 = EDGE_LOOP('',(#6746,#6756,#6764,#6772));
#6746 = ORIENTED_EDGE('',*,*,#6747,.T.);
#6747 = EDGE_CURVE('',#6748,#6750,#6752,.T.);
#6748 = VERTEX_POINT('',#6749);
#6749 = CARTESIAN_POINT('',(0.32,-13.02,0.));
#6750 = VERTEX_POINT('',#6751);
#6751 = CARTESIAN_POINT('',(-0.32,-13.02,0.));
#6752 = LINE('',#6753,#6754);
#6753 = CARTESIAN_POINT('',(-0.16,-13.02,0.));
#6754 = VECTOR('',#6755,1.);
#6755 = DIRECTION('',(-1.,0.,0.));
#6756 = ORIENTED_EDGE('',*,*,#6757,.T.);
#6757 = EDGE_CURVE('',#6750,#6758,#6760,.T.);
#6758 = VERTEX_POINT('',#6759);
#6759 = CARTESIAN_POINT('',(-0.32,-12.38,0.));
#6760 = LINE('',#6761,#6762);
#6761 = CARTESIAN_POINT('',(-0.32,-13.495,0.));
#6762 = VECTOR('',#6763,1.);
#6763 = DIRECTION('',(0.,1.,0.));
#6764 = ORIENTED_EDGE('',*,*,#6765,.F.);
#6765 = EDGE_CURVE('',#6766,#6758,#6768,.T.);
#6766 = VERTEX_POINT('',#6767);
#6767 = CARTESIAN_POINT('',(0.32,-12.38,0.));
#6768 = LINE('',#6769,#6770);
#6769 = CARTESIAN_POINT('',(-0.16,-12.38,0.));
#6770 = VECTOR('',#6771,1.);
#6771 = DIRECTION('',(-1.,0.,0.));
#6772 = ORIENTED_EDGE('',*,*,#6773,.F.);
#6773 = EDGE_CURVE('',#6748,#6766,#6774,.T.);
#6774 = LINE('',#6775,#6776);
#6775 = CARTESIAN_POINT('',(0.32,-13.495,0.));
#6776 = VECTOR('',#6777,1.);
#6777 = DIRECTION('',(0.,1.,0.));
#6778 = FACE_BOUND('',#6779,.F.);
#6779 = EDGE_LOOP('',(#6780,#6790,#6798,#6806));
#6780 = ORIENTED_EDGE('',*,*,#6781,.F.);
#6781 = EDGE_CURVE('',#6782,#6784,#6786,.T.);
#6782 = VERTEX_POINT('',#6783);
#6783 = CARTESIAN_POINT('',(0.32,-10.48,0.));
#6784 = VERTEX_POINT('',#6785);
#6785 = CARTESIAN_POINT('',(0.32,-9.84,0.));
#6786 = LINE('',#6787,#6788);
#6787 = CARTESIAN_POINT('',(0.32,-12.225,0.));
#6788 = VECTOR('',#6789,1.);
#6789 = DIRECTION('',(0.,1.,0.));
#6790 = ORIENTED_EDGE('',*,*,#6791,.T.);
#6791 = EDGE_CURVE('',#6782,#6792,#6794,.T.);
#6792 = VERTEX_POINT('',#6793);
#6793 = CARTESIAN_POINT('',(-0.32,-10.48,0.));
#6794 = LINE('',#6795,#6796);
#6795 = CARTESIAN_POINT('',(-0.16,-10.48,0.));
#6796 = VECTOR('',#6797,1.);
#6797 = DIRECTION('',(-1.,0.,0.));
#6798 = ORIENTED_EDGE('',*,*,#6799,.T.);
#6799 = EDGE_CURVE('',#6792,#6800,#6802,.T.);
#6800 = VERTEX_POINT('',#6801);
#6801 = CARTESIAN_POINT('',(-0.32,-9.84,0.));
#6802 = LINE('',#6803,#6804);
#6803 = CARTESIAN_POINT('',(-0.32,-12.225,0.));
#6804 = VECTOR('',#6805,1.);
#6805 = DIRECTION('',(0.,1.,0.));
#6806 = ORIENTED_EDGE('',*,*,#6807,.F.);
#6807 = EDGE_CURVE('',#6784,#6800,#6808,.T.);
#6808 = LINE('',#6809,#6810);
#6809 = CARTESIAN_POINT('',(-0.16,-9.84,0.));
#6810 = VECTOR('',#6811,1.);
#6811 = DIRECTION('',(-1.,0.,0.));
#6812 = FACE_BOUND('',#6813,.F.);
#6813 = EDGE_LOOP('',(#6814,#6824,#6832,#6840));
#6814 = ORIENTED_EDGE('',*,*,#6815,.F.);
#6815 = EDGE_CURVE('',#6816,#6818,#6820,.T.);
#6816 = VERTEX_POINT('',#6817);
#6817 = CARTESIAN_POINT('',(0.32,-20.,0.));
#6818 = VERTEX_POINT('',#6819);
#6819 = CARTESIAN_POINT('',(-0.32,-20.,0.));
#6820 = LINE('',#6821,#6822);
#6821 = CARTESIAN_POINT('',(-0.16,-20.,0.));
#6822 = VECTOR('',#6823,1.);
#6823 = DIRECTION('',(-1.,0.,0.));
#6824 = ORIENTED_EDGE('',*,*,#6825,.F.);
#6825 = EDGE_CURVE('',#6826,#6816,#6828,.T.);
#6826 = VERTEX_POINT('',#6827);
#6827 = CARTESIAN_POINT('',(0.32,-20.64,0.));
#6828 = LINE('',#6829,#6830);
#6829 = CARTESIAN_POINT('',(0.32,-17.305,0.));
#6830 = VECTOR('',#6831,1.);
#6831 = DIRECTION('',(0.,1.,0.));
#6832 = ORIENTED_EDGE('',*,*,#6833,.T.);
#6833 = EDGE_CURVE('',#6826,#6834,#6836,.T.);
#6834 = VERTEX_POINT('',#6835);
#6835 = CARTESIAN_POINT('',(-0.32,-20.64,0.));
#6836 = LINE('',#6837,#6838);
#6837 = CARTESIAN_POINT('',(-0.16,-20.64,0.));
#6838 = VECTOR('',#6839,1.);
#6839 = DIRECTION('',(-1.,0.,0.));
#6840 = ORIENTED_EDGE('',*,*,#6841,.T.);
#6841 = EDGE_CURVE('',#6834,#6818,#6842,.T.);
#6842 = LINE('',#6843,#6844);
#6843 = CARTESIAN_POINT('',(-0.32,-17.305,0.));
#6844 = VECTOR('',#6845,1.);
#6845 = DIRECTION('',(0.,1.,0.));
#6846 = FACE_BOUND('',#6847,.F.);
#6847 = EDGE_LOOP('',(#6848,#6858,#6866,#6874));
#6848 = ORIENTED_EDGE('',*,*,#6849,.F.);
#6849 = EDGE_CURVE('',#6850,#6852,#6854,.T.);
#6850 = VERTEX_POINT('',#6851);
#6851 = CARTESIAN_POINT('',(0.32,-18.1,0.));
#6852 = VERTEX_POINT('',#6853);
#6853 = CARTESIAN_POINT('',(0.32,-17.46,0.));
#6854 = LINE('',#6855,#6856);
#6855 = CARTESIAN_POINT('',(0.32,-16.035,0.));
#6856 = VECTOR('',#6857,1.);
#6857 = DIRECTION('',(0.,1.,0.));
#6858 = ORIENTED_EDGE('',*,*,#6859,.T.);
#6859 = EDGE_CURVE('',#6850,#6860,#6862,.T.);
#6860 = VERTEX_POINT('',#6861);
#6861 = CARTESIAN_POINT('',(-0.32,-18.1,0.));
#6862 = LINE('',#6863,#6864);
#6863 = CARTESIAN_POINT('',(-0.16,-18.1,0.));
#6864 = VECTOR('',#6865,1.);
#6865 = DIRECTION('',(-1.,0.,0.));
#6866 = ORIENTED_EDGE('',*,*,#6867,.T.);
#6867 = EDGE_CURVE('',#6860,#6868,#6870,.T.);
#6868 = VERTEX_POINT('',#6869);
#6869 = CARTESIAN_POINT('',(-0.32,-17.46,0.));
#6870 = LINE('',#6871,#6872);
#6871 = CARTESIAN_POINT('',(-0.32,-16.035,0.));
#6872 = VECTOR('',#6873,1.);
#6873 = DIRECTION('',(0.,1.,0.));
#6874 = ORIENTED_EDGE('',*,*,#6875,.F.);
#6875 = EDGE_CURVE('',#6852,#6868,#6876,.T.);
#6876 = LINE('',#6877,#6878);
#6877 = CARTESIAN_POINT('',(-0.16,-17.46,0.));
#6878 = VECTOR('',#6879,1.);
#6879 = DIRECTION('',(-1.,0.,0.));
#6880 = FACE_BOUND('',#6881,.F.);
#6881 = EDGE_LOOP('',(#6882,#6892,#6900,#6908));
#6882 = ORIENTED_EDGE('',*,*,#6883,.F.);
#6883 = EDGE_CURVE('',#6884,#6886,#6888,.T.);
#6884 = VERTEX_POINT('',#6885);
#6885 = CARTESIAN_POINT('',(0.32,-14.92,0.));
#6886 = VERTEX_POINT('',#6887);
#6887 = CARTESIAN_POINT('',(-0.32,-14.92,0.));
#6888 = LINE('',#6889,#6890);
#6889 = CARTESIAN_POINT('',(-0.16,-14.92,0.));
#6890 = VECTOR('',#6891,1.);
#6891 = DIRECTION('',(-1.,0.,0.));
#6892 = ORIENTED_EDGE('',*,*,#6893,.F.);
#6893 = EDGE_CURVE('',#6894,#6884,#6896,.T.);
#6894 = VERTEX_POINT('',#6895);
#6895 = CARTESIAN_POINT('',(0.32,-15.56,0.));
#6896 = LINE('',#6897,#6898);
#6897 = CARTESIAN_POINT('',(0.32,-14.765,0.));
#6898 = VECTOR('',#6899,1.);
#6899 = DIRECTION('',(0.,1.,0.));
#6900 = ORIENTED_EDGE('',*,*,#6901,.T.);
#6901 = EDGE_CURVE('',#6894,#6902,#6904,.T.);
#6902 = VERTEX_POINT('',#6903);
#6903 = CARTESIAN_POINT('',(-0.32,-15.56,0.));
#6904 = LINE('',#6905,#6906);
#6905 = CARTESIAN_POINT('',(-0.16,-15.56,0.));
#6906 = VECTOR('',#6907,1.);
#6907 = DIRECTION('',(-1.,0.,0.));
#6908 = ORIENTED_EDGE('',*,*,#6909,.T.);
#6909 = EDGE_CURVE('',#6902,#6886,#6910,.T.);
#6910 = LINE('',#6911,#6912);
#6911 = CARTESIAN_POINT('',(-0.32,-14.765,0.));
#6912 = VECTOR('',#6913,1.);
#6913 = DIRECTION('',(0.,1.,0.));
#6914 = FACE_BOUND('',#6915,.F.);
#6915 = EDGE_LOOP('',(#6916,#6926,#6934,#6942));
#6916 = ORIENTED_EDGE('',*,*,#6917,.F.);
#6917 = EDGE_CURVE('',#6918,#6920,#6922,.T.);
#6918 = VERTEX_POINT('',#6919);
#6919 = CARTESIAN_POINT('',(0.32,-0.32,0.));
#6920 = VERTEX_POINT('',#6921);
#6921 = CARTESIAN_POINT('',(0.32,0.32,0.));
#6922 = LINE('',#6923,#6924);
#6923 = CARTESIAN_POINT('',(0.32,-7.145,0.));
#6924 = VECTOR('',#6925,1.);
#6925 = DIRECTION('',(0.,1.,0.));
#6926 = ORIENTED_EDGE('',*,*,#6927,.T.);
#6927 = EDGE_CURVE('',#6918,#6928,#6930,.T.);
#6928 = VERTEX_POINT('',#6929);
#6929 = CARTESIAN_POINT('',(-0.32,-0.32,0.));
#6930 = LINE('',#6931,#6932);
#6931 = CARTESIAN_POINT('',(-0.16,-0.32,0.));
#6932 = VECTOR('',#6933,1.);
#6933 = DIRECTION('',(-1.,0.,0.));
#6934 = ORIENTED_EDGE('',*,*,#6935,.T.);
#6935 = EDGE_CURVE('',#6928,#6936,#6938,.T.);
#6936 = VERTEX_POINT('',#6937);
#6937 = CARTESIAN_POINT('',(-0.32,0.32,0.));
#6938 = LINE('',#6939,#6940);
#6939 = CARTESIAN_POINT('',(-0.32,-7.145,0.));
#6940 = VECTOR('',#6941,1.);
#6941 = DIRECTION('',(0.,1.,0.));
#6942 = ORIENTED_EDGE('',*,*,#6943,.F.);
#6943 = EDGE_CURVE('',#6920,#6936,#6944,.T.);
#6944 = LINE('',#6945,#6946);
#6945 = CARTESIAN_POINT('',(-0.16,0.32,0.));
#6946 = VECTOR('',#6947,1.);
#6947 = DIRECTION('',(-1.,0.,0.));
#6948 = FACE_BOUND('',#6949,.F.);
#6949 = EDGE_LOOP('',(#6950,#6960,#6968,#6976));
#6950 = ORIENTED_EDGE('',*,*,#6951,.F.);
#6951 = EDGE_CURVE('',#6952,#6954,#6956,.T.);
#6952 = VERTEX_POINT('',#6953);
#6953 = CARTESIAN_POINT('',(0.32,-2.86,0.));
#6954 = VERTEX_POINT('',#6955);
#6955 = CARTESIAN_POINT('',(0.32,-2.22,0.));
#6956 = LINE('',#6957,#6958);
#6957 = CARTESIAN_POINT('',(0.32,-8.415,0.));
#6958 = VECTOR('',#6959,1.);
#6959 = DIRECTION('',(0.,1.,0.));
#6960 = ORIENTED_EDGE('',*,*,#6961,.T.);
#6961 = EDGE_CURVE('',#6952,#6962,#6964,.T.);
#6962 = VERTEX_POINT('',#6963);
#6963 = CARTESIAN_POINT('',(-0.32,-2.86,0.));
#6964 = LINE('',#6965,#6966);
#6965 = CARTESIAN_POINT('',(-0.16,-2.86,0.));
#6966 = VECTOR('',#6967,1.);
#6967 = DIRECTION('',(-1.,0.,0.));
#6968 = ORIENTED_EDGE('',*,*,#6969,.T.);
#6969 = EDGE_CURVE('',#6962,#6970,#6972,.T.);
#6970 = VERTEX_POINT('',#6971);
#6971 = CARTESIAN_POINT('',(-0.32,-2.22,0.));
#6972 = LINE('',#6973,#6974);
#6973 = CARTESIAN_POINT('',(-0.32,-8.415,0.));
#6974 = VECTOR('',#6975,1.);
#6975 = DIRECTION('',(0.,1.,0.));
#6976 = ORIENTED_EDGE('',*,*,#6977,.F.);
#6977 = EDGE_CURVE('',#6954,#6970,#6978,.T.);
#6978 = LINE('',#6979,#6980);
#6979 = CARTESIAN_POINT('',(-0.16,-2.22,0.));
#6980 = VECTOR('',#6981,1.);
#6981 = DIRECTION('',(-1.,0.,0.));
#6982 = FACE_BOUND('',#6983,.F.);
#6983 = EDGE_LOOP('',(#6984,#6994,#7002,#7010));
#6984 = ORIENTED_EDGE('',*,*,#6985,.F.);
#6985 = EDGE_CURVE('',#6986,#6988,#6990,.T.);
#6986 = VERTEX_POINT('',#6987);
#6987 = CARTESIAN_POINT('',(0.32,-27.62,0.));
#6988 = VERTEX_POINT('',#6989);
#6989 = CARTESIAN_POINT('',(-0.32,-27.62,0.));
#6990 = LINE('',#6991,#6992);
#6991 = CARTESIAN_POINT('',(-0.16,-27.62,0.));
#6992 = VECTOR('',#6993,1.);
#6993 = DIRECTION('',(-1.,0.,0.));
#6994 = ORIENTED_EDGE('',*,*,#6995,.F.);
#6995 = EDGE_CURVE('',#6996,#6986,#6998,.T.);
#6996 = VERTEX_POINT('',#6997);
#6997 = CARTESIAN_POINT('',(0.32,-28.26,0.));
#6998 = LINE('',#6999,#7000);
#6999 = CARTESIAN_POINT('',(0.32,-21.115,0.));
#7000 = VECTOR('',#7001,1.);
#7001 = DIRECTION('',(0.,1.,0.));
#7002 = ORIENTED_EDGE('',*,*,#7003,.T.);
#7003 = EDGE_CURVE('',#6996,#7004,#7006,.T.);
#7004 = VERTEX_POINT('',#7005);
#7005 = CARTESIAN_POINT('',(-0.32,-28.26,0.));
#7006 = LINE('',#7007,#7008);
#7007 = CARTESIAN_POINT('',(-0.16,-28.26,0.));
#7008 = VECTOR('',#7009,1.);
#7009 = DIRECTION('',(-1.,0.,0.));
#7010 = ORIENTED_EDGE('',*,*,#7011,.T.);
#7011 = EDGE_CURVE('',#7004,#6988,#7012,.T.);
#7012 = LINE('',#7013,#7014);
#7013 = CARTESIAN_POINT('',(-0.32,-21.115,0.));
#7014 = VECTOR('',#7015,1.);
#7015 = DIRECTION('',(0.,1.,0.));
#7016 = FACE_BOUND('',#7017,.F.);
#7017 = EDGE_LOOP('',(#7018,#7028,#7036,#7044));
#7018 = ORIENTED_EDGE('',*,*,#7019,.F.);
#7019 = EDGE_CURVE('',#7020,#7022,#7024,.T.);
#7020 = VERTEX_POINT('',#7021);
#7021 = CARTESIAN_POINT('',(0.32,-23.18,0.));
#7022 = VERTEX_POINT('',#7023);
#7023 = CARTESIAN_POINT('',(0.32,-22.54,0.));
#7024 = LINE('',#7025,#7026);
#7025 = CARTESIAN_POINT('',(0.32,-18.575,0.));
#7026 = VECTOR('',#7027,1.);
#7027 = DIRECTION('',(0.,1.,0.));
#7028 = ORIENTED_EDGE('',*,*,#7029,.T.);
#7029 = EDGE_CURVE('',#7020,#7030,#7032,.T.);
#7030 = VERTEX_POINT('',#7031);
#7031 = CARTESIAN_POINT('',(-0.32,-23.18,0.));
#7032 = LINE('',#7033,#7034);
#7033 = CARTESIAN_POINT('',(-0.16,-23.18,0.));
#7034 = VECTOR('',#7035,1.);
#7035 = DIRECTION('',(-1.,0.,0.));
#7036 = ORIENTED_EDGE('',*,*,#7037,.T.);
#7037 = EDGE_CURVE('',#7030,#7038,#7040,.T.);
#7038 = VERTEX_POINT('',#7039);
#7039 = CARTESIAN_POINT('',(-0.32,-22.54,0.));
#7040 = LINE('',#7041,#7042);
#7041 = CARTESIAN_POINT('',(-0.32,-18.575,0.));
#7042 = VECTOR('',#7043,1.);
#7043 = DIRECTION('',(0.,1.,0.));
#7044 = ORIENTED_EDGE('',*,*,#7045,.F.);
#7045 = EDGE_CURVE('',#7022,#7038,#7046,.T.);
#7046 = LINE('',#7047,#7048);
#7047 = CARTESIAN_POINT('',(-0.16,-22.54,0.));
#7048 = VECTOR('',#7049,1.);
#7049 = DIRECTION('',(-1.,0.,0.));
#7050 = FACE_BOUND('',#7051,.F.);
#7051 = EDGE_LOOP('',(#7052,#7062,#7070,#7078));
#7052 = ORIENTED_EDGE('',*,*,#7053,.F.);
#7053 = EDGE_CURVE('',#7054,#7056,#7058,.T.);
#7054 = VERTEX_POINT('',#7055);
#7055 = CARTESIAN_POINT('',(0.32,-25.72,0.));
#7056 = VERTEX_POINT('',#7057);
#7057 = CARTESIAN_POINT('',(0.32,-25.08,0.));
#7058 = LINE('',#7059,#7060);
#7059 = CARTESIAN_POINT('',(0.32,-19.845,0.));
#7060 = VECTOR('',#7061,1.);
#7061 = DIRECTION('',(0.,1.,0.));
#7062 = ORIENTED_EDGE('',*,*,#7063,.T.);
#7063 = EDGE_CURVE('',#7054,#7064,#7066,.T.);
#7064 = VERTEX_POINT('',#7065);
#7065 = CARTESIAN_POINT('',(-0.32,-25.72,0.));
#7066 = LINE('',#7067,#7068);
#7067 = CARTESIAN_POINT('',(-0.16,-25.72,0.));
#7068 = VECTOR('',#7069,1.);
#7069 = DIRECTION('',(-1.,0.,0.));
#7070 = ORIENTED_EDGE('',*,*,#7071,.T.);
#7071 = EDGE_CURVE('',#7064,#7072,#7074,.T.);
#7072 = VERTEX_POINT('',#7073);
#7073 = CARTESIAN_POINT('',(-0.32,-25.08,0.));
#7074 = LINE('',#7075,#7076);
#7075 = CARTESIAN_POINT('',(-0.32,-19.845,0.));
#7076 = VECTOR('',#7077,1.);
#7077 = DIRECTION('',(0.,1.,0.));
#7078 = ORIENTED_EDGE('',*,*,#7079,.F.);
#7079 = EDGE_CURVE('',#7056,#7072,#7080,.T.);
#7080 = LINE('',#7081,#7082);
#7081 = CARTESIAN_POINT('',(-0.16,-25.08,0.));
#7082 = VECTOR('',#7083,1.);
#7083 = DIRECTION('',(-1.,0.,0.));
#7084 = PLANE('',#7085);
#7085 = AXIS2_PLACEMENT_3D('',#7086,#7087,#7088);
#7086 = CARTESIAN_POINT('',(-9.506135550473E-18,-13.97,0.));
#7087 = DIRECTION('',(0.,0.,1.));
#7088 = DIRECTION('',(1.,0.,-0.));
#7089 = ADVANCED_FACE('',(#7090,#7661,#7695,#7729,#7763,#7797,#7831,
    #7865,#7899,#7933,#7967,#8001,#8035),#8069,.T.);
#7090 = FACE_BOUND('',#7091,.T.);
#7091 = EDGE_LOOP('',(#7092,#7093,#7094,#7102,#7110,#7118,#7126,#7134,
    #7142,#7150,#7158,#7166,#7174,#7182,#7190,#7198,#7206,#7214,#7222,
    #7230,#7238,#7246,#7254,#7262,#7270,#7278,#7286,#7294,#7302,#7310,
    #7318,#7326,#7334,#7342,#7350,#7358,#7366,#7374,#7382,#7390,#7398,
    #7406,#7414,#7422,#7430,#7438,#7446,#7454,#7462,#7470,#7478,#7486,
    #7494,#7502,#7510,#7518,#7526,#7534,#7542,#7550,#7558,#7566,#7574,
    #7582,#7590,#7598,#7606,#7614,#7622,#7630,#7638,#7646,#7654,#7660));
#7092 = ORIENTED_EDGE('',*,*,#6016,.T.);
#7093 = ORIENTED_EDGE('',*,*,#6078,.T.);
#7094 = ORIENTED_EDGE('',*,*,#7095,.T.);
#7095 = EDGE_CURVE('',#6079,#7096,#7098,.T.);
#7096 = VERTEX_POINT('',#7097);
#7097 = CARTESIAN_POINT('',(-1.016,-1.27,2.54));
#7098 = LINE('',#7099,#7100);
#7099 = CARTESIAN_POINT('',(-1.27,-1.016,2.54));
#7100 = VECTOR('',#7101,1.);
#7101 = DIRECTION('',(0.707106781187,-0.707106781187,0.));
#7102 = ORIENTED_EDGE('',*,*,#7103,.T.);
#7103 = EDGE_CURVE('',#7096,#7104,#7106,.T.);
#7104 = VERTEX_POINT('',#7105);
#7105 = CARTESIAN_POINT('',(-1.27,-1.524,2.54));
#7106 = LINE('',#7107,#7108);
#7107 = CARTESIAN_POINT('',(-1.016,-1.27,2.54));
#7108 = VECTOR('',#7109,1.);
#7109 = DIRECTION('',(-0.707106781187,-0.707106781187,0.));
#7110 = ORIENTED_EDGE('',*,*,#7111,.T.);
#7111 = EDGE_CURVE('',#7104,#7112,#7114,.T.);
#7112 = VERTEX_POINT('',#7113);
#7113 = CARTESIAN_POINT('',(-1.27,-3.556,2.54));
#7114 = LINE('',#7115,#7116);
#7115 = CARTESIAN_POINT('',(-1.27,-1.524,2.54));
#7116 = VECTOR('',#7117,1.);
#7117 = DIRECTION('',(0.,-1.,0.));
#7118 = ORIENTED_EDGE('',*,*,#7119,.T.);
#7119 = EDGE_CURVE('',#7112,#7120,#7122,.T.);
#7120 = VERTEX_POINT('',#7121);
#7121 = CARTESIAN_POINT('',(-1.016,-3.81,2.54));
#7122 = LINE('',#7123,#7124);
#7123 = CARTESIAN_POINT('',(-1.27,-3.556,2.54));
#7124 = VECTOR('',#7125,1.);
#7125 = DIRECTION('',(0.707106781187,-0.707106781187,0.));
#7126 = ORIENTED_EDGE('',*,*,#7127,.T.);
#7127 = EDGE_CURVE('',#7120,#7128,#7130,.T.);
#7128 = VERTEX_POINT('',#7129);
#7129 = CARTESIAN_POINT('',(-1.27,-4.064,2.54));
#7130 = LINE('',#7131,#7132);
#7131 = CARTESIAN_POINT('',(-1.016,-3.81,2.54));
#7132 = VECTOR('',#7133,1.);
#7133 = DIRECTION('',(-0.707106781187,-0.707106781187,0.));
#7134 = ORIENTED_EDGE('',*,*,#7135,.T.);
#7135 = EDGE_CURVE('',#7128,#7136,#7138,.T.);
#7136 = VERTEX_POINT('',#7137);
#7137 = CARTESIAN_POINT('',(-1.27,-6.096,2.54));
#7138 = LINE('',#7139,#7140);
#7139 = CARTESIAN_POINT('',(-1.27,-4.064,2.54));
#7140 = VECTOR('',#7141,1.);
#7141 = DIRECTION('',(0.,-1.,0.));
#7142 = ORIENTED_EDGE('',*,*,#7143,.T.);
#7143 = EDGE_CURVE('',#7136,#7144,#7146,.T.);
#7144 = VERTEX_POINT('',#7145);
#7145 = CARTESIAN_POINT('',(-1.016,-6.35,2.54));
#7146 = LINE('',#7147,#7148);
#7147 = CARTESIAN_POINT('',(-1.27,-6.096,2.54));
#7148 = VECTOR('',#7149,1.);
#7149 = DIRECTION('',(0.707106781187,-0.707106781187,0.));
#7150 = ORIENTED_EDGE('',*,*,#7151,.T.);
#7151 = EDGE_CURVE('',#7144,#7152,#7154,.T.);
#7152 = VERTEX_POINT('',#7153);
#7153 = CARTESIAN_POINT('',(-1.27,-6.604,2.54));
#7154 = LINE('',#7155,#7156);
#7155 = CARTESIAN_POINT('',(-1.016,-6.35,2.54));
#7156 = VECTOR('',#7157,1.);
#7157 = DIRECTION('',(-0.707106781187,-0.707106781187,0.));
#7158 = ORIENTED_EDGE('',*,*,#7159,.T.);
#7159 = EDGE_CURVE('',#7152,#7160,#7162,.T.);
#7160 = VERTEX_POINT('',#7161);
#7161 = CARTESIAN_POINT('',(-1.27,-8.636,2.54));
#7162 = LINE('',#7163,#7164);
#7163 = CARTESIAN_POINT('',(-1.27,-6.604,2.54));
#7164 = VECTOR('',#7165,1.);
#7165 = DIRECTION('',(0.,-1.,0.));
#7166 = ORIENTED_EDGE('',*,*,#7167,.T.);
#7167 = EDGE_CURVE('',#7160,#7168,#7170,.T.);
#7168 = VERTEX_POINT('',#7169);
#7169 = CARTESIAN_POINT('',(-1.016,-8.89,2.54));
#7170 = LINE('',#7171,#7172);
#7171 = CARTESIAN_POINT('',(-1.27,-8.636,2.54));
#7172 = VECTOR('',#7173,1.);
#7173 = DIRECTION('',(0.707106781187,-0.707106781187,0.));
#7174 = ORIENTED_EDGE('',*,*,#7175,.T.);
#7175 = EDGE_CURVE('',#7168,#7176,#7178,.T.);
#7176 = VERTEX_POINT('',#7177);
#7177 = CARTESIAN_POINT('',(-1.27,-9.144,2.54));
#7178 = LINE('',#7179,#7180);
#7179 = CARTESIAN_POINT('',(-1.016,-8.89,2.54));
#7180 = VECTOR('',#7181,1.);
#7181 = DIRECTION('',(-0.707106781187,-0.707106781187,0.));
#7182 = ORIENTED_EDGE('',*,*,#7183,.T.);
#7183 = EDGE_CURVE('',#7176,#7184,#7186,.T.);
#7184 = VERTEX_POINT('',#7185);
#7185 = CARTESIAN_POINT('',(-1.27,-11.176,2.54));
#7186 = LINE('',#7187,#7188);
#7187 = CARTESIAN_POINT('',(-1.27,-9.144,2.54));
#7188 = VECTOR('',#7189,1.);
#7189 = DIRECTION('',(0.,-1.,0.));
#7190 = ORIENTED_EDGE('',*,*,#7191,.T.);
#7191 = EDGE_CURVE('',#7184,#7192,#7194,.T.);
#7192 = VERTEX_POINT('',#7193);
#7193 = CARTESIAN_POINT('',(-1.016,-11.43,2.54));
#7194 = LINE('',#7195,#7196);
#7195 = CARTESIAN_POINT('',(-1.27,-11.176,2.54));
#7196 = VECTOR('',#7197,1.);
#7197 = DIRECTION('',(0.707106781187,-0.707106781187,0.));
#7198 = ORIENTED_EDGE('',*,*,#7199,.T.);
#7199 = EDGE_CURVE('',#7192,#7200,#7202,.T.);
#7200 = VERTEX_POINT('',#7201);
#7201 = CARTESIAN_POINT('',(-1.27,-11.684,2.54));
#7202 = LINE('',#7203,#7204);
#7203 = CARTESIAN_POINT('',(-1.016,-11.43,2.54));
#7204 = VECTOR('',#7205,1.);
#7205 = DIRECTION('',(-0.707106781187,-0.707106781187,0.));
#7206 = ORIENTED_EDGE('',*,*,#7207,.T.);
#7207 = EDGE_CURVE('',#7200,#7208,#7210,.T.);
#7208 = VERTEX_POINT('',#7209);
#7209 = CARTESIAN_POINT('',(-1.27,-13.716,2.54));
#7210 = LINE('',#7211,#7212);
#7211 = CARTESIAN_POINT('',(-1.27,-11.684,2.54));
#7212 = VECTOR('',#7213,1.);
#7213 = DIRECTION('',(0.,-1.,0.));
#7214 = ORIENTED_EDGE('',*,*,#7215,.T.);
#7215 = EDGE_CURVE('',#7208,#7216,#7218,.T.);
#7216 = VERTEX_POINT('',#7217);
#7217 = CARTESIAN_POINT('',(-1.016,-13.97,2.54));
#7218 = LINE('',#7219,#7220);
#7219 = CARTESIAN_POINT('',(-1.27,-13.716,2.54));
#7220 = VECTOR('',#7221,1.);
#7221 = DIRECTION('',(0.707106781187,-0.707106781187,0.));
#7222 = ORIENTED_EDGE('',*,*,#7223,.T.);
#7223 = EDGE_CURVE('',#7216,#7224,#7226,.T.);
#7224 = VERTEX_POINT('',#7225);
#7225 = CARTESIAN_POINT('',(-1.27,-14.224,2.54));
#7226 = LINE('',#7227,#7228);
#7227 = CARTESIAN_POINT('',(-1.016,-13.97,2.54));
#7228 = VECTOR('',#7229,1.);
#7229 = DIRECTION('',(-0.707106781187,-0.707106781187,0.));
#7230 = ORIENTED_EDGE('',*,*,#7231,.T.);
#7231 = EDGE_CURVE('',#7224,#7232,#7234,.T.);
#7232 = VERTEX_POINT('',#7233);
#7233 = CARTESIAN_POINT('',(-1.27,-16.256,2.54));
#7234 = LINE('',#7235,#7236);
#7235 = CARTESIAN_POINT('',(-1.27,-14.224,2.54));
#7236 = VECTOR('',#7237,1.);
#7237 = DIRECTION('',(0.,-1.,0.));
#7238 = ORIENTED_EDGE('',*,*,#7239,.T.);
#7239 = EDGE_CURVE('',#7232,#7240,#7242,.T.);
#7240 = VERTEX_POINT('',#7241);
#7241 = CARTESIAN_POINT('',(-1.016,-16.51,2.54));
#7242 = LINE('',#7243,#7244);
#7243 = CARTESIAN_POINT('',(-1.27,-16.256,2.54));
#7244 = VECTOR('',#7245,1.);
#7245 = DIRECTION('',(0.707106781187,-0.707106781187,0.));
#7246 = ORIENTED_EDGE('',*,*,#7247,.T.);
#7247 = EDGE_CURVE('',#7240,#7248,#7250,.T.);
#7248 = VERTEX_POINT('',#7249);
#7249 = CARTESIAN_POINT('',(-1.27,-16.764,2.54));
#7250 = LINE('',#7251,#7252);
#7251 = CARTESIAN_POINT('',(-1.016,-16.51,2.54));
#7252 = VECTOR('',#7253,1.);
#7253 = DIRECTION('',(-0.707106781187,-0.707106781187,0.));
#7254 = ORIENTED_EDGE('',*,*,#7255,.T.);
#7255 = EDGE_CURVE('',#7248,#7256,#7258,.T.);
#7256 = VERTEX_POINT('',#7257);
#7257 = CARTESIAN_POINT('',(-1.27,-18.796,2.54));
#7258 = LINE('',#7259,#7260);
#7259 = CARTESIAN_POINT('',(-1.27,-16.764,2.54));
#7260 = VECTOR('',#7261,1.);
#7261 = DIRECTION('',(0.,-1.,0.));
#7262 = ORIENTED_EDGE('',*,*,#7263,.T.);
#7263 = EDGE_CURVE('',#7256,#7264,#7266,.T.);
#7264 = VERTEX_POINT('',#7265);
#7265 = CARTESIAN_POINT('',(-1.016,-19.05,2.54));
#7266 = LINE('',#7267,#7268);
#7267 = CARTESIAN_POINT('',(-1.27,-18.796,2.54));
#7268 = VECTOR('',#7269,1.);
#7269 = DIRECTION('',(0.707106781187,-0.707106781187,0.));
#7270 = ORIENTED_EDGE('',*,*,#7271,.T.);
#7271 = EDGE_CURVE('',#7264,#7272,#7274,.T.);
#7272 = VERTEX_POINT('',#7273);
#7273 = CARTESIAN_POINT('',(-1.27,-19.304,2.54));
#7274 = LINE('',#7275,#7276);
#7275 = CARTESIAN_POINT('',(-1.016,-19.05,2.54));
#7276 = VECTOR('',#7277,1.);
#7277 = DIRECTION('',(-0.707106781187,-0.707106781187,0.));
#7278 = ORIENTED_EDGE('',*,*,#7279,.T.);
#7279 = EDGE_CURVE('',#7272,#7280,#7282,.T.);
#7280 = VERTEX_POINT('',#7281);
#7281 = CARTESIAN_POINT('',(-1.27,-21.336,2.54));
#7282 = LINE('',#7283,#7284);
#7283 = CARTESIAN_POINT('',(-1.27,-19.304,2.54));
#7284 = VECTOR('',#7285,1.);
#7285 = DIRECTION('',(0.,-1.,0.));
#7286 = ORIENTED_EDGE('',*,*,#7287,.T.);
#7287 = EDGE_CURVE('',#7280,#7288,#7290,.T.);
#7288 = VERTEX_POINT('',#7289);
#7289 = CARTESIAN_POINT('',(-1.016,-21.59,2.54));
#7290 = LINE('',#7291,#7292);
#7291 = CARTESIAN_POINT('',(-1.27,-21.336,2.54));
#7292 = VECTOR('',#7293,1.);
#7293 = DIRECTION('',(0.707106781187,-0.707106781187,0.));
#7294 = ORIENTED_EDGE('',*,*,#7295,.T.);
#7295 = EDGE_CURVE('',#7288,#7296,#7298,.T.);
#7296 = VERTEX_POINT('',#7297);
#7297 = CARTESIAN_POINT('',(-1.27,-21.844,2.54));
#7298 = LINE('',#7299,#7300);
#7299 = CARTESIAN_POINT('',(-1.016,-21.59,2.54));
#7300 = VECTOR('',#7301,1.);
#7301 = DIRECTION('',(-0.707106781187,-0.707106781187,0.));
#7302 = ORIENTED_EDGE('',*,*,#7303,.T.);
#7303 = EDGE_CURVE('',#7296,#7304,#7306,.T.);
#7304 = VERTEX_POINT('',#7305);
#7305 = CARTESIAN_POINT('',(-1.27,-23.876,2.54));
#7306 = LINE('',#7307,#7308);
#7307 = CARTESIAN_POINT('',(-1.27,-21.844,2.54));
#7308 = VECTOR('',#7309,1.);
#7309 = DIRECTION('',(0.,-1.,0.));
#7310 = ORIENTED_EDGE('',*,*,#7311,.T.);
#7311 = EDGE_CURVE('',#7304,#7312,#7314,.T.);
#7312 = VERTEX_POINT('',#7313);
#7313 = CARTESIAN_POINT('',(-1.016,-24.13,2.54));
#7314 = LINE('',#7315,#7316);
#7315 = CARTESIAN_POINT('',(-1.27,-23.876,2.54));
#7316 = VECTOR('',#7317,1.);
#7317 = DIRECTION('',(0.707106781187,-0.707106781187,0.));
#7318 = ORIENTED_EDGE('',*,*,#7319,.T.);
#7319 = EDGE_CURVE('',#7312,#7320,#7322,.T.);
#7320 = VERTEX_POINT('',#7321);
#7321 = CARTESIAN_POINT('',(-1.27,-24.384,2.54));
#7322 = LINE('',#7323,#7324);
#7323 = CARTESIAN_POINT('',(-1.016,-24.13,2.54));
#7324 = VECTOR('',#7325,1.);
#7325 = DIRECTION('',(-0.707106781187,-0.707106781187,0.));
#7326 = ORIENTED_EDGE('',*,*,#7327,.T.);
#7327 = EDGE_CURVE('',#7320,#7328,#7330,.T.);
#7328 = VERTEX_POINT('',#7329);
#7329 = CARTESIAN_POINT('',(-1.27,-26.416,2.54));
#7330 = LINE('',#7331,#7332);
#7331 = CARTESIAN_POINT('',(-1.27,-24.384,2.54));
#7332 = VECTOR('',#7333,1.);
#7333 = DIRECTION('',(0.,-1.,0.));
#7334 = ORIENTED_EDGE('',*,*,#7335,.T.);
#7335 = EDGE_CURVE('',#7328,#7336,#7338,.T.);
#7336 = VERTEX_POINT('',#7337);
#7337 = CARTESIAN_POINT('',(-1.016,-26.67,2.54));
#7338 = LINE('',#7339,#7340);
#7339 = CARTESIAN_POINT('',(-1.27,-26.416,2.54));
#7340 = VECTOR('',#7341,1.);
#7341 = DIRECTION('',(0.707106781187,-0.707106781187,0.));
#7342 = ORIENTED_EDGE('',*,*,#7343,.T.);
#7343 = EDGE_CURVE('',#7336,#7344,#7346,.T.);
#7344 = VERTEX_POINT('',#7345);
#7345 = CARTESIAN_POINT('',(-1.27,-26.924,2.54));
#7346 = LINE('',#7347,#7348);
#7347 = CARTESIAN_POINT('',(-1.016,-26.67,2.54));
#7348 = VECTOR('',#7349,1.);
#7349 = DIRECTION('',(-0.707106781187,-0.707106781187,0.));
#7350 = ORIENTED_EDGE('',*,*,#7351,.T.);
#7351 = EDGE_CURVE('',#7344,#7352,#7354,.T.);
#7352 = VERTEX_POINT('',#7353);
#7353 = CARTESIAN_POINT('',(-1.27,-28.956,2.54));
#7354 = LINE('',#7355,#7356);
#7355 = CARTESIAN_POINT('',(-1.27,-26.924,2.54));
#7356 = VECTOR('',#7357,1.);
#7357 = DIRECTION('',(0.,-1.,0.));
#7358 = ORIENTED_EDGE('',*,*,#7359,.T.);
#7359 = EDGE_CURVE('',#7352,#7360,#7362,.T.);
#7360 = VERTEX_POINT('',#7361);
#7361 = CARTESIAN_POINT('',(-1.016,-29.21,2.54));
#7362 = LINE('',#7363,#7364);
#7363 = CARTESIAN_POINT('',(-1.27,-28.956,2.54));
#7364 = VECTOR('',#7365,1.);
#7365 = DIRECTION('',(0.707106781187,-0.707106781187,0.));
#7366 = ORIENTED_EDGE('',*,*,#7367,.T.);
#7367 = EDGE_CURVE('',#7360,#7368,#7370,.T.);
#7368 = VERTEX_POINT('',#7369);
#7369 = CARTESIAN_POINT('',(1.016,-29.21,2.54));
#7370 = LINE('',#7371,#7372);
#7371 = CARTESIAN_POINT('',(-1.016,-29.21,2.54));
#7372 = VECTOR('',#7373,1.);
#7373 = DIRECTION('',(1.,0.,0.));
#7374 = ORIENTED_EDGE('',*,*,#7375,.T.);
#7375 = EDGE_CURVE('',#7368,#7376,#7378,.T.);
#7376 = VERTEX_POINT('',#7377);
#7377 = CARTESIAN_POINT('',(1.27,-28.956,2.54));
#7378 = LINE('',#7379,#7380);
#7379 = CARTESIAN_POINT('',(1.016,-29.21,2.54));
#7380 = VECTOR('',#7381,1.);
#7381 = DIRECTION('',(0.707106781187,0.707106781187,0.));
#7382 = ORIENTED_EDGE('',*,*,#7383,.T.);
#7383 = EDGE_CURVE('',#7376,#7384,#7386,.T.);
#7384 = VERTEX_POINT('',#7385);
#7385 = CARTESIAN_POINT('',(1.27,-26.924,2.54));
#7386 = LINE('',#7387,#7388);
#7387 = CARTESIAN_POINT('',(1.27,-28.956,2.54));
#7388 = VECTOR('',#7389,1.);
#7389 = DIRECTION('',(0.,1.,0.));
#7390 = ORIENTED_EDGE('',*,*,#7391,.T.);
#7391 = EDGE_CURVE('',#7384,#7392,#7394,.T.);
#7392 = VERTEX_POINT('',#7393);
#7393 = CARTESIAN_POINT('',(1.016,-26.67,2.54));
#7394 = LINE('',#7395,#7396);
#7395 = CARTESIAN_POINT('',(1.27,-26.924,2.54));
#7396 = VECTOR('',#7397,1.);
#7397 = DIRECTION('',(-0.707106781187,0.707106781187,0.));
#7398 = ORIENTED_EDGE('',*,*,#7399,.T.);
#7399 = EDGE_CURVE('',#7392,#7400,#7402,.T.);
#7400 = VERTEX_POINT('',#7401);
#7401 = CARTESIAN_POINT('',(1.27,-26.416,2.54));
#7402 = LINE('',#7403,#7404);
#7403 = CARTESIAN_POINT('',(1.016,-26.67,2.54));
#7404 = VECTOR('',#7405,1.);
#7405 = DIRECTION('',(0.707106781187,0.707106781187,0.));
#7406 = ORIENTED_EDGE('',*,*,#7407,.T.);
#7407 = EDGE_CURVE('',#7400,#7408,#7410,.T.);
#7408 = VERTEX_POINT('',#7409);
#7409 = CARTESIAN_POINT('',(1.27,-24.384,2.54));
#7410 = LINE('',#7411,#7412);
#7411 = CARTESIAN_POINT('',(1.27,-26.416,2.54));
#7412 = VECTOR('',#7413,1.);
#7413 = DIRECTION('',(0.,1.,0.));
#7414 = ORIENTED_EDGE('',*,*,#7415,.T.);
#7415 = EDGE_CURVE('',#7408,#7416,#7418,.T.);
#7416 = VERTEX_POINT('',#7417);
#7417 = CARTESIAN_POINT('',(1.016,-24.13,2.54));
#7418 = LINE('',#7419,#7420);
#7419 = CARTESIAN_POINT('',(1.27,-24.384,2.54));
#7420 = VECTOR('',#7421,1.);
#7421 = DIRECTION('',(-0.707106781187,0.707106781187,0.));
#7422 = ORIENTED_EDGE('',*,*,#7423,.T.);
#7423 = EDGE_CURVE('',#7416,#7424,#7426,.T.);
#7424 = VERTEX_POINT('',#7425);
#7425 = CARTESIAN_POINT('',(1.27,-23.876,2.54));
#7426 = LINE('',#7427,#7428);
#7427 = CARTESIAN_POINT('',(1.016,-24.13,2.54));
#7428 = VECTOR('',#7429,1.);
#7429 = DIRECTION('',(0.707106781187,0.707106781187,0.));
#7430 = ORIENTED_EDGE('',*,*,#7431,.T.);
#7431 = EDGE_CURVE('',#7424,#7432,#7434,.T.);
#7432 = VERTEX_POINT('',#7433);
#7433 = CARTESIAN_POINT('',(1.27,-21.844,2.54));
#7434 = LINE('',#7435,#7436);
#7435 = CARTESIAN_POINT('',(1.27,-23.876,2.54));
#7436 = VECTOR('',#7437,1.);
#7437 = DIRECTION('',(0.,1.,0.));
#7438 = ORIENTED_EDGE('',*,*,#7439,.T.);
#7439 = EDGE_CURVE('',#7432,#7440,#7442,.T.);
#7440 = VERTEX_POINT('',#7441);
#7441 = CARTESIAN_POINT('',(1.016,-21.59,2.54));
#7442 = LINE('',#7443,#7444);
#7443 = CARTESIAN_POINT('',(1.27,-21.844,2.54));
#7444 = VECTOR('',#7445,1.);
#7445 = DIRECTION('',(-0.707106781187,0.707106781187,0.));
#7446 = ORIENTED_EDGE('',*,*,#7447,.T.);
#7447 = EDGE_CURVE('',#7440,#7448,#7450,.T.);
#7448 = VERTEX_POINT('',#7449);
#7449 = CARTESIAN_POINT('',(1.27,-21.336,2.54));
#7450 = LINE('',#7451,#7452);
#7451 = CARTESIAN_POINT('',(1.016,-21.59,2.54));
#7452 = VECTOR('',#7453,1.);
#7453 = DIRECTION('',(0.707106781187,0.707106781187,0.));
#7454 = ORIENTED_EDGE('',*,*,#7455,.T.);
#7455 = EDGE_CURVE('',#7448,#7456,#7458,.T.);
#7456 = VERTEX_POINT('',#7457);
#7457 = CARTESIAN_POINT('',(1.27,-19.304,2.54));
#7458 = LINE('',#7459,#7460);
#7459 = CARTESIAN_POINT('',(1.27,-21.336,2.54));
#7460 = VECTOR('',#7461,1.);
#7461 = DIRECTION('',(0.,1.,0.));
#7462 = ORIENTED_EDGE('',*,*,#7463,.T.);
#7463 = EDGE_CURVE('',#7456,#7464,#7466,.T.);
#7464 = VERTEX_POINT('',#7465);
#7465 = CARTESIAN_POINT('',(1.016,-19.05,2.54));
#7466 = LINE('',#7467,#7468);
#7467 = CARTESIAN_POINT('',(1.27,-19.304,2.54));
#7468 = VECTOR('',#7469,1.);
#7469 = DIRECTION('',(-0.707106781187,0.707106781187,0.));
#7470 = ORIENTED_EDGE('',*,*,#7471,.T.);
#7471 = EDGE_CURVE('',#7464,#7472,#7474,.T.);
#7472 = VERTEX_POINT('',#7473);
#7473 = CARTESIAN_POINT('',(1.27,-18.796,2.54));
#7474 = LINE('',#7475,#7476);
#7475 = CARTESIAN_POINT('',(1.016,-19.05,2.54));
#7476 = VECTOR('',#7477,1.);
#7477 = DIRECTION('',(0.707106781187,0.707106781187,0.));
#7478 = ORIENTED_EDGE('',*,*,#7479,.T.);
#7479 = EDGE_CURVE('',#7472,#7480,#7482,.T.);
#7480 = VERTEX_POINT('',#7481);
#7481 = CARTESIAN_POINT('',(1.27,-16.764,2.54));
#7482 = LINE('',#7483,#7484);
#7483 = CARTESIAN_POINT('',(1.27,-18.796,2.54));
#7484 = VECTOR('',#7485,1.);
#7485 = DIRECTION('',(0.,1.,0.));
#7486 = ORIENTED_EDGE('',*,*,#7487,.T.);
#7487 = EDGE_CURVE('',#7480,#7488,#7490,.T.);
#7488 = VERTEX_POINT('',#7489);
#7489 = CARTESIAN_POINT('',(1.016,-16.51,2.54));
#7490 = LINE('',#7491,#7492);
#7491 = CARTESIAN_POINT('',(1.27,-16.764,2.54));
#7492 = VECTOR('',#7493,1.);
#7493 = DIRECTION('',(-0.707106781187,0.707106781187,0.));
#7494 = ORIENTED_EDGE('',*,*,#7495,.T.);
#7495 = EDGE_CURVE('',#7488,#7496,#7498,.T.);
#7496 = VERTEX_POINT('',#7497);
#7497 = CARTESIAN_POINT('',(1.27,-16.256,2.54));
#7498 = LINE('',#7499,#7500);
#7499 = CARTESIAN_POINT('',(1.016,-16.51,2.54));
#7500 = VECTOR('',#7501,1.);
#7501 = DIRECTION('',(0.707106781187,0.707106781187,0.));
#7502 = ORIENTED_EDGE('',*,*,#7503,.T.);
#7503 = EDGE_CURVE('',#7496,#7504,#7506,.T.);
#7504 = VERTEX_POINT('',#7505);
#7505 = CARTESIAN_POINT('',(1.27,-14.224,2.54));
#7506 = LINE('',#7507,#7508);
#7507 = CARTESIAN_POINT('',(1.27,-16.256,2.54));
#7508 = VECTOR('',#7509,1.);
#7509 = DIRECTION('',(0.,1.,0.));
#7510 = ORIENTED_EDGE('',*,*,#7511,.T.);
#7511 = EDGE_CURVE('',#7504,#7512,#7514,.T.);
#7512 = VERTEX_POINT('',#7513);
#7513 = CARTESIAN_POINT('',(1.016,-13.97,2.54));
#7514 = LINE('',#7515,#7516);
#7515 = CARTESIAN_POINT('',(1.27,-14.224,2.54));
#7516 = VECTOR('',#7517,1.);
#7517 = DIRECTION('',(-0.707106781187,0.707106781187,0.));
#7518 = ORIENTED_EDGE('',*,*,#7519,.T.);
#7519 = EDGE_CURVE('',#7512,#7520,#7522,.T.);
#7520 = VERTEX_POINT('',#7521);
#7521 = CARTESIAN_POINT('',(1.27,-13.716,2.54));
#7522 = LINE('',#7523,#7524);
#7523 = CARTESIAN_POINT('',(1.016,-13.97,2.54));
#7524 = VECTOR('',#7525,1.);
#7525 = DIRECTION('',(0.707106781187,0.707106781187,0.));
#7526 = ORIENTED_EDGE('',*,*,#7527,.T.);
#7527 = EDGE_CURVE('',#7520,#7528,#7530,.T.);
#7528 = VERTEX_POINT('',#7529);
#7529 = CARTESIAN_POINT('',(1.27,-11.684,2.54));
#7530 = LINE('',#7531,#7532);
#7531 = CARTESIAN_POINT('',(1.27,-13.716,2.54));
#7532 = VECTOR('',#7533,1.);
#7533 = DIRECTION('',(0.,1.,0.));
#7534 = ORIENTED_EDGE('',*,*,#7535,.T.);
#7535 = EDGE_CURVE('',#7528,#7536,#7538,.T.);
#7536 = VERTEX_POINT('',#7537);
#7537 = CARTESIAN_POINT('',(1.016,-11.43,2.54));
#7538 = LINE('',#7539,#7540);
#7539 = CARTESIAN_POINT('',(1.27,-11.684,2.54));
#7540 = VECTOR('',#7541,1.);
#7541 = DIRECTION('',(-0.707106781187,0.707106781187,0.));
#7542 = ORIENTED_EDGE('',*,*,#7543,.T.);
#7543 = EDGE_CURVE('',#7536,#7544,#7546,.T.);
#7544 = VERTEX_POINT('',#7545);
#7545 = CARTESIAN_POINT('',(1.27,-11.176,2.54));
#7546 = LINE('',#7547,#7548);
#7547 = CARTESIAN_POINT('',(1.016,-11.43,2.54));
#7548 = VECTOR('',#7549,1.);
#7549 = DIRECTION('',(0.707106781187,0.707106781187,0.));
#7550 = ORIENTED_EDGE('',*,*,#7551,.T.);
#7551 = EDGE_CURVE('',#7544,#7552,#7554,.T.);
#7552 = VERTEX_POINT('',#7553);
#7553 = CARTESIAN_POINT('',(1.27,-9.144,2.54));
#7554 = LINE('',#7555,#7556);
#7555 = CARTESIAN_POINT('',(1.27,-11.176,2.54));
#7556 = VECTOR('',#7557,1.);
#7557 = DIRECTION('',(0.,1.,0.));
#7558 = ORIENTED_EDGE('',*,*,#7559,.T.);
#7559 = EDGE_CURVE('',#7552,#7560,#7562,.T.);
#7560 = VERTEX_POINT('',#7561);
#7561 = CARTESIAN_POINT('',(1.016,-8.89,2.54));
#7562 = LINE('',#7563,#7564);
#7563 = CARTESIAN_POINT('',(1.27,-9.144,2.54));
#7564 = VECTOR('',#7565,1.);
#7565 = DIRECTION('',(-0.707106781187,0.707106781187,0.));
#7566 = ORIENTED_EDGE('',*,*,#7567,.T.);
#7567 = EDGE_CURVE('',#7560,#7568,#7570,.T.);
#7568 = VERTEX_POINT('',#7569);
#7569 = CARTESIAN_POINT('',(1.27,-8.636,2.54));
#7570 = LINE('',#7571,#7572);
#7571 = CARTESIAN_POINT('',(1.016,-8.89,2.54));
#7572 = VECTOR('',#7573,1.);
#7573 = DIRECTION('',(0.707106781187,0.707106781187,0.));
#7574 = ORIENTED_EDGE('',*,*,#7575,.T.);
#7575 = EDGE_CURVE('',#7568,#7576,#7578,.T.);
#7576 = VERTEX_POINT('',#7577);
#7577 = CARTESIAN_POINT('',(1.27,-6.604,2.54));
#7578 = LINE('',#7579,#7580);
#7579 = CARTESIAN_POINT('',(1.27,-8.636,2.54));
#7580 = VECTOR('',#7581,1.);
#7581 = DIRECTION('',(0.,1.,0.));
#7582 = ORIENTED_EDGE('',*,*,#7583,.T.);
#7583 = EDGE_CURVE('',#7576,#7584,#7586,.T.);
#7584 = VERTEX_POINT('',#7585);
#7585 = CARTESIAN_POINT('',(1.016,-6.35,2.54));
#7586 = LINE('',#7587,#7588);
#7587 = CARTESIAN_POINT('',(1.27,-6.604,2.54));
#7588 = VECTOR('',#7589,1.);
#7589 = DIRECTION('',(-0.707106781187,0.707106781187,0.));
#7590 = ORIENTED_EDGE('',*,*,#7591,.T.);
#7591 = EDGE_CURVE('',#7584,#7592,#7594,.T.);
#7592 = VERTEX_POINT('',#7593);
#7593 = CARTESIAN_POINT('',(1.27,-6.096,2.54));
#7594 = LINE('',#7595,#7596);
#7595 = CARTESIAN_POINT('',(1.016,-6.35,2.54));
#7596 = VECTOR('',#7597,1.);
#7597 = DIRECTION('',(0.707106781187,0.707106781187,0.));
#7598 = ORIENTED_EDGE('',*,*,#7599,.T.);
#7599 = EDGE_CURVE('',#7592,#7600,#7602,.T.);
#7600 = VERTEX_POINT('',#7601);
#7601 = CARTESIAN_POINT('',(1.27,-4.064,2.54));
#7602 = LINE('',#7603,#7604);
#7603 = CARTESIAN_POINT('',(1.27,-6.096,2.54));
#7604 = VECTOR('',#7605,1.);
#7605 = DIRECTION('',(0.,1.,0.));
#7606 = ORIENTED_EDGE('',*,*,#7607,.T.);
#7607 = EDGE_CURVE('',#7600,#7608,#7610,.T.);
#7608 = VERTEX_POINT('',#7609);
#7609 = CARTESIAN_POINT('',(1.016,-3.81,2.54));
#7610 = LINE('',#7611,#7612);
#7611 = CARTESIAN_POINT('',(1.27,-4.064,2.54));
#7612 = VECTOR('',#7613,1.);
#7613 = DIRECTION('',(-0.707106781187,0.707106781187,0.));
#7614 = ORIENTED_EDGE('',*,*,#7615,.T.);
#7615 = EDGE_CURVE('',#7608,#7616,#7618,.T.);
#7616 = VERTEX_POINT('',#7617);
#7617 = CARTESIAN_POINT('',(1.27,-3.556,2.54));
#7618 = LINE('',#7619,#7620);
#7619 = CARTESIAN_POINT('',(1.016,-3.81,2.54));
#7620 = VECTOR('',#7621,1.);
#7621 = DIRECTION('',(0.707106781187,0.707106781187,0.));
#7622 = ORIENTED_EDGE('',*,*,#7623,.T.);
#7623 = EDGE_CURVE('',#7616,#7624,#7626,.T.);
#7624 = VERTEX_POINT('',#7625);
#7625 = CARTESIAN_POINT('',(1.27,-1.524,2.54));
#7626 = LINE('',#7627,#7628);
#7627 = CARTESIAN_POINT('',(1.27,-3.556,2.54));
#7628 = VECTOR('',#7629,1.);
#7629 = DIRECTION('',(0.,1.,0.));
#7630 = ORIENTED_EDGE('',*,*,#7631,.T.);
#7631 = EDGE_CURVE('',#7624,#7632,#7634,.T.);
#7632 = VERTEX_POINT('',#7633);
#7633 = CARTESIAN_POINT('',(1.016,-1.27,2.54));
#7634 = LINE('',#7635,#7636);
#7635 = CARTESIAN_POINT('',(1.27,-1.524,2.54));
#7636 = VECTOR('',#7637,1.);
#7637 = DIRECTION('',(-0.707106781187,0.707106781187,0.));
#7638 = ORIENTED_EDGE('',*,*,#7639,.T.);
#7639 = EDGE_CURVE('',#7632,#7640,#7642,.T.);
#7640 = VERTEX_POINT('',#7641);
#7641 = CARTESIAN_POINT('',(1.27,-1.016,2.54));
#7642 = LINE('',#7643,#7644);
#7643 = CARTESIAN_POINT('',(1.016,-1.27,2.54));
#7644 = VECTOR('',#7645,1.);
#7645 = DIRECTION('',(0.707106781187,0.707106781187,0.));
#7646 = ORIENTED_EDGE('',*,*,#7647,.T.);
#7647 = EDGE_CURVE('',#7640,#7648,#7650,.T.);
#7648 = VERTEX_POINT('',#7649);
#7649 = CARTESIAN_POINT('',(1.27,1.016,2.54));
#7650 = LINE('',#7651,#7652);
#7651 = CARTESIAN_POINT('',(1.27,-1.016,2.54));
#7652 = VECTOR('',#7653,1.);
#7653 = DIRECTION('',(0.,1.,0.));
#7654 = ORIENTED_EDGE('',*,*,#7655,.T.);
#7655 = EDGE_CURVE('',#7648,#6049,#7656,.T.);
#7656 = LINE('',#7657,#7658);
#7657 = CARTESIAN_POINT('',(1.27,1.016,2.54));
#7658 = VECTOR('',#7659,1.);
#7659 = DIRECTION('',(-0.707106781187,0.707106781187,0.));
#7660 = ORIENTED_EDGE('',*,*,#6056,.T.);
#7661 = FACE_BOUND('',#7662,.T.);
#7662 = EDGE_LOOP('',(#7663,#7673,#7681,#7689));
#7663 = ORIENTED_EDGE('',*,*,#7664,.F.);
#7664 = EDGE_CURVE('',#7665,#7667,#7669,.T.);
#7665 = VERTEX_POINT('',#7666);
#7666 = CARTESIAN_POINT('',(0.32,-5.4,2.54));
#7667 = VERTEX_POINT('',#7668);
#7668 = CARTESIAN_POINT('',(0.32,-4.76,2.54));
#7669 = LINE('',#7670,#7671);
#7670 = CARTESIAN_POINT('',(0.32,-9.685,2.54));
#7671 = VECTOR('',#7672,1.);
#7672 = DIRECTION('',(0.,1.,0.));
#7673 = ORIENTED_EDGE('',*,*,#7674,.T.);
#7674 = EDGE_CURVE('',#7665,#7675,#7677,.T.);
#7675 = VERTEX_POINT('',#7676);
#7676 = CARTESIAN_POINT('',(-0.32,-5.4,2.54));
#7677 = LINE('',#7678,#7679);
#7678 = CARTESIAN_POINT('',(-0.16,-5.4,2.54));
#7679 = VECTOR('',#7680,1.);
#7680 = DIRECTION('',(-1.,0.,0.));
#7681 = ORIENTED_EDGE('',*,*,#7682,.T.);
#7682 = EDGE_CURVE('',#7675,#7683,#7685,.T.);
#7683 = VERTEX_POINT('',#7684);
#7684 = CARTESIAN_POINT('',(-0.32,-4.76,2.54));
#7685 = LINE('',#7686,#7687);
#7686 = CARTESIAN_POINT('',(-0.32,-9.685,2.54));
#7687 = VECTOR('',#7688,1.);
#7688 = DIRECTION('',(0.,1.,0.));
#7689 = ORIENTED_EDGE('',*,*,#7690,.F.);
#7690 = EDGE_CURVE('',#7667,#7683,#7691,.T.);
#7691 = LINE('',#7692,#7693);
#7692 = CARTESIAN_POINT('',(-0.16,-4.76,2.54));
#7693 = VECTOR('',#7694,1.);
#7694 = DIRECTION('',(-1.,0.,0.));
#7695 = FACE_BOUND('',#7696,.T.);
#7696 = EDGE_LOOP('',(#7697,#7707,#7715,#7723));
#7697 = ORIENTED_EDGE('',*,*,#7698,.T.);
#7698 = EDGE_CURVE('',#7699,#7701,#7703,.T.);
#7699 = VERTEX_POINT('',#7700);
#7700 = CARTESIAN_POINT('',(0.32,-7.94,2.54));
#7701 = VERTEX_POINT('',#7702);
#7702 = CARTESIAN_POINT('',(-0.32,-7.94,2.54));
#7703 = LINE('',#7704,#7705);
#7704 = CARTESIAN_POINT('',(-0.16,-7.94,2.54));
#7705 = VECTOR('',#7706,1.);
#7706 = DIRECTION('',(-1.,0.,0.));
#7707 = ORIENTED_EDGE('',*,*,#7708,.T.);
#7708 = EDGE_CURVE('',#7701,#7709,#7711,.T.);
#7709 = VERTEX_POINT('',#7710);
#7710 = CARTESIAN_POINT('',(-0.32,-7.3,2.54));
#7711 = LINE('',#7712,#7713);
#7712 = CARTESIAN_POINT('',(-0.32,-10.955,2.54));
#7713 = VECTOR('',#7714,1.);
#7714 = DIRECTION('',(0.,1.,0.));
#7715 = ORIENTED_EDGE('',*,*,#7716,.F.);
#7716 = EDGE_CURVE('',#7717,#7709,#7719,.T.);
#7717 = VERTEX_POINT('',#7718);
#7718 = CARTESIAN_POINT('',(0.32,-7.3,2.54));
#7719 = LINE('',#7720,#7721);
#7720 = CARTESIAN_POINT('',(-0.16,-7.3,2.54));
#7721 = VECTOR('',#7722,1.);
#7722 = DIRECTION('',(-1.,0.,0.));
#7723 = ORIENTED_EDGE('',*,*,#7724,.F.);
#7724 = EDGE_CURVE('',#7699,#7717,#7725,.T.);
#7725 = LINE('',#7726,#7727);
#7726 = CARTESIAN_POINT('',(0.32,-10.955,2.54));
#7727 = VECTOR('',#7728,1.);
#7728 = DIRECTION('',(0.,1.,0.));
#7729 = FACE_BOUND('',#7730,.T.);
#7730 = EDGE_LOOP('',(#7731,#7741,#7749,#7757));
#7731 = ORIENTED_EDGE('',*,*,#7732,.T.);
#7732 = EDGE_CURVE('',#7733,#7735,#7737,.T.);
#7733 = VERTEX_POINT('',#7734);
#7734 = CARTESIAN_POINT('',(0.32,-13.02,2.54));
#7735 = VERTEX_POINT('',#7736);
#7736 = CARTESIAN_POINT('',(-0.32,-13.02,2.54));
#7737 = LINE('',#7738,#7739);
#7738 = CARTESIAN_POINT('',(-0.16,-13.02,2.54));
#7739 = VECTOR('',#7740,1.);
#7740 = DIRECTION('',(-1.,0.,0.));
#7741 = ORIENTED_EDGE('',*,*,#7742,.T.);
#7742 = EDGE_CURVE('',#7735,#7743,#7745,.T.);
#7743 = VERTEX_POINT('',#7744);
#7744 = CARTESIAN_POINT('',(-0.32,-12.38,2.54));
#7745 = LINE('',#7746,#7747);
#7746 = CARTESIAN_POINT('',(-0.32,-13.495,2.54));
#7747 = VECTOR('',#7748,1.);
#7748 = DIRECTION('',(0.,1.,0.));
#7749 = ORIENTED_EDGE('',*,*,#7750,.F.);
#7750 = EDGE_CURVE('',#7751,#7743,#7753,.T.);
#7751 = VERTEX_POINT('',#7752);
#7752 = CARTESIAN_POINT('',(0.32,-12.38,2.54));
#7753 = LINE('',#7754,#7755);
#7754 = CARTESIAN_POINT('',(-0.16,-12.38,2.54));
#7755 = VECTOR('',#7756,1.);
#7756 = DIRECTION('',(-1.,0.,0.));
#7757 = ORIENTED_EDGE('',*,*,#7758,.F.);
#7758 = EDGE_CURVE('',#7733,#7751,#7759,.T.);
#7759 = LINE('',#7760,#7761);
#7760 = CARTESIAN_POINT('',(0.32,-13.495,2.54));
#7761 = VECTOR('',#7762,1.);
#7762 = DIRECTION('',(0.,1.,0.));
#7763 = FACE_BOUND('',#7764,.T.);
#7764 = EDGE_LOOP('',(#7765,#7775,#7783,#7791));
#7765 = ORIENTED_EDGE('',*,*,#7766,.F.);
#7766 = EDGE_CURVE('',#7767,#7769,#7771,.T.);
#7767 = VERTEX_POINT('',#7768);
#7768 = CARTESIAN_POINT('',(0.32,-10.48,2.54));
#7769 = VERTEX_POINT('',#7770);
#7770 = CARTESIAN_POINT('',(0.32,-9.84,2.54));
#7771 = LINE('',#7772,#7773);
#7772 = CARTESIAN_POINT('',(0.32,-12.225,2.54));
#7773 = VECTOR('',#7774,1.);
#7774 = DIRECTION('',(0.,1.,0.));
#7775 = ORIENTED_EDGE('',*,*,#7776,.T.);
#7776 = EDGE_CURVE('',#7767,#7777,#7779,.T.);
#7777 = VERTEX_POINT('',#7778);
#7778 = CARTESIAN_POINT('',(-0.32,-10.48,2.54));
#7779 = LINE('',#7780,#7781);
#7780 = CARTESIAN_POINT('',(-0.16,-10.48,2.54));
#7781 = VECTOR('',#7782,1.);
#7782 = DIRECTION('',(-1.,0.,0.));
#7783 = ORIENTED_EDGE('',*,*,#7784,.T.);
#7784 = EDGE_CURVE('',#7777,#7785,#7787,.T.);
#7785 = VERTEX_POINT('',#7786);
#7786 = CARTESIAN_POINT('',(-0.32,-9.84,2.54));
#7787 = LINE('',#7788,#7789);
#7788 = CARTESIAN_POINT('',(-0.32,-12.225,2.54));
#7789 = VECTOR('',#7790,1.);
#7790 = DIRECTION('',(0.,1.,0.));
#7791 = ORIENTED_EDGE('',*,*,#7792,.F.);
#7792 = EDGE_CURVE('',#7769,#7785,#7793,.T.);
#7793 = LINE('',#7794,#7795);
#7794 = CARTESIAN_POINT('',(-0.16,-9.84,2.54));
#7795 = VECTOR('',#7796,1.);
#7796 = DIRECTION('',(-1.,0.,0.));
#7797 = FACE_BOUND('',#7798,.T.);
#7798 = EDGE_LOOP('',(#7799,#7809,#7817,#7825));
#7799 = ORIENTED_EDGE('',*,*,#7800,.F.);
#7800 = EDGE_CURVE('',#7801,#7803,#7805,.T.);
#7801 = VERTEX_POINT('',#7802);
#7802 = CARTESIAN_POINT('',(0.32,-20.,2.54));
#7803 = VERTEX_POINT('',#7804);
#7804 = CARTESIAN_POINT('',(-0.32,-20.,2.54));
#7805 = LINE('',#7806,#7807);
#7806 = CARTESIAN_POINT('',(-0.16,-20.,2.54));
#7807 = VECTOR('',#7808,1.);
#7808 = DIRECTION('',(-1.,0.,0.));
#7809 = ORIENTED_EDGE('',*,*,#7810,.F.);
#7810 = EDGE_CURVE('',#7811,#7801,#7813,.T.);
#7811 = VERTEX_POINT('',#7812);
#7812 = CARTESIAN_POINT('',(0.32,-20.64,2.54));
#7813 = LINE('',#7814,#7815);
#7814 = CARTESIAN_POINT('',(0.32,-17.305,2.54));
#7815 = VECTOR('',#7816,1.);
#7816 = DIRECTION('',(0.,1.,0.));
#7817 = ORIENTED_EDGE('',*,*,#7818,.T.);
#7818 = EDGE_CURVE('',#7811,#7819,#7821,.T.);
#7819 = VERTEX_POINT('',#7820);
#7820 = CARTESIAN_POINT('',(-0.32,-20.64,2.54));
#7821 = LINE('',#7822,#7823);
#7822 = CARTESIAN_POINT('',(-0.16,-20.64,2.54));
#7823 = VECTOR('',#7824,1.);
#7824 = DIRECTION('',(-1.,0.,0.));
#7825 = ORIENTED_EDGE('',*,*,#7826,.T.);
#7826 = EDGE_CURVE('',#7819,#7803,#7827,.T.);
#7827 = LINE('',#7828,#7829);
#7828 = CARTESIAN_POINT('',(-0.32,-17.305,2.54));
#7829 = VECTOR('',#7830,1.);
#7830 = DIRECTION('',(0.,1.,0.));
#7831 = FACE_BOUND('',#7832,.T.);
#7832 = EDGE_LOOP('',(#7833,#7843,#7851,#7859));
#7833 = ORIENTED_EDGE('',*,*,#7834,.F.);
#7834 = EDGE_CURVE('',#7835,#7837,#7839,.T.);
#7835 = VERTEX_POINT('',#7836);
#7836 = CARTESIAN_POINT('',(0.32,-18.1,2.54));
#7837 = VERTEX_POINT('',#7838);
#7838 = CARTESIAN_POINT('',(0.32,-17.46,2.54));
#7839 = LINE('',#7840,#7841);
#7840 = CARTESIAN_POINT('',(0.32,-16.035,2.54));
#7841 = VECTOR('',#7842,1.);
#7842 = DIRECTION('',(0.,1.,0.));
#7843 = ORIENTED_EDGE('',*,*,#7844,.T.);
#7844 = EDGE_CURVE('',#7835,#7845,#7847,.T.);
#7845 = VERTEX_POINT('',#7846);
#7846 = CARTESIAN_POINT('',(-0.32,-18.1,2.54));
#7847 = LINE('',#7848,#7849);
#7848 = CARTESIAN_POINT('',(-0.16,-18.1,2.54));
#7849 = VECTOR('',#7850,1.);
#7850 = DIRECTION('',(-1.,0.,0.));
#7851 = ORIENTED_EDGE('',*,*,#7852,.T.);
#7852 = EDGE_CURVE('',#7845,#7853,#7855,.T.);
#7853 = VERTEX_POINT('',#7854);
#7854 = CARTESIAN_POINT('',(-0.32,-17.46,2.54));
#7855 = LINE('',#7856,#7857);
#7856 = CARTESIAN_POINT('',(-0.32,-16.035,2.54));
#7857 = VECTOR('',#7858,1.);
#7858 = DIRECTION('',(0.,1.,0.));
#7859 = ORIENTED_EDGE('',*,*,#7860,.F.);
#7860 = EDGE_CURVE('',#7837,#7853,#7861,.T.);
#7861 = LINE('',#7862,#7863);
#7862 = CARTESIAN_POINT('',(-0.16,-17.46,2.54));
#7863 = VECTOR('',#7864,1.);
#7864 = DIRECTION('',(-1.,0.,0.));
#7865 = FACE_BOUND('',#7866,.T.);
#7866 = EDGE_LOOP('',(#7867,#7877,#7885,#7893));
#7867 = ORIENTED_EDGE('',*,*,#7868,.F.);
#7868 = EDGE_CURVE('',#7869,#7871,#7873,.T.);
#7869 = VERTEX_POINT('',#7870);
#7870 = CARTESIAN_POINT('',(0.32,-14.92,2.54));
#7871 = VERTEX_POINT('',#7872);
#7872 = CARTESIAN_POINT('',(-0.32,-14.92,2.54));
#7873 = LINE('',#7874,#7875);
#7874 = CARTESIAN_POINT('',(-0.16,-14.92,2.54));
#7875 = VECTOR('',#7876,1.);
#7876 = DIRECTION('',(-1.,0.,0.));
#7877 = ORIENTED_EDGE('',*,*,#7878,.F.);
#7878 = EDGE_CURVE('',#7879,#7869,#7881,.T.);
#7879 = VERTEX_POINT('',#7880);
#7880 = CARTESIAN_POINT('',(0.32,-15.56,2.54));
#7881 = LINE('',#7882,#7883);
#7882 = CARTESIAN_POINT('',(0.32,-14.765,2.54));
#7883 = VECTOR('',#7884,1.);
#7884 = DIRECTION('',(0.,1.,0.));
#7885 = ORIENTED_EDGE('',*,*,#7886,.T.);
#7886 = EDGE_CURVE('',#7879,#7887,#7889,.T.);
#7887 = VERTEX_POINT('',#7888);
#7888 = CARTESIAN_POINT('',(-0.32,-15.56,2.54));
#7889 = LINE('',#7890,#7891);
#7890 = CARTESIAN_POINT('',(-0.16,-15.56,2.54));
#7891 = VECTOR('',#7892,1.);
#7892 = DIRECTION('',(-1.,0.,0.));
#7893 = ORIENTED_EDGE('',*,*,#7894,.T.);
#7894 = EDGE_CURVE('',#7887,#7871,#7895,.T.);
#7895 = LINE('',#7896,#7897);
#7896 = CARTESIAN_POINT('',(-0.32,-14.765,2.54));
#7897 = VECTOR('',#7898,1.);
#7898 = DIRECTION('',(0.,1.,0.));
#7899 = FACE_BOUND('',#7900,.T.);
#7900 = EDGE_LOOP('',(#7901,#7911,#7919,#7927));
#7901 = ORIENTED_EDGE('',*,*,#7902,.F.);
#7902 = EDGE_CURVE('',#7903,#7905,#7907,.T.);
#7903 = VERTEX_POINT('',#7904);
#7904 = CARTESIAN_POINT('',(0.32,-0.32,2.54));
#7905 = VERTEX_POINT('',#7906);
#7906 = CARTESIAN_POINT('',(0.32,0.32,2.54));
#7907 = LINE('',#7908,#7909);
#7908 = CARTESIAN_POINT('',(0.32,-7.145,2.54));
#7909 = VECTOR('',#7910,1.);
#7910 = DIRECTION('',(0.,1.,0.));
#7911 = ORIENTED_EDGE('',*,*,#7912,.T.);
#7912 = EDGE_CURVE('',#7903,#7913,#7915,.T.);
#7913 = VERTEX_POINT('',#7914);
#7914 = CARTESIAN_POINT('',(-0.32,-0.32,2.54));
#7915 = LINE('',#7916,#7917);
#7916 = CARTESIAN_POINT('',(-0.16,-0.32,2.54));
#7917 = VECTOR('',#7918,1.);
#7918 = DIRECTION('',(-1.,0.,0.));
#7919 = ORIENTED_EDGE('',*,*,#7920,.T.);
#7920 = EDGE_CURVE('',#7913,#7921,#7923,.T.);
#7921 = VERTEX_POINT('',#7922);
#7922 = CARTESIAN_POINT('',(-0.32,0.32,2.54));
#7923 = LINE('',#7924,#7925);
#7924 = CARTESIAN_POINT('',(-0.32,-7.145,2.54));
#7925 = VECTOR('',#7926,1.);
#7926 = DIRECTION('',(0.,1.,0.));
#7927 = ORIENTED_EDGE('',*,*,#7928,.F.);
#7928 = EDGE_CURVE('',#7905,#7921,#7929,.T.);
#7929 = LINE('',#7930,#7931);
#7930 = CARTESIAN_POINT('',(-0.16,0.32,2.54));
#7931 = VECTOR('',#7932,1.);
#7932 = DIRECTION('',(-1.,0.,0.));
#7933 = FACE_BOUND('',#7934,.T.);
#7934 = EDGE_LOOP('',(#7935,#7945,#7953,#7961));
#7935 = ORIENTED_EDGE('',*,*,#7936,.F.);
#7936 = EDGE_CURVE('',#7937,#7939,#7941,.T.);
#7937 = VERTEX_POINT('',#7938);
#7938 = CARTESIAN_POINT('',(0.32,-2.86,2.54));
#7939 = VERTEX_POINT('',#7940);
#7940 = CARTESIAN_POINT('',(0.32,-2.22,2.54));
#7941 = LINE('',#7942,#7943);
#7942 = CARTESIAN_POINT('',(0.32,-8.415,2.54));
#7943 = VECTOR('',#7944,1.);
#7944 = DIRECTION('',(0.,1.,0.));
#7945 = ORIENTED_EDGE('',*,*,#7946,.T.);
#7946 = EDGE_CURVE('',#7937,#7947,#7949,.T.);
#7947 = VERTEX_POINT('',#7948);
#7948 = CARTESIAN_POINT('',(-0.32,-2.86,2.54));
#7949 = LINE('',#7950,#7951);
#7950 = CARTESIAN_POINT('',(-0.16,-2.86,2.54));
#7951 = VECTOR('',#7952,1.);
#7952 = DIRECTION('',(-1.,0.,0.));
#7953 = ORIENTED_EDGE('',*,*,#7954,.T.);
#7954 = EDGE_CURVE('',#7947,#7955,#7957,.T.);
#7955 = VERTEX_POINT('',#7956);
#7956 = CARTESIAN_POINT('',(-0.32,-2.22,2.54));
#7957 = LINE('',#7958,#7959);
#7958 = CARTESIAN_POINT('',(-0.32,-8.415,2.54));
#7959 = VECTOR('',#7960,1.);
#7960 = DIRECTION('',(0.,1.,0.));
#7961 = ORIENTED_EDGE('',*,*,#7962,.F.);
#7962 = EDGE_CURVE('',#7939,#7955,#7963,.T.);
#7963 = LINE('',#7964,#7965);
#7964 = CARTESIAN_POINT('',(-0.16,-2.22,2.54));
#7965 = VECTOR('',#7966,1.);
#7966 = DIRECTION('',(-1.,0.,0.));
#7967 = FACE_BOUND('',#7968,.T.);
#7968 = EDGE_LOOP('',(#7969,#7979,#7987,#7995));
#7969 = ORIENTED_EDGE('',*,*,#7970,.F.);
#7970 = EDGE_CURVE('',#7971,#7973,#7975,.T.);
#7971 = VERTEX_POINT('',#7972);
#7972 = CARTESIAN_POINT('',(0.32,-27.62,2.54));
#7973 = VERTEX_POINT('',#7974);
#7974 = CARTESIAN_POINT('',(-0.32,-27.62,2.54));
#7975 = LINE('',#7976,#7977);
#7976 = CARTESIAN_POINT('',(-0.16,-27.62,2.54));
#7977 = VECTOR('',#7978,1.);
#7978 = DIRECTION('',(-1.,0.,0.));
#7979 = ORIENTED_EDGE('',*,*,#7980,.F.);
#7980 = EDGE_CURVE('',#7981,#7971,#7983,.T.);
#7981 = VERTEX_POINT('',#7982);
#7982 = CARTESIAN_POINT('',(0.32,-28.26,2.54));
#7983 = LINE('',#7984,#7985);
#7984 = CARTESIAN_POINT('',(0.32,-21.115,2.54));
#7985 = VECTOR('',#7986,1.);
#7986 = DIRECTION('',(0.,1.,0.));
#7987 = ORIENTED_EDGE('',*,*,#7988,.T.);
#7988 = EDGE_CURVE('',#7981,#7989,#7991,.T.);
#7989 = VERTEX_POINT('',#7990);
#7990 = CARTESIAN_POINT('',(-0.32,-28.26,2.54));
#7991 = LINE('',#7992,#7993);
#7992 = CARTESIAN_POINT('',(-0.16,-28.26,2.54));
#7993 = VECTOR('',#7994,1.);
#7994 = DIRECTION('',(-1.,0.,0.));
#7995 = ORIENTED_EDGE('',*,*,#7996,.T.);
#7996 = EDGE_CURVE('',#7989,#7973,#7997,.T.);
#7997 = LINE('',#7998,#7999);
#7998 = CARTESIAN_POINT('',(-0.32,-21.115,2.54));
#7999 = VECTOR('',#8000,1.);
#8000 = DIRECTION('',(0.,1.,0.));
#8001 = FACE_BOUND('',#8002,.T.);
#8002 = EDGE_LOOP('',(#8003,#8013,#8021,#8029));
#8003 = ORIENTED_EDGE('',*,*,#8004,.F.);
#8004 = EDGE_CURVE('',#8005,#8007,#8009,.T.);
#8005 = VERTEX_POINT('',#8006);
#8006 = CARTESIAN_POINT('',(0.32,-23.18,2.54));
#8007 = VERTEX_POINT('',#8008);
#8008 = CARTESIAN_POINT('',(0.32,-22.54,2.54));
#8009 = LINE('',#8010,#8011);
#8010 = CARTESIAN_POINT('',(0.32,-18.575,2.54));
#8011 = VECTOR('',#8012,1.);
#8012 = DIRECTION('',(0.,1.,0.));
#8013 = ORIENTED_EDGE('',*,*,#8014,.T.);
#8014 = EDGE_CURVE('',#8005,#8015,#8017,.T.);
#8015 = VERTEX_POINT('',#8016);
#8016 = CARTESIAN_POINT('',(-0.32,-23.18,2.54));
#8017 = LINE('',#8018,#8019);
#8018 = CARTESIAN_POINT('',(-0.16,-23.18,2.54));
#8019 = VECTOR('',#8020,1.);
#8020 = DIRECTION('',(-1.,0.,0.));
#8021 = ORIENTED_EDGE('',*,*,#8022,.T.);
#8022 = EDGE_CURVE('',#8015,#8023,#8025,.T.);
#8023 = VERTEX_POINT('',#8024);
#8024 = CARTESIAN_POINT('',(-0.32,-22.54,2.54));
#8025 = LINE('',#8026,#8027);
#8026 = CARTESIAN_POINT('',(-0.32,-18.575,2.54));
#8027 = VECTOR('',#8028,1.);
#8028 = DIRECTION('',(0.,1.,0.));
#8029 = ORIENTED_EDGE('',*,*,#8030,.F.);
#8030 = EDGE_CURVE('',#8007,#8023,#8031,.T.);
#8031 = LINE('',#8032,#8033);
#8032 = CARTESIAN_POINT('',(-0.16,-22.54,2.54));
#8033 = VECTOR('',#8034,1.);
#8034 = DIRECTION('',(-1.,0.,0.));
#8035 = FACE_BOUND('',#8036,.T.);
#8036 = EDGE_LOOP('',(#8037,#8047,#8055,#8063));
#8037 = ORIENTED_EDGE('',*,*,#8038,.F.);
#8038 = EDGE_CURVE('',#8039,#8041,#8043,.T.);
#8039 = VERTEX_POINT('',#8040);
#8040 = CARTESIAN_POINT('',(0.32,-25.72,2.54));
#8041 = VERTEX_POINT('',#8042);
#8042 = CARTESIAN_POINT('',(0.32,-25.08,2.54));
#8043 = LINE('',#8044,#8045);
#8044 = CARTESIAN_POINT('',(0.32,-19.845,2.54));
#8045 = VECTOR('',#8046,1.);
#8046 = DIRECTION('',(0.,1.,0.));
#8047 = ORIENTED_EDGE('',*,*,#8048,.T.);
#8048 = EDGE_CURVE('',#8039,#8049,#8051,.T.);
#8049 = VERTEX_POINT('',#8050);
#8050 = CARTESIAN_POINT('',(-0.32,-25.72,2.54));
#8051 = LINE('',#8052,#8053);
#8052 = CARTESIAN_POINT('',(-0.16,-25.72,2.54));
#8053 = VECTOR('',#8054,1.);
#8054 = DIRECTION('',(-1.,0.,0.));
#8055 = ORIENTED_EDGE('',*,*,#8056,.T.);
#8056 = EDGE_CURVE('',#8049,#8057,#8059,.T.);
#8057 = VERTEX_POINT('',#8058);
#8058 = CARTESIAN_POINT('',(-0.32,-25.08,2.54));
#8059 = LINE('',#8060,#8061);
#8060 = CARTESIAN_POINT('',(-0.32,-19.845,2.54));
#8061 = VECTOR('',#8062,1.);
#8062 = DIRECTION('',(0.,1.,0.));
#8063 = ORIENTED_EDGE('',*,*,#8064,.F.);
#8064 = EDGE_CURVE('',#8041,#8057,#8065,.T.);
#8065 = LINE('',#8066,#8067);
#8066 = CARTESIAN_POINT('',(-0.16,-25.08,2.54));
#8067 = VECTOR('',#8068,1.);
#8068 = DIRECTION('',(-1.,0.,0.));
#8069 = PLANE('',#8070);
#8070 = AXIS2_PLACEMENT_3D('',#8071,#8072,#8073);
#8071 = CARTESIAN_POINT('',(-9.506135550473E-18,-13.97,2.54));
#8072 = DIRECTION('',(0.,0.,1.));
#8073 = DIRECTION('',(1.,0.,-0.));
#8074 = ADVANCED_FACE('',(#8075),#8086,.F.);
#8075 = FACE_BOUND('',#8076,.F.);
#8076 = EDGE_LOOP('',(#8077,#8083,#8084,#8085));
#8077 = ORIENTED_EDGE('',*,*,#8078,.T.);
#8078 = EDGE_CURVE('',#6663,#7648,#8079,.T.);
#8079 = LINE('',#8080,#8081);
#8080 = CARTESIAN_POINT('',(1.27,1.016,0.));
#8081 = VECTOR('',#8082,1.);
#8082 = DIRECTION('',(0.,0.,1.));
#8083 = ORIENTED_EDGE('',*,*,#7655,.T.);
#8084 = ORIENTED_EDGE('',*,*,#6046,.F.);
#8085 = ORIENTED_EDGE('',*,*,#6670,.F.);
#8086 = PLANE('',#8087);
#8087 = AXIS2_PLACEMENT_3D('',#8088,#8089,#8090);
#8088 = CARTESIAN_POINT('',(1.27,1.016,0.));
#8089 = DIRECTION('',(-0.707106781187,-0.707106781187,0.));
#8090 = DIRECTION('',(-0.707106781187,0.707106781187,0.));
#8091 = ADVANCED_FACE('',(#8092),#8103,.F.);
#8092 = FACE_BOUND('',#8093,.F.);
#8093 = EDGE_LOOP('',(#8094,#8095,#8096,#8102));
#8094 = ORIENTED_EDGE('',*,*,#6086,.T.);
#8095 = ORIENTED_EDGE('',*,*,#7095,.T.);
#8096 = ORIENTED_EDGE('',*,*,#8097,.F.);
#8097 = EDGE_CURVE('',#6111,#7096,#8098,.T.);
#8098 = LINE('',#8099,#8100);
#8099 = CARTESIAN_POINT('',(-1.016,-1.27,0.));
#8100 = VECTOR('',#8101,1.);
#8101 = DIRECTION('',(0.,0.,1.));
#8102 = ORIENTED_EDGE('',*,*,#6110,.F.);
#8103 = PLANE('',#8104);
#8104 = AXIS2_PLACEMENT_3D('',#8105,#8106,#8107);
#8105 = CARTESIAN_POINT('',(-1.27,-1.016,0.));
#8106 = DIRECTION('',(0.707106781187,0.707106781187,0.));
#8107 = DIRECTION('',(0.707106781187,-0.707106781187,0.));
#8108 = ADVANCED_FACE('',(#8109),#8120,.F.);
#8109 = FACE_BOUND('',#8110,.F.);
#8110 = EDGE_LOOP('',(#8111,#8117,#8118,#8119));
#8111 = ORIENTED_EDGE('',*,*,#8112,.T.);
#8112 = EDGE_CURVE('',#6655,#7640,#8113,.T.);
#8113 = LINE('',#8114,#8115);
#8114 = CARTESIAN_POINT('',(1.27,-1.016,0.));
#8115 = VECTOR('',#8116,1.);
#8116 = DIRECTION('',(0.,0.,1.));
#8117 = ORIENTED_EDGE('',*,*,#7647,.T.);
#8118 = ORIENTED_EDGE('',*,*,#8078,.F.);
#8119 = ORIENTED_EDGE('',*,*,#6662,.F.);
#8120 = PLANE('',#8121);
#8121 = AXIS2_PLACEMENT_3D('',#8122,#8123,#8124);
#8122 = CARTESIAN_POINT('',(1.27,-1.016,0.));
#8123 = DIRECTION('',(-1.,0.,0.));
#8124 = DIRECTION('',(0.,1.,0.));
#8125 = ADVANCED_FACE('',(#8126),#8137,.F.);
#8126 = FACE_BOUND('',#8127,.F.);
#8127 = EDGE_LOOP('',(#8128,#8129,#8130,#8136));
#8128 = ORIENTED_EDGE('',*,*,#8097,.T.);
#8129 = ORIENTED_EDGE('',*,*,#7103,.T.);
#8130 = ORIENTED_EDGE('',*,*,#8131,.F.);
#8131 = EDGE_CURVE('',#6119,#7104,#8132,.T.);
#8132 = LINE('',#8133,#8134);
#8133 = CARTESIAN_POINT('',(-1.27,-1.524,0.));
#8134 = VECTOR('',#8135,1.);
#8135 = DIRECTION('',(0.,0.,1.));
#8136 = ORIENTED_EDGE('',*,*,#6118,.F.);
#8137 = PLANE('',#8138);
#8138 = AXIS2_PLACEMENT_3D('',#8139,#8140,#8141);
#8139 = CARTESIAN_POINT('',(-1.016,-1.27,0.));
#8140 = DIRECTION('',(0.707106781187,-0.707106781187,0.));
#8141 = DIRECTION('',(-0.707106781187,-0.707106781187,0.));
#8142 = ADVANCED_FACE('',(#8143),#8154,.F.);
#8143 = FACE_BOUND('',#8144,.F.);
#8144 = EDGE_LOOP('',(#8145,#8151,#8152,#8153));
#8145 = ORIENTED_EDGE('',*,*,#8146,.T.);
#8146 = EDGE_CURVE('',#6647,#7632,#8147,.T.);
#8147 = LINE('',#8148,#8149);
#8148 = CARTESIAN_POINT('',(1.016,-1.27,0.));
#8149 = VECTOR('',#8150,1.);
#8150 = DIRECTION('',(0.,0.,1.));
#8151 = ORIENTED_EDGE('',*,*,#7639,.T.);
#8152 = ORIENTED_EDGE('',*,*,#8112,.F.);
#8153 = ORIENTED_EDGE('',*,*,#6654,.F.);
#8154 = PLANE('',#8155);
#8155 = AXIS2_PLACEMENT_3D('',#8156,#8157,#8158);
#8156 = CARTESIAN_POINT('',(1.016,-1.27,0.));
#8157 = DIRECTION('',(-0.707106781187,0.707106781187,0.));
#8158 = DIRECTION('',(0.707106781187,0.707106781187,0.));
#8159 = ADVANCED_FACE('',(#8160),#8171,.F.);
#8160 = FACE_BOUND('',#8161,.F.);
#8161 = EDGE_LOOP('',(#8162,#8163,#8164,#8170));
#8162 = ORIENTED_EDGE('',*,*,#8131,.T.);
#8163 = ORIENTED_EDGE('',*,*,#7111,.T.);
#8164 = ORIENTED_EDGE('',*,*,#8165,.F.);
#8165 = EDGE_CURVE('',#6127,#7112,#8166,.T.);
#8166 = LINE('',#8167,#8168);
#8167 = CARTESIAN_POINT('',(-1.27,-3.556,0.));
#8168 = VECTOR('',#8169,1.);
#8169 = DIRECTION('',(0.,0.,1.));
#8170 = ORIENTED_EDGE('',*,*,#6126,.F.);
#8171 = PLANE('',#8172);
#8172 = AXIS2_PLACEMENT_3D('',#8173,#8174,#8175);
#8173 = CARTESIAN_POINT('',(-1.27,-1.524,0.));
#8174 = DIRECTION('',(1.,0.,0.));
#8175 = DIRECTION('',(0.,-1.,0.));
#8176 = ADVANCED_FACE('',(#8177),#8188,.F.);
#8177 = FACE_BOUND('',#8178,.F.);
#8178 = EDGE_LOOP('',(#8179,#8185,#8186,#8187));
#8179 = ORIENTED_EDGE('',*,*,#8180,.T.);
#8180 = EDGE_CURVE('',#6639,#7624,#8181,.T.);
#8181 = LINE('',#8182,#8183);
#8182 = CARTESIAN_POINT('',(1.27,-1.524,0.));
#8183 = VECTOR('',#8184,1.);
#8184 = DIRECTION('',(0.,0.,1.));
#8185 = ORIENTED_EDGE('',*,*,#7631,.T.);
#8186 = ORIENTED_EDGE('',*,*,#8146,.F.);
#8187 = ORIENTED_EDGE('',*,*,#6646,.F.);
#8188 = PLANE('',#8189);
#8189 = AXIS2_PLACEMENT_3D('',#8190,#8191,#8192);
#8190 = CARTESIAN_POINT('',(1.27,-1.524,0.));
#8191 = DIRECTION('',(-0.707106781187,-0.707106781187,0.));
#8192 = DIRECTION('',(-0.707106781187,0.707106781187,0.));
#8193 = ADVANCED_FACE('',(#8194),#8205,.F.);
#8194 = FACE_BOUND('',#8195,.F.);
#8195 = EDGE_LOOP('',(#8196,#8197,#8198,#8204));
#8196 = ORIENTED_EDGE('',*,*,#8165,.T.);
#8197 = ORIENTED_EDGE('',*,*,#7119,.T.);
#8198 = ORIENTED_EDGE('',*,*,#8199,.F.);
#8199 = EDGE_CURVE('',#6135,#7120,#8200,.T.);
#8200 = LINE('',#8201,#8202);
#8201 = CARTESIAN_POINT('',(-1.016,-3.81,0.));
#8202 = VECTOR('',#8203,1.);
#8203 = DIRECTION('',(0.,0.,1.));
#8204 = ORIENTED_EDGE('',*,*,#6134,.F.);
#8205 = PLANE('',#8206);
#8206 = AXIS2_PLACEMENT_3D('',#8207,#8208,#8209);
#8207 = CARTESIAN_POINT('',(-1.27,-3.556,0.));
#8208 = DIRECTION('',(0.707106781187,0.707106781187,0.));
#8209 = DIRECTION('',(0.707106781187,-0.707106781187,0.));
#8210 = ADVANCED_FACE('',(#8211),#8222,.F.);
#8211 = FACE_BOUND('',#8212,.F.);
#8212 = EDGE_LOOP('',(#8213,#8219,#8220,#8221));
#8213 = ORIENTED_EDGE('',*,*,#8214,.T.);
#8214 = EDGE_CURVE('',#6631,#7616,#8215,.T.);
#8215 = LINE('',#8216,#8217);
#8216 = CARTESIAN_POINT('',(1.27,-3.556,0.));
#8217 = VECTOR('',#8218,1.);
#8218 = DIRECTION('',(0.,0.,1.));
#8219 = ORIENTED_EDGE('',*,*,#7623,.T.);
#8220 = ORIENTED_EDGE('',*,*,#8180,.F.);
#8221 = ORIENTED_EDGE('',*,*,#6638,.F.);
#8222 = PLANE('',#8223);
#8223 = AXIS2_PLACEMENT_3D('',#8224,#8225,#8226);
#8224 = CARTESIAN_POINT('',(1.27,-3.556,0.));
#8225 = DIRECTION('',(-1.,0.,0.));
#8226 = DIRECTION('',(0.,1.,0.));
#8227 = ADVANCED_FACE('',(#8228),#8239,.F.);
#8228 = FACE_BOUND('',#8229,.F.);
#8229 = EDGE_LOOP('',(#8230,#8231,#8232,#8238));
#8230 = ORIENTED_EDGE('',*,*,#8199,.T.);
#8231 = ORIENTED_EDGE('',*,*,#7127,.T.);
#8232 = ORIENTED_EDGE('',*,*,#8233,.F.);
#8233 = EDGE_CURVE('',#6143,#7128,#8234,.T.);
#8234 = LINE('',#8235,#8236);
#8235 = CARTESIAN_POINT('',(-1.27,-4.064,0.));
#8236 = VECTOR('',#8237,1.);
#8237 = DIRECTION('',(0.,0.,1.));
#8238 = ORIENTED_EDGE('',*,*,#6142,.F.);
#8239 = PLANE('',#8240);
#8240 = AXIS2_PLACEMENT_3D('',#8241,#8242,#8243);
#8241 = CARTESIAN_POINT('',(-1.016,-3.81,0.));
#8242 = DIRECTION('',(0.707106781187,-0.707106781187,0.));
#8243 = DIRECTION('',(-0.707106781187,-0.707106781187,0.));
#8244 = ADVANCED_FACE('',(#8245),#8256,.F.);
#8245 = FACE_BOUND('',#8246,.F.);
#8246 = EDGE_LOOP('',(#8247,#8253,#8254,#8255));
#8247 = ORIENTED_EDGE('',*,*,#8248,.T.);
#8248 = EDGE_CURVE('',#6623,#7608,#8249,.T.);
#8249 = LINE('',#8250,#8251);
#8250 = CARTESIAN_POINT('',(1.016,-3.81,0.));
#8251 = VECTOR('',#8252,1.);
#8252 = DIRECTION('',(0.,0.,1.));
#8253 = ORIENTED_EDGE('',*,*,#7615,.T.);
#8254 = ORIENTED_EDGE('',*,*,#8214,.F.);
#8255 = ORIENTED_EDGE('',*,*,#6630,.F.);
#8256 = PLANE('',#8257);
#8257 = AXIS2_PLACEMENT_3D('',#8258,#8259,#8260);
#8258 = CARTESIAN_POINT('',(1.016,-3.81,0.));
#8259 = DIRECTION('',(-0.707106781187,0.707106781187,0.));
#8260 = DIRECTION('',(0.707106781187,0.707106781187,0.));
#8261 = ADVANCED_FACE('',(#8262),#8273,.F.);
#8262 = FACE_BOUND('',#8263,.F.);
#8263 = EDGE_LOOP('',(#8264,#8265,#8266,#8272));
#8264 = ORIENTED_EDGE('',*,*,#8233,.T.);
#8265 = ORIENTED_EDGE('',*,*,#7135,.T.);
#8266 = ORIENTED_EDGE('',*,*,#8267,.F.);
#8267 = EDGE_CURVE('',#6151,#7136,#8268,.T.);
#8268 = LINE('',#8269,#8270);
#8269 = CARTESIAN_POINT('',(-1.27,-6.096,0.));
#8270 = VECTOR('',#8271,1.);
#8271 = DIRECTION('',(0.,0.,1.));
#8272 = ORIENTED_EDGE('',*,*,#6150,.F.);
#8273 = PLANE('',#8274);
#8274 = AXIS2_PLACEMENT_3D('',#8275,#8276,#8277);
#8275 = CARTESIAN_POINT('',(-1.27,-4.064,0.));
#8276 = DIRECTION('',(1.,0.,0.));
#8277 = DIRECTION('',(0.,-1.,0.));
#8278 = ADVANCED_FACE('',(#8279),#8290,.F.);
#8279 = FACE_BOUND('',#8280,.F.);
#8280 = EDGE_LOOP('',(#8281,#8287,#8288,#8289));
#8281 = ORIENTED_EDGE('',*,*,#8282,.T.);
#8282 = EDGE_CURVE('',#6615,#7600,#8283,.T.);
#8283 = LINE('',#8284,#8285);
#8284 = CARTESIAN_POINT('',(1.27,-4.064,0.));
#8285 = VECTOR('',#8286,1.);
#8286 = DIRECTION('',(0.,0.,1.));
#8287 = ORIENTED_EDGE('',*,*,#7607,.T.);
#8288 = ORIENTED_EDGE('',*,*,#8248,.F.);
#8289 = ORIENTED_EDGE('',*,*,#6622,.F.);
#8290 = PLANE('',#8291);
#8291 = AXIS2_PLACEMENT_3D('',#8292,#8293,#8294);
#8292 = CARTESIAN_POINT('',(1.27,-4.064,0.));
#8293 = DIRECTION('',(-0.707106781187,-0.707106781187,0.));
#8294 = DIRECTION('',(-0.707106781187,0.707106781187,0.));
#8295 = ADVANCED_FACE('',(#8296),#8307,.F.);
#8296 = FACE_BOUND('',#8297,.F.);
#8297 = EDGE_LOOP('',(#8298,#8299,#8300,#8306));
#8298 = ORIENTED_EDGE('',*,*,#8267,.T.);
#8299 = ORIENTED_EDGE('',*,*,#7143,.T.);
#8300 = ORIENTED_EDGE('',*,*,#8301,.F.);
#8301 = EDGE_CURVE('',#6159,#7144,#8302,.T.);
#8302 = LINE('',#8303,#8304);
#8303 = CARTESIAN_POINT('',(-1.016,-6.35,0.));
#8304 = VECTOR('',#8305,1.);
#8305 = DIRECTION('',(0.,0.,1.));
#8306 = ORIENTED_EDGE('',*,*,#6158,.F.);
#8307 = PLANE('',#8308);
#8308 = AXIS2_PLACEMENT_3D('',#8309,#8310,#8311);
#8309 = CARTESIAN_POINT('',(-1.27,-6.096,0.));
#8310 = DIRECTION('',(0.707106781187,0.707106781187,0.));
#8311 = DIRECTION('',(0.707106781187,-0.707106781187,0.));
#8312 = ADVANCED_FACE('',(#8313),#8324,.F.);
#8313 = FACE_BOUND('',#8314,.F.);
#8314 = EDGE_LOOP('',(#8315,#8321,#8322,#8323));
#8315 = ORIENTED_EDGE('',*,*,#8316,.T.);
#8316 = EDGE_CURVE('',#6607,#7592,#8317,.T.);
#8317 = LINE('',#8318,#8319);
#8318 = CARTESIAN_POINT('',(1.27,-6.096,0.));
#8319 = VECTOR('',#8320,1.);
#8320 = DIRECTION('',(0.,0.,1.));
#8321 = ORIENTED_EDGE('',*,*,#7599,.T.);
#8322 = ORIENTED_EDGE('',*,*,#8282,.F.);
#8323 = ORIENTED_EDGE('',*,*,#6614,.F.);
#8324 = PLANE('',#8325);
#8325 = AXIS2_PLACEMENT_3D('',#8326,#8327,#8328);
#8326 = CARTESIAN_POINT('',(1.27,-6.096,0.));
#8327 = DIRECTION('',(-1.,0.,0.));
#8328 = DIRECTION('',(0.,1.,0.));
#8329 = ADVANCED_FACE('',(#8330),#8341,.F.);
#8330 = FACE_BOUND('',#8331,.F.);
#8331 = EDGE_LOOP('',(#8332,#8333,#8334,#8340));
#8332 = ORIENTED_EDGE('',*,*,#8301,.T.);
#8333 = ORIENTED_EDGE('',*,*,#7151,.T.);
#8334 = ORIENTED_EDGE('',*,*,#8335,.F.);
#8335 = EDGE_CURVE('',#6167,#7152,#8336,.T.);
#8336 = LINE('',#8337,#8338);
#8337 = CARTESIAN_POINT('',(-1.27,-6.604,0.));
#8338 = VECTOR('',#8339,1.);
#8339 = DIRECTION('',(0.,0.,1.));
#8340 = ORIENTED_EDGE('',*,*,#6166,.F.);
#8341 = PLANE('',#8342);
#8342 = AXIS2_PLACEMENT_3D('',#8343,#8344,#8345);
#8343 = CARTESIAN_POINT('',(-1.016,-6.35,0.));
#8344 = DIRECTION('',(0.707106781187,-0.707106781187,0.));
#8345 = DIRECTION('',(-0.707106781187,-0.707106781187,0.));
#8346 = ADVANCED_FACE('',(#8347),#8358,.F.);
#8347 = FACE_BOUND('',#8348,.F.);
#8348 = EDGE_LOOP('',(#8349,#8355,#8356,#8357));
#8349 = ORIENTED_EDGE('',*,*,#8350,.T.);
#8350 = EDGE_CURVE('',#6599,#7584,#8351,.T.);
#8351 = LINE('',#8352,#8353);
#8352 = CARTESIAN_POINT('',(1.016,-6.35,0.));
#8353 = VECTOR('',#8354,1.);
#8354 = DIRECTION('',(0.,0.,1.));
#8355 = ORIENTED_EDGE('',*,*,#7591,.T.);
#8356 = ORIENTED_EDGE('',*,*,#8316,.F.);
#8357 = ORIENTED_EDGE('',*,*,#6606,.F.);
#8358 = PLANE('',#8359);
#8359 = AXIS2_PLACEMENT_3D('',#8360,#8361,#8362);
#8360 = CARTESIAN_POINT('',(1.016,-6.35,0.));
#8361 = DIRECTION('',(-0.707106781187,0.707106781187,0.));
#8362 = DIRECTION('',(0.707106781187,0.707106781187,0.));
#8363 = ADVANCED_FACE('',(#8364),#8375,.F.);
#8364 = FACE_BOUND('',#8365,.F.);
#8365 = EDGE_LOOP('',(#8366,#8367,#8368,#8374));
#8366 = ORIENTED_EDGE('',*,*,#8335,.T.);
#8367 = ORIENTED_EDGE('',*,*,#7159,.T.);
#8368 = ORIENTED_EDGE('',*,*,#8369,.F.);
#8369 = EDGE_CURVE('',#6175,#7160,#8370,.T.);
#8370 = LINE('',#8371,#8372);
#8371 = CARTESIAN_POINT('',(-1.27,-8.636,0.));
#8372 = VECTOR('',#8373,1.);
#8373 = DIRECTION('',(0.,0.,1.));
#8374 = ORIENTED_EDGE('',*,*,#6174,.F.);
#8375 = PLANE('',#8376);
#8376 = AXIS2_PLACEMENT_3D('',#8377,#8378,#8379);
#8377 = CARTESIAN_POINT('',(-1.27,-6.604,0.));
#8378 = DIRECTION('',(1.,0.,0.));
#8379 = DIRECTION('',(0.,-1.,0.));
#8380 = ADVANCED_FACE('',(#8381),#8392,.F.);
#8381 = FACE_BOUND('',#8382,.F.);
#8382 = EDGE_LOOP('',(#8383,#8389,#8390,#8391));
#8383 = ORIENTED_EDGE('',*,*,#8384,.T.);
#8384 = EDGE_CURVE('',#6591,#7576,#8385,.T.);
#8385 = LINE('',#8386,#8387);
#8386 = CARTESIAN_POINT('',(1.27,-6.604,0.));
#8387 = VECTOR('',#8388,1.);
#8388 = DIRECTION('',(0.,0.,1.));
#8389 = ORIENTED_EDGE('',*,*,#7583,.T.);
#8390 = ORIENTED_EDGE('',*,*,#8350,.F.);
#8391 = ORIENTED_EDGE('',*,*,#6598,.F.);
#8392 = PLANE('',#8393);
#8393 = AXIS2_PLACEMENT_3D('',#8394,#8395,#8396);
#8394 = CARTESIAN_POINT('',(1.27,-6.604,0.));
#8395 = DIRECTION('',(-0.707106781187,-0.707106781187,0.));
#8396 = DIRECTION('',(-0.707106781187,0.707106781187,0.));
#8397 = ADVANCED_FACE('',(#8398),#8409,.F.);
#8398 = FACE_BOUND('',#8399,.F.);
#8399 = EDGE_LOOP('',(#8400,#8401,#8402,#8408));
#8400 = ORIENTED_EDGE('',*,*,#8369,.T.);
#8401 = ORIENTED_EDGE('',*,*,#7167,.T.);
#8402 = ORIENTED_EDGE('',*,*,#8403,.F.);
#8403 = EDGE_CURVE('',#6183,#7168,#8404,.T.);
#8404 = LINE('',#8405,#8406);
#8405 = CARTESIAN_POINT('',(-1.016,-8.89,0.));
#8406 = VECTOR('',#8407,1.);
#8407 = DIRECTION('',(0.,0.,1.));
#8408 = ORIENTED_EDGE('',*,*,#6182,.F.);
#8409 = PLANE('',#8410);
#8410 = AXIS2_PLACEMENT_3D('',#8411,#8412,#8413);
#8411 = CARTESIAN_POINT('',(-1.27,-8.636,0.));
#8412 = DIRECTION('',(0.707106781187,0.707106781187,0.));
#8413 = DIRECTION('',(0.707106781187,-0.707106781187,0.));
#8414 = ADVANCED_FACE('',(#8415),#8426,.F.);
#8415 = FACE_BOUND('',#8416,.F.);
#8416 = EDGE_LOOP('',(#8417,#8423,#8424,#8425));
#8417 = ORIENTED_EDGE('',*,*,#8418,.T.);
#8418 = EDGE_CURVE('',#6583,#7568,#8419,.T.);
#8419 = LINE('',#8420,#8421);
#8420 = CARTESIAN_POINT('',(1.27,-8.636,0.));
#8421 = VECTOR('',#8422,1.);
#8422 = DIRECTION('',(0.,0.,1.));
#8423 = ORIENTED_EDGE('',*,*,#7575,.T.);
#8424 = ORIENTED_EDGE('',*,*,#8384,.F.);
#8425 = ORIENTED_EDGE('',*,*,#6590,.F.);
#8426 = PLANE('',#8427);
#8427 = AXIS2_PLACEMENT_3D('',#8428,#8429,#8430);
#8428 = CARTESIAN_POINT('',(1.27,-8.636,0.));
#8429 = DIRECTION('',(-1.,0.,0.));
#8430 = DIRECTION('',(0.,1.,0.));
#8431 = ADVANCED_FACE('',(#8432),#8443,.F.);
#8432 = FACE_BOUND('',#8433,.F.);
#8433 = EDGE_LOOP('',(#8434,#8435,#8436,#8442));
#8434 = ORIENTED_EDGE('',*,*,#8403,.T.);
#8435 = ORIENTED_EDGE('',*,*,#7175,.T.);
#8436 = ORIENTED_EDGE('',*,*,#8437,.F.);
#8437 = EDGE_CURVE('',#6191,#7176,#8438,.T.);
#8438 = LINE('',#8439,#8440);
#8439 = CARTESIAN_POINT('',(-1.27,-9.144,0.));
#8440 = VECTOR('',#8441,1.);
#8441 = DIRECTION('',(0.,0.,1.));
#8442 = ORIENTED_EDGE('',*,*,#6190,.F.);
#8443 = PLANE('',#8444);
#8444 = AXIS2_PLACEMENT_3D('',#8445,#8446,#8447);
#8445 = CARTESIAN_POINT('',(-1.016,-8.89,0.));
#8446 = DIRECTION('',(0.707106781187,-0.707106781187,0.));
#8447 = DIRECTION('',(-0.707106781187,-0.707106781187,0.));
#8448 = ADVANCED_FACE('',(#8449),#8460,.F.);
#8449 = FACE_BOUND('',#8450,.F.);
#8450 = EDGE_LOOP('',(#8451,#8457,#8458,#8459));
#8451 = ORIENTED_EDGE('',*,*,#8452,.T.);
#8452 = EDGE_CURVE('',#6575,#7560,#8453,.T.);
#8453 = LINE('',#8454,#8455);
#8454 = CARTESIAN_POINT('',(1.016,-8.89,0.));
#8455 = VECTOR('',#8456,1.);
#8456 = DIRECTION('',(0.,0.,1.));
#8457 = ORIENTED_EDGE('',*,*,#7567,.T.);
#8458 = ORIENTED_EDGE('',*,*,#8418,.F.);
#8459 = ORIENTED_EDGE('',*,*,#6582,.F.);
#8460 = PLANE('',#8461);
#8461 = AXIS2_PLACEMENT_3D('',#8462,#8463,#8464);
#8462 = CARTESIAN_POINT('',(1.016,-8.89,0.));
#8463 = DIRECTION('',(-0.707106781187,0.707106781187,0.));
#8464 = DIRECTION('',(0.707106781187,0.707106781187,0.));
#8465 = ADVANCED_FACE('',(#8466),#8477,.F.);
#8466 = FACE_BOUND('',#8467,.F.);
#8467 = EDGE_LOOP('',(#8468,#8469,#8470,#8476));
#8468 = ORIENTED_EDGE('',*,*,#8437,.T.);
#8469 = ORIENTED_EDGE('',*,*,#7183,.T.);
#8470 = ORIENTED_EDGE('',*,*,#8471,.F.);
#8471 = EDGE_CURVE('',#6199,#7184,#8472,.T.);
#8472 = LINE('',#8473,#8474);
#8473 = CARTESIAN_POINT('',(-1.27,-11.176,0.));
#8474 = VECTOR('',#8475,1.);
#8475 = DIRECTION('',(0.,0.,1.));
#8476 = ORIENTED_EDGE('',*,*,#6198,.F.);
#8477 = PLANE('',#8478);
#8478 = AXIS2_PLACEMENT_3D('',#8479,#8480,#8481);
#8479 = CARTESIAN_POINT('',(-1.27,-9.144,0.));
#8480 = DIRECTION('',(1.,0.,0.));
#8481 = DIRECTION('',(0.,-1.,0.));
#8482 = ADVANCED_FACE('',(#8483),#8494,.F.);
#8483 = FACE_BOUND('',#8484,.F.);
#8484 = EDGE_LOOP('',(#8485,#8491,#8492,#8493));
#8485 = ORIENTED_EDGE('',*,*,#8486,.T.);
#8486 = EDGE_CURVE('',#6567,#7552,#8487,.T.);
#8487 = LINE('',#8488,#8489);
#8488 = CARTESIAN_POINT('',(1.27,-9.144,0.));
#8489 = VECTOR('',#8490,1.);
#8490 = DIRECTION('',(0.,0.,1.));
#8491 = ORIENTED_EDGE('',*,*,#7559,.T.);
#8492 = ORIENTED_EDGE('',*,*,#8452,.F.);
#8493 = ORIENTED_EDGE('',*,*,#6574,.F.);
#8494 = PLANE('',#8495);
#8495 = AXIS2_PLACEMENT_3D('',#8496,#8497,#8498);
#8496 = CARTESIAN_POINT('',(1.27,-9.144,0.));
#8497 = DIRECTION('',(-0.707106781187,-0.707106781187,0.));
#8498 = DIRECTION('',(-0.707106781187,0.707106781187,0.));
#8499 = ADVANCED_FACE('',(#8500),#8511,.F.);
#8500 = FACE_BOUND('',#8501,.F.);
#8501 = EDGE_LOOP('',(#8502,#8503,#8504,#8510));
#8502 = ORIENTED_EDGE('',*,*,#8471,.T.);
#8503 = ORIENTED_EDGE('',*,*,#7191,.T.);
#8504 = ORIENTED_EDGE('',*,*,#8505,.F.);
#8505 = EDGE_CURVE('',#6207,#7192,#8506,.T.);
#8506 = LINE('',#8507,#8508);
#8507 = CARTESIAN_POINT('',(-1.016,-11.43,0.));
#8508 = VECTOR('',#8509,1.);
#8509 = DIRECTION('',(0.,0.,1.));
#8510 = ORIENTED_EDGE('',*,*,#6206,.F.);
#8511 = PLANE('',#8512);
#8512 = AXIS2_PLACEMENT_3D('',#8513,#8514,#8515);
#8513 = CARTESIAN_POINT('',(-1.27,-11.176,0.));
#8514 = DIRECTION('',(0.707106781187,0.707106781187,0.));
#8515 = DIRECTION('',(0.707106781187,-0.707106781187,0.));
#8516 = ADVANCED_FACE('',(#8517),#8528,.F.);
#8517 = FACE_BOUND('',#8518,.F.);
#8518 = EDGE_LOOP('',(#8519,#8525,#8526,#8527));
#8519 = ORIENTED_EDGE('',*,*,#8520,.T.);
#8520 = EDGE_CURVE('',#6559,#7544,#8521,.T.);
#8521 = LINE('',#8522,#8523);
#8522 = CARTESIAN_POINT('',(1.27,-11.176,0.));
#8523 = VECTOR('',#8524,1.);
#8524 = DIRECTION('',(0.,0.,1.));
#8525 = ORIENTED_EDGE('',*,*,#7551,.T.);
#8526 = ORIENTED_EDGE('',*,*,#8486,.F.);
#8527 = ORIENTED_EDGE('',*,*,#6566,.F.);
#8528 = PLANE('',#8529);
#8529 = AXIS2_PLACEMENT_3D('',#8530,#8531,#8532);
#8530 = CARTESIAN_POINT('',(1.27,-11.176,0.));
#8531 = DIRECTION('',(-1.,0.,0.));
#8532 = DIRECTION('',(0.,1.,0.));
#8533 = ADVANCED_FACE('',(#8534),#8545,.F.);
#8534 = FACE_BOUND('',#8535,.F.);
#8535 = EDGE_LOOP('',(#8536,#8537,#8538,#8544));
#8536 = ORIENTED_EDGE('',*,*,#8505,.T.);
#8537 = ORIENTED_EDGE('',*,*,#7199,.T.);
#8538 = ORIENTED_EDGE('',*,*,#8539,.F.);
#8539 = EDGE_CURVE('',#6215,#7200,#8540,.T.);
#8540 = LINE('',#8541,#8542);
#8541 = CARTESIAN_POINT('',(-1.27,-11.684,0.));
#8542 = VECTOR('',#8543,1.);
#8543 = DIRECTION('',(0.,0.,1.));
#8544 = ORIENTED_EDGE('',*,*,#6214,.F.);
#8545 = PLANE('',#8546);
#8546 = AXIS2_PLACEMENT_3D('',#8547,#8548,#8549);
#8547 = CARTESIAN_POINT('',(-1.016,-11.43,0.));
#8548 = DIRECTION('',(0.707106781187,-0.707106781187,0.));
#8549 = DIRECTION('',(-0.707106781187,-0.707106781187,0.));
#8550 = ADVANCED_FACE('',(#8551),#8562,.F.);
#8551 = FACE_BOUND('',#8552,.F.);
#8552 = EDGE_LOOP('',(#8553,#8559,#8560,#8561));
#8553 = ORIENTED_EDGE('',*,*,#8554,.T.);
#8554 = EDGE_CURVE('',#6551,#7536,#8555,.T.);
#8555 = LINE('',#8556,#8557);
#8556 = CARTESIAN_POINT('',(1.016,-11.43,0.));
#8557 = VECTOR('',#8558,1.);
#8558 = DIRECTION('',(0.,0.,1.));
#8559 = ORIENTED_EDGE('',*,*,#7543,.T.);
#8560 = ORIENTED_EDGE('',*,*,#8520,.F.);
#8561 = ORIENTED_EDGE('',*,*,#6558,.F.);
#8562 = PLANE('',#8563);
#8563 = AXIS2_PLACEMENT_3D('',#8564,#8565,#8566);
#8564 = CARTESIAN_POINT('',(1.016,-11.43,0.));
#8565 = DIRECTION('',(-0.707106781187,0.707106781187,0.));
#8566 = DIRECTION('',(0.707106781187,0.707106781187,0.));
#8567 = ADVANCED_FACE('',(#8568),#8579,.F.);
#8568 = FACE_BOUND('',#8569,.F.);
#8569 = EDGE_LOOP('',(#8570,#8571,#8572,#8578));
#8570 = ORIENTED_EDGE('',*,*,#8539,.T.);
#8571 = ORIENTED_EDGE('',*,*,#7207,.T.);
#8572 = ORIENTED_EDGE('',*,*,#8573,.F.);
#8573 = EDGE_CURVE('',#6223,#7208,#8574,.T.);
#8574 = LINE('',#8575,#8576);
#8575 = CARTESIAN_POINT('',(-1.27,-13.716,0.));
#8576 = VECTOR('',#8577,1.);
#8577 = DIRECTION('',(0.,0.,1.));
#8578 = ORIENTED_EDGE('',*,*,#6222,.F.);
#8579 = PLANE('',#8580);
#8580 = AXIS2_PLACEMENT_3D('',#8581,#8582,#8583);
#8581 = CARTESIAN_POINT('',(-1.27,-11.684,0.));
#8582 = DIRECTION('',(1.,0.,0.));
#8583 = DIRECTION('',(0.,-1.,0.));
#8584 = ADVANCED_FACE('',(#8585),#8596,.F.);
#8585 = FACE_BOUND('',#8586,.F.);
#8586 = EDGE_LOOP('',(#8587,#8593,#8594,#8595));
#8587 = ORIENTED_EDGE('',*,*,#8588,.T.);
#8588 = EDGE_CURVE('',#6543,#7528,#8589,.T.);
#8589 = LINE('',#8590,#8591);
#8590 = CARTESIAN_POINT('',(1.27,-11.684,0.));
#8591 = VECTOR('',#8592,1.);
#8592 = DIRECTION('',(0.,0.,1.));
#8593 = ORIENTED_EDGE('',*,*,#7535,.T.);
#8594 = ORIENTED_EDGE('',*,*,#8554,.F.);
#8595 = ORIENTED_EDGE('',*,*,#6550,.F.);
#8596 = PLANE('',#8597);
#8597 = AXIS2_PLACEMENT_3D('',#8598,#8599,#8600);
#8598 = CARTESIAN_POINT('',(1.27,-11.684,0.));
#8599 = DIRECTION('',(-0.707106781187,-0.707106781187,0.));
#8600 = DIRECTION('',(-0.707106781187,0.707106781187,0.));
#8601 = ADVANCED_FACE('',(#8602),#8613,.F.);
#8602 = FACE_BOUND('',#8603,.F.);
#8603 = EDGE_LOOP('',(#8604,#8605,#8606,#8612));
#8604 = ORIENTED_EDGE('',*,*,#8573,.T.);
#8605 = ORIENTED_EDGE('',*,*,#7215,.T.);
#8606 = ORIENTED_EDGE('',*,*,#8607,.F.);
#8607 = EDGE_CURVE('',#6231,#7216,#8608,.T.);
#8608 = LINE('',#8609,#8610);
#8609 = CARTESIAN_POINT('',(-1.016,-13.97,0.));
#8610 = VECTOR('',#8611,1.);
#8611 = DIRECTION('',(0.,0.,1.));
#8612 = ORIENTED_EDGE('',*,*,#6230,.F.);
#8613 = PLANE('',#8614);
#8614 = AXIS2_PLACEMENT_3D('',#8615,#8616,#8617);
#8615 = CARTESIAN_POINT('',(-1.27,-13.716,0.));
#8616 = DIRECTION('',(0.707106781187,0.707106781187,0.));
#8617 = DIRECTION('',(0.707106781187,-0.707106781187,0.));
#8618 = ADVANCED_FACE('',(#8619),#8630,.F.);
#8619 = FACE_BOUND('',#8620,.F.);
#8620 = EDGE_LOOP('',(#8621,#8627,#8628,#8629));
#8621 = ORIENTED_EDGE('',*,*,#8622,.T.);
#8622 = EDGE_CURVE('',#6535,#7520,#8623,.T.);
#8623 = LINE('',#8624,#8625);
#8624 = CARTESIAN_POINT('',(1.27,-13.716,0.));
#8625 = VECTOR('',#8626,1.);
#8626 = DIRECTION('',(0.,0.,1.));
#8627 = ORIENTED_EDGE('',*,*,#7527,.T.);
#8628 = ORIENTED_EDGE('',*,*,#8588,.F.);
#8629 = ORIENTED_EDGE('',*,*,#6542,.F.);
#8630 = PLANE('',#8631);
#8631 = AXIS2_PLACEMENT_3D('',#8632,#8633,#8634);
#8632 = CARTESIAN_POINT('',(1.27,-13.716,0.));
#8633 = DIRECTION('',(-1.,0.,0.));
#8634 = DIRECTION('',(0.,1.,0.));
#8635 = ADVANCED_FACE('',(#8636),#8647,.F.);
#8636 = FACE_BOUND('',#8637,.F.);
#8637 = EDGE_LOOP('',(#8638,#8639,#8640,#8646));
#8638 = ORIENTED_EDGE('',*,*,#8607,.T.);
#8639 = ORIENTED_EDGE('',*,*,#7223,.T.);
#8640 = ORIENTED_EDGE('',*,*,#8641,.F.);
#8641 = EDGE_CURVE('',#6239,#7224,#8642,.T.);
#8642 = LINE('',#8643,#8644);
#8643 = CARTESIAN_POINT('',(-1.27,-14.224,0.));
#8644 = VECTOR('',#8645,1.);
#8645 = DIRECTION('',(0.,0.,1.));
#8646 = ORIENTED_EDGE('',*,*,#6238,.F.);
#8647 = PLANE('',#8648);
#8648 = AXIS2_PLACEMENT_3D('',#8649,#8650,#8651);
#8649 = CARTESIAN_POINT('',(-1.016,-13.97,0.));
#8650 = DIRECTION('',(0.707106781187,-0.707106781187,0.));
#8651 = DIRECTION('',(-0.707106781187,-0.707106781187,0.));
#8652 = ADVANCED_FACE('',(#8653),#8664,.F.);
#8653 = FACE_BOUND('',#8654,.F.);
#8654 = EDGE_LOOP('',(#8655,#8661,#8662,#8663));
#8655 = ORIENTED_EDGE('',*,*,#8656,.T.);
#8656 = EDGE_CURVE('',#6527,#7512,#8657,.T.);
#8657 = LINE('',#8658,#8659);
#8658 = CARTESIAN_POINT('',(1.016,-13.97,0.));
#8659 = VECTOR('',#8660,1.);
#8660 = DIRECTION('',(0.,0.,1.));
#8661 = ORIENTED_EDGE('',*,*,#7519,.T.);
#8662 = ORIENTED_EDGE('',*,*,#8622,.F.);
#8663 = ORIENTED_EDGE('',*,*,#6534,.F.);
#8664 = PLANE('',#8665);
#8665 = AXIS2_PLACEMENT_3D('',#8666,#8667,#8668);
#8666 = CARTESIAN_POINT('',(1.016,-13.97,0.));
#8667 = DIRECTION('',(-0.707106781187,0.707106781187,0.));
#8668 = DIRECTION('',(0.707106781187,0.707106781187,0.));
#8669 = ADVANCED_FACE('',(#8670),#8681,.F.);
#8670 = FACE_BOUND('',#8671,.F.);
#8671 = EDGE_LOOP('',(#8672,#8673,#8674,#8680));
#8672 = ORIENTED_EDGE('',*,*,#8641,.T.);
#8673 = ORIENTED_EDGE('',*,*,#7231,.T.);
#8674 = ORIENTED_EDGE('',*,*,#8675,.F.);
#8675 = EDGE_CURVE('',#6247,#7232,#8676,.T.);
#8676 = LINE('',#8677,#8678);
#8677 = CARTESIAN_POINT('',(-1.27,-16.256,0.));
#8678 = VECTOR('',#8679,1.);
#8679 = DIRECTION('',(0.,0.,1.));
#8680 = ORIENTED_EDGE('',*,*,#6246,.F.);
#8681 = PLANE('',#8682);
#8682 = AXIS2_PLACEMENT_3D('',#8683,#8684,#8685);
#8683 = CARTESIAN_POINT('',(-1.27,-14.224,0.));
#8684 = DIRECTION('',(1.,0.,0.));
#8685 = DIRECTION('',(0.,-1.,0.));
#8686 = ADVANCED_FACE('',(#8687),#8698,.F.);
#8687 = FACE_BOUND('',#8688,.F.);
#8688 = EDGE_LOOP('',(#8689,#8695,#8696,#8697));
#8689 = ORIENTED_EDGE('',*,*,#8690,.T.);
#8690 = EDGE_CURVE('',#6519,#7504,#8691,.T.);
#8691 = LINE('',#8692,#8693);
#8692 = CARTESIAN_POINT('',(1.27,-14.224,0.));
#8693 = VECTOR('',#8694,1.);
#8694 = DIRECTION('',(0.,0.,1.));
#8695 = ORIENTED_EDGE('',*,*,#7511,.T.);
#8696 = ORIENTED_EDGE('',*,*,#8656,.F.);
#8697 = ORIENTED_EDGE('',*,*,#6526,.F.);
#8698 = PLANE('',#8699);
#8699 = AXIS2_PLACEMENT_3D('',#8700,#8701,#8702);
#8700 = CARTESIAN_POINT('',(1.27,-14.224,0.));
#8701 = DIRECTION('',(-0.707106781187,-0.707106781187,0.));
#8702 = DIRECTION('',(-0.707106781187,0.707106781187,0.));
#8703 = ADVANCED_FACE('',(#8704),#8715,.F.);
#8704 = FACE_BOUND('',#8705,.F.);
#8705 = EDGE_LOOP('',(#8706,#8707,#8708,#8714));
#8706 = ORIENTED_EDGE('',*,*,#8675,.T.);
#8707 = ORIENTED_EDGE('',*,*,#7239,.T.);
#8708 = ORIENTED_EDGE('',*,*,#8709,.F.);
#8709 = EDGE_CURVE('',#6255,#7240,#8710,.T.);
#8710 = LINE('',#8711,#8712);
#8711 = CARTESIAN_POINT('',(-1.016,-16.51,0.));
#8712 = VECTOR('',#8713,1.);
#8713 = DIRECTION('',(0.,0.,1.));
#8714 = ORIENTED_EDGE('',*,*,#6254,.F.);
#8715 = PLANE('',#8716);
#8716 = AXIS2_PLACEMENT_3D('',#8717,#8718,#8719);
#8717 = CARTESIAN_POINT('',(-1.27,-16.256,0.));
#8718 = DIRECTION('',(0.707106781187,0.707106781187,0.));
#8719 = DIRECTION('',(0.707106781187,-0.707106781187,0.));
#8720 = ADVANCED_FACE('',(#8721),#8732,.F.);
#8721 = FACE_BOUND('',#8722,.F.);
#8722 = EDGE_LOOP('',(#8723,#8729,#8730,#8731));
#8723 = ORIENTED_EDGE('',*,*,#8724,.T.);
#8724 = EDGE_CURVE('',#6511,#7496,#8725,.T.);
#8725 = LINE('',#8726,#8727);
#8726 = CARTESIAN_POINT('',(1.27,-16.256,0.));
#8727 = VECTOR('',#8728,1.);
#8728 = DIRECTION('',(0.,0.,1.));
#8729 = ORIENTED_EDGE('',*,*,#7503,.T.);
#8730 = ORIENTED_EDGE('',*,*,#8690,.F.);
#8731 = ORIENTED_EDGE('',*,*,#6518,.F.);
#8732 = PLANE('',#8733);
#8733 = AXIS2_PLACEMENT_3D('',#8734,#8735,#8736);
#8734 = CARTESIAN_POINT('',(1.27,-16.256,0.));
#8735 = DIRECTION('',(-1.,0.,0.));
#8736 = DIRECTION('',(0.,1.,0.));
#8737 = ADVANCED_FACE('',(#8738),#8749,.F.);
#8738 = FACE_BOUND('',#8739,.F.);
#8739 = EDGE_LOOP('',(#8740,#8741,#8742,#8748));
#8740 = ORIENTED_EDGE('',*,*,#8709,.T.);
#8741 = ORIENTED_EDGE('',*,*,#7247,.T.);
#8742 = ORIENTED_EDGE('',*,*,#8743,.F.);
#8743 = EDGE_CURVE('',#6263,#7248,#8744,.T.);
#8744 = LINE('',#8745,#8746);
#8745 = CARTESIAN_POINT('',(-1.27,-16.764,0.));
#8746 = VECTOR('',#8747,1.);
#8747 = DIRECTION('',(0.,0.,1.));
#8748 = ORIENTED_EDGE('',*,*,#6262,.F.);
#8749 = PLANE('',#8750);
#8750 = AXIS2_PLACEMENT_3D('',#8751,#8752,#8753);
#8751 = CARTESIAN_POINT('',(-1.016,-16.51,0.));
#8752 = DIRECTION('',(0.707106781187,-0.707106781187,0.));
#8753 = DIRECTION('',(-0.707106781187,-0.707106781187,0.));
#8754 = ADVANCED_FACE('',(#8755),#8766,.F.);
#8755 = FACE_BOUND('',#8756,.F.);
#8756 = EDGE_LOOP('',(#8757,#8763,#8764,#8765));
#8757 = ORIENTED_EDGE('',*,*,#8758,.T.);
#8758 = EDGE_CURVE('',#6503,#7488,#8759,.T.);
#8759 = LINE('',#8760,#8761);
#8760 = CARTESIAN_POINT('',(1.016,-16.51,0.));
#8761 = VECTOR('',#8762,1.);
#8762 = DIRECTION('',(0.,0.,1.));
#8763 = ORIENTED_EDGE('',*,*,#7495,.T.);
#8764 = ORIENTED_EDGE('',*,*,#8724,.F.);
#8765 = ORIENTED_EDGE('',*,*,#6510,.F.);
#8766 = PLANE('',#8767);
#8767 = AXIS2_PLACEMENT_3D('',#8768,#8769,#8770);
#8768 = CARTESIAN_POINT('',(1.016,-16.51,0.));
#8769 = DIRECTION('',(-0.707106781187,0.707106781187,0.));
#8770 = DIRECTION('',(0.707106781187,0.707106781187,0.));
#8771 = ADVANCED_FACE('',(#8772),#8783,.F.);
#8772 = FACE_BOUND('',#8773,.F.);
#8773 = EDGE_LOOP('',(#8774,#8775,#8776,#8782));
#8774 = ORIENTED_EDGE('',*,*,#8743,.T.);
#8775 = ORIENTED_EDGE('',*,*,#7255,.T.);
#8776 = ORIENTED_EDGE('',*,*,#8777,.F.);
#8777 = EDGE_CURVE('',#6271,#7256,#8778,.T.);
#8778 = LINE('',#8779,#8780);
#8779 = CARTESIAN_POINT('',(-1.27,-18.796,0.));
#8780 = VECTOR('',#8781,1.);
#8781 = DIRECTION('',(0.,0.,1.));
#8782 = ORIENTED_EDGE('',*,*,#6270,.F.);
#8783 = PLANE('',#8784);
#8784 = AXIS2_PLACEMENT_3D('',#8785,#8786,#8787);
#8785 = CARTESIAN_POINT('',(-1.27,-16.764,0.));
#8786 = DIRECTION('',(1.,0.,0.));
#8787 = DIRECTION('',(0.,-1.,0.));
#8788 = ADVANCED_FACE('',(#8789),#8800,.F.);
#8789 = FACE_BOUND('',#8790,.F.);
#8790 = EDGE_LOOP('',(#8791,#8797,#8798,#8799));
#8791 = ORIENTED_EDGE('',*,*,#8792,.T.);
#8792 = EDGE_CURVE('',#6495,#7480,#8793,.T.);
#8793 = LINE('',#8794,#8795);
#8794 = CARTESIAN_POINT('',(1.27,-16.764,0.));
#8795 = VECTOR('',#8796,1.);
#8796 = DIRECTION('',(0.,0.,1.));
#8797 = ORIENTED_EDGE('',*,*,#7487,.T.);
#8798 = ORIENTED_EDGE('',*,*,#8758,.F.);
#8799 = ORIENTED_EDGE('',*,*,#6502,.F.);
#8800 = PLANE('',#8801);
#8801 = AXIS2_PLACEMENT_3D('',#8802,#8803,#8804);
#8802 = CARTESIAN_POINT('',(1.27,-16.764,0.));
#8803 = DIRECTION('',(-0.707106781187,-0.707106781187,0.));
#8804 = DIRECTION('',(-0.707106781187,0.707106781187,0.));
#8805 = ADVANCED_FACE('',(#8806),#8817,.F.);
#8806 = FACE_BOUND('',#8807,.F.);
#8807 = EDGE_LOOP('',(#8808,#8809,#8810,#8816));
#8808 = ORIENTED_EDGE('',*,*,#8777,.T.);
#8809 = ORIENTED_EDGE('',*,*,#7263,.T.);
#8810 = ORIENTED_EDGE('',*,*,#8811,.F.);
#8811 = EDGE_CURVE('',#6279,#7264,#8812,.T.);
#8812 = LINE('',#8813,#8814);
#8813 = CARTESIAN_POINT('',(-1.016,-19.05,0.));
#8814 = VECTOR('',#8815,1.);
#8815 = DIRECTION('',(0.,0.,1.));
#8816 = ORIENTED_EDGE('',*,*,#6278,.F.);
#8817 = PLANE('',#8818);
#8818 = AXIS2_PLACEMENT_3D('',#8819,#8820,#8821);
#8819 = CARTESIAN_POINT('',(-1.27,-18.796,0.));
#8820 = DIRECTION('',(0.707106781187,0.707106781187,0.));
#8821 = DIRECTION('',(0.707106781187,-0.707106781187,0.));
#8822 = ADVANCED_FACE('',(#8823),#8834,.F.);
#8823 = FACE_BOUND('',#8824,.F.);
#8824 = EDGE_LOOP('',(#8825,#8831,#8832,#8833));
#8825 = ORIENTED_EDGE('',*,*,#8826,.T.);
#8826 = EDGE_CURVE('',#6487,#7472,#8827,.T.);
#8827 = LINE('',#8828,#8829);
#8828 = CARTESIAN_POINT('',(1.27,-18.796,0.));
#8829 = VECTOR('',#8830,1.);
#8830 = DIRECTION('',(0.,0.,1.));
#8831 = ORIENTED_EDGE('',*,*,#7479,.T.);
#8832 = ORIENTED_EDGE('',*,*,#8792,.F.);
#8833 = ORIENTED_EDGE('',*,*,#6494,.F.);
#8834 = PLANE('',#8835);
#8835 = AXIS2_PLACEMENT_3D('',#8836,#8837,#8838);
#8836 = CARTESIAN_POINT('',(1.27,-18.796,0.));
#8837 = DIRECTION('',(-1.,0.,0.));
#8838 = DIRECTION('',(0.,1.,0.));
#8839 = ADVANCED_FACE('',(#8840),#8851,.F.);
#8840 = FACE_BOUND('',#8841,.F.);
#8841 = EDGE_LOOP('',(#8842,#8843,#8844,#8850));
#8842 = ORIENTED_EDGE('',*,*,#8811,.T.);
#8843 = ORIENTED_EDGE('',*,*,#7271,.T.);
#8844 = ORIENTED_EDGE('',*,*,#8845,.F.);
#8845 = EDGE_CURVE('',#6287,#7272,#8846,.T.);
#8846 = LINE('',#8847,#8848);
#8847 = CARTESIAN_POINT('',(-1.27,-19.304,0.));
#8848 = VECTOR('',#8849,1.);
#8849 = DIRECTION('',(0.,0.,1.));
#8850 = ORIENTED_EDGE('',*,*,#6286,.F.);
#8851 = PLANE('',#8852);
#8852 = AXIS2_PLACEMENT_3D('',#8853,#8854,#8855);
#8853 = CARTESIAN_POINT('',(-1.016,-19.05,0.));
#8854 = DIRECTION('',(0.707106781187,-0.707106781187,0.));
#8855 = DIRECTION('',(-0.707106781187,-0.707106781187,0.));
#8856 = ADVANCED_FACE('',(#8857),#8868,.F.);
#8857 = FACE_BOUND('',#8858,.F.);
#8858 = EDGE_LOOP('',(#8859,#8865,#8866,#8867));
#8859 = ORIENTED_EDGE('',*,*,#8860,.T.);
#8860 = EDGE_CURVE('',#6479,#7464,#8861,.T.);
#8861 = LINE('',#8862,#8863);
#8862 = CARTESIAN_POINT('',(1.016,-19.05,0.));
#8863 = VECTOR('',#8864,1.);
#8864 = DIRECTION('',(0.,0.,1.));
#8865 = ORIENTED_EDGE('',*,*,#7471,.T.);
#8866 = ORIENTED_EDGE('',*,*,#8826,.F.);
#8867 = ORIENTED_EDGE('',*,*,#6486,.F.);
#8868 = PLANE('',#8869);
#8869 = AXIS2_PLACEMENT_3D('',#8870,#8871,#8872);
#8870 = CARTESIAN_POINT('',(1.016,-19.05,0.));
#8871 = DIRECTION('',(-0.707106781187,0.707106781187,0.));
#8872 = DIRECTION('',(0.707106781187,0.707106781187,0.));
#8873 = ADVANCED_FACE('',(#8874),#8885,.F.);
#8874 = FACE_BOUND('',#8875,.F.);
#8875 = EDGE_LOOP('',(#8876,#8877,#8878,#8884));
#8876 = ORIENTED_EDGE('',*,*,#8845,.T.);
#8877 = ORIENTED_EDGE('',*,*,#7279,.T.);
#8878 = ORIENTED_EDGE('',*,*,#8879,.F.);
#8879 = EDGE_CURVE('',#6295,#7280,#8880,.T.);
#8880 = LINE('',#8881,#8882);
#8881 = CARTESIAN_POINT('',(-1.27,-21.336,0.));
#8882 = VECTOR('',#8883,1.);
#8883 = DIRECTION('',(0.,0.,1.));
#8884 = ORIENTED_EDGE('',*,*,#6294,.F.);
#8885 = PLANE('',#8886);
#8886 = AXIS2_PLACEMENT_3D('',#8887,#8888,#8889);
#8887 = CARTESIAN_POINT('',(-1.27,-19.304,0.));
#8888 = DIRECTION('',(1.,0.,0.));
#8889 = DIRECTION('',(0.,-1.,0.));
#8890 = ADVANCED_FACE('',(#8891),#8902,.F.);
#8891 = FACE_BOUND('',#8892,.F.);
#8892 = EDGE_LOOP('',(#8893,#8899,#8900,#8901));
#8893 = ORIENTED_EDGE('',*,*,#8894,.T.);
#8894 = EDGE_CURVE('',#6471,#7456,#8895,.T.);
#8895 = LINE('',#8896,#8897);
#8896 = CARTESIAN_POINT('',(1.27,-19.304,0.));
#8897 = VECTOR('',#8898,1.);
#8898 = DIRECTION('',(0.,0.,1.));
#8899 = ORIENTED_EDGE('',*,*,#7463,.T.);
#8900 = ORIENTED_EDGE('',*,*,#8860,.F.);
#8901 = ORIENTED_EDGE('',*,*,#6478,.F.);
#8902 = PLANE('',#8903);
#8903 = AXIS2_PLACEMENT_3D('',#8904,#8905,#8906);
#8904 = CARTESIAN_POINT('',(1.27,-19.304,0.));
#8905 = DIRECTION('',(-0.707106781187,-0.707106781187,0.));
#8906 = DIRECTION('',(-0.707106781187,0.707106781187,0.));
#8907 = ADVANCED_FACE('',(#8908),#8919,.F.);
#8908 = FACE_BOUND('',#8909,.F.);
#8909 = EDGE_LOOP('',(#8910,#8911,#8912,#8918));
#8910 = ORIENTED_EDGE('',*,*,#8879,.T.);
#8911 = ORIENTED_EDGE('',*,*,#7287,.T.);
#8912 = ORIENTED_EDGE('',*,*,#8913,.F.);
#8913 = EDGE_CURVE('',#6303,#7288,#8914,.T.);
#8914 = LINE('',#8915,#8916);
#8915 = CARTESIAN_POINT('',(-1.016,-21.59,0.));
#8916 = VECTOR('',#8917,1.);
#8917 = DIRECTION('',(0.,0.,1.));
#8918 = ORIENTED_EDGE('',*,*,#6302,.F.);
#8919 = PLANE('',#8920);
#8920 = AXIS2_PLACEMENT_3D('',#8921,#8922,#8923);
#8921 = CARTESIAN_POINT('',(-1.27,-21.336,0.));
#8922 = DIRECTION('',(0.707106781187,0.707106781187,0.));
#8923 = DIRECTION('',(0.707106781187,-0.707106781187,0.));
#8924 = ADVANCED_FACE('',(#8925),#8936,.F.);
#8925 = FACE_BOUND('',#8926,.F.);
#8926 = EDGE_LOOP('',(#8927,#8933,#8934,#8935));
#8927 = ORIENTED_EDGE('',*,*,#8928,.T.);
#8928 = EDGE_CURVE('',#6463,#7448,#8929,.T.);
#8929 = LINE('',#8930,#8931);
#8930 = CARTESIAN_POINT('',(1.27,-21.336,0.));
#8931 = VECTOR('',#8932,1.);
#8932 = DIRECTION('',(0.,0.,1.));
#8933 = ORIENTED_EDGE('',*,*,#7455,.T.);
#8934 = ORIENTED_EDGE('',*,*,#8894,.F.);
#8935 = ORIENTED_EDGE('',*,*,#6470,.F.);
#8936 = PLANE('',#8937);
#8937 = AXIS2_PLACEMENT_3D('',#8938,#8939,#8940);
#8938 = CARTESIAN_POINT('',(1.27,-21.336,0.));
#8939 = DIRECTION('',(-1.,0.,0.));
#8940 = DIRECTION('',(0.,1.,0.));
#8941 = ADVANCED_FACE('',(#8942),#8953,.F.);
#8942 = FACE_BOUND('',#8943,.F.);
#8943 = EDGE_LOOP('',(#8944,#8945,#8946,#8952));
#8944 = ORIENTED_EDGE('',*,*,#8913,.T.);
#8945 = ORIENTED_EDGE('',*,*,#7295,.T.);
#8946 = ORIENTED_EDGE('',*,*,#8947,.F.);
#8947 = EDGE_CURVE('',#6311,#7296,#8948,.T.);
#8948 = LINE('',#8949,#8950);
#8949 = CARTESIAN_POINT('',(-1.27,-21.844,0.));
#8950 = VECTOR('',#8951,1.);
#8951 = DIRECTION('',(0.,0.,1.));
#8952 = ORIENTED_EDGE('',*,*,#6310,.F.);
#8953 = PLANE('',#8954);
#8954 = AXIS2_PLACEMENT_3D('',#8955,#8956,#8957);
#8955 = CARTESIAN_POINT('',(-1.016,-21.59,0.));
#8956 = DIRECTION('',(0.707106781187,-0.707106781187,0.));
#8957 = DIRECTION('',(-0.707106781187,-0.707106781187,0.));
#8958 = ADVANCED_FACE('',(#8959),#8970,.F.);
#8959 = FACE_BOUND('',#8960,.F.);
#8960 = EDGE_LOOP('',(#8961,#8967,#8968,#8969));
#8961 = ORIENTED_EDGE('',*,*,#8962,.T.);
#8962 = EDGE_CURVE('',#6455,#7440,#8963,.T.);
#8963 = LINE('',#8964,#8965);
#8964 = CARTESIAN_POINT('',(1.016,-21.59,0.));
#8965 = VECTOR('',#8966,1.);
#8966 = DIRECTION('',(0.,0.,1.));
#8967 = ORIENTED_EDGE('',*,*,#7447,.T.);
#8968 = ORIENTED_EDGE('',*,*,#8928,.F.);
#8969 = ORIENTED_EDGE('',*,*,#6462,.F.);
#8970 = PLANE('',#8971);
#8971 = AXIS2_PLACEMENT_3D('',#8972,#8973,#8974);
#8972 = CARTESIAN_POINT('',(1.016,-21.59,0.));
#8973 = DIRECTION('',(-0.707106781187,0.707106781187,0.));
#8974 = DIRECTION('',(0.707106781187,0.707106781187,0.));
#8975 = ADVANCED_FACE('',(#8976),#8987,.F.);
#8976 = FACE_BOUND('',#8977,.F.);
#8977 = EDGE_LOOP('',(#8978,#8979,#8980,#8986));
#8978 = ORIENTED_EDGE('',*,*,#8947,.T.);
#8979 = ORIENTED_EDGE('',*,*,#7303,.T.);
#8980 = ORIENTED_EDGE('',*,*,#8981,.F.);
#8981 = EDGE_CURVE('',#6319,#7304,#8982,.T.);
#8982 = LINE('',#8983,#8984);
#8983 = CARTESIAN_POINT('',(-1.27,-23.876,0.));
#8984 = VECTOR('',#8985,1.);
#8985 = DIRECTION('',(0.,0.,1.));
#8986 = ORIENTED_EDGE('',*,*,#6318,.F.);
#8987 = PLANE('',#8988);
#8988 = AXIS2_PLACEMENT_3D('',#8989,#8990,#8991);
#8989 = CARTESIAN_POINT('',(-1.27,-21.844,0.));
#8990 = DIRECTION('',(1.,0.,0.));
#8991 = DIRECTION('',(0.,-1.,0.));
#8992 = ADVANCED_FACE('',(#8993),#9004,.F.);
#8993 = FACE_BOUND('',#8994,.F.);
#8994 = EDGE_LOOP('',(#8995,#9001,#9002,#9003));
#8995 = ORIENTED_EDGE('',*,*,#8996,.T.);
#8996 = EDGE_CURVE('',#6447,#7432,#8997,.T.);
#8997 = LINE('',#8998,#8999);
#8998 = CARTESIAN_POINT('',(1.27,-21.844,0.));
#8999 = VECTOR('',#9000,1.);
#9000 = DIRECTION('',(0.,0.,1.));
#9001 = ORIENTED_EDGE('',*,*,#7439,.T.);
#9002 = ORIENTED_EDGE('',*,*,#8962,.F.);
#9003 = ORIENTED_EDGE('',*,*,#6454,.F.);
#9004 = PLANE('',#9005);
#9005 = AXIS2_PLACEMENT_3D('',#9006,#9007,#9008);
#9006 = CARTESIAN_POINT('',(1.27,-21.844,0.));
#9007 = DIRECTION('',(-0.707106781187,-0.707106781187,0.));
#9008 = DIRECTION('',(-0.707106781187,0.707106781187,0.));
#9009 = ADVANCED_FACE('',(#9010),#9021,.F.);
#9010 = FACE_BOUND('',#9011,.F.);
#9011 = EDGE_LOOP('',(#9012,#9013,#9014,#9020));
#9012 = ORIENTED_EDGE('',*,*,#8981,.T.);
#9013 = ORIENTED_EDGE('',*,*,#7311,.T.);
#9014 = ORIENTED_EDGE('',*,*,#9015,.F.);
#9015 = EDGE_CURVE('',#6327,#7312,#9016,.T.);
#9016 = LINE('',#9017,#9018);
#9017 = CARTESIAN_POINT('',(-1.016,-24.13,0.));
#9018 = VECTOR('',#9019,1.);
#9019 = DIRECTION('',(0.,0.,1.));
#9020 = ORIENTED_EDGE('',*,*,#6326,.F.);
#9021 = PLANE('',#9022);
#9022 = AXIS2_PLACEMENT_3D('',#9023,#9024,#9025);
#9023 = CARTESIAN_POINT('',(-1.27,-23.876,0.));
#9024 = DIRECTION('',(0.707106781187,0.707106781187,0.));
#9025 = DIRECTION('',(0.707106781187,-0.707106781187,0.));
#9026 = ADVANCED_FACE('',(#9027),#9038,.F.);
#9027 = FACE_BOUND('',#9028,.F.);
#9028 = EDGE_LOOP('',(#9029,#9035,#9036,#9037));
#9029 = ORIENTED_EDGE('',*,*,#9030,.T.);
#9030 = EDGE_CURVE('',#6439,#7424,#9031,.T.);
#9031 = LINE('',#9032,#9033);
#9032 = CARTESIAN_POINT('',(1.27,-23.876,0.));
#9033 = VECTOR('',#9034,1.);
#9034 = DIRECTION('',(0.,0.,1.));
#9035 = ORIENTED_EDGE('',*,*,#7431,.T.);
#9036 = ORIENTED_EDGE('',*,*,#8996,.F.);
#9037 = ORIENTED_EDGE('',*,*,#6446,.F.);
#9038 = PLANE('',#9039);
#9039 = AXIS2_PLACEMENT_3D('',#9040,#9041,#9042);
#9040 = CARTESIAN_POINT('',(1.27,-23.876,0.));
#9041 = DIRECTION('',(-1.,0.,0.));
#9042 = DIRECTION('',(0.,1.,0.));
#9043 = ADVANCED_FACE('',(#9044),#9055,.F.);
#9044 = FACE_BOUND('',#9045,.F.);
#9045 = EDGE_LOOP('',(#9046,#9047,#9048,#9054));
#9046 = ORIENTED_EDGE('',*,*,#9015,.T.);
#9047 = ORIENTED_EDGE('',*,*,#7319,.T.);
#9048 = ORIENTED_EDGE('',*,*,#9049,.F.);
#9049 = EDGE_CURVE('',#6335,#7320,#9050,.T.);
#9050 = LINE('',#9051,#9052);
#9051 = CARTESIAN_POINT('',(-1.27,-24.384,0.));
#9052 = VECTOR('',#9053,1.);
#9053 = DIRECTION('',(0.,0.,1.));
#9054 = ORIENTED_EDGE('',*,*,#6334,.F.);
#9055 = PLANE('',#9056);
#9056 = AXIS2_PLACEMENT_3D('',#9057,#9058,#9059);
#9057 = CARTESIAN_POINT('',(-1.016,-24.13,0.));
#9058 = DIRECTION('',(0.707106781187,-0.707106781187,0.));
#9059 = DIRECTION('',(-0.707106781187,-0.707106781187,0.));
#9060 = ADVANCED_FACE('',(#9061),#9072,.F.);
#9061 = FACE_BOUND('',#9062,.F.);
#9062 = EDGE_LOOP('',(#9063,#9069,#9070,#9071));
#9063 = ORIENTED_EDGE('',*,*,#9064,.T.);
#9064 = EDGE_CURVE('',#6431,#7416,#9065,.T.);
#9065 = LINE('',#9066,#9067);
#9066 = CARTESIAN_POINT('',(1.016,-24.13,0.));
#9067 = VECTOR('',#9068,1.);
#9068 = DIRECTION('',(0.,0.,1.));
#9069 = ORIENTED_EDGE('',*,*,#7423,.T.);
#9070 = ORIENTED_EDGE('',*,*,#9030,.F.);
#9071 = ORIENTED_EDGE('',*,*,#6438,.F.);
#9072 = PLANE('',#9073);
#9073 = AXIS2_PLACEMENT_3D('',#9074,#9075,#9076);
#9074 = CARTESIAN_POINT('',(1.016,-24.13,0.));
#9075 = DIRECTION('',(-0.707106781187,0.707106781187,0.));
#9076 = DIRECTION('',(0.707106781187,0.707106781187,0.));
#9077 = ADVANCED_FACE('',(#9078),#9089,.F.);
#9078 = FACE_BOUND('',#9079,.F.);
#9079 = EDGE_LOOP('',(#9080,#9081,#9082,#9088));
#9080 = ORIENTED_EDGE('',*,*,#9049,.T.);
#9081 = ORIENTED_EDGE('',*,*,#7327,.T.);
#9082 = ORIENTED_EDGE('',*,*,#9083,.F.);
#9083 = EDGE_CURVE('',#6343,#7328,#9084,.T.);
#9084 = LINE('',#9085,#9086);
#9085 = CARTESIAN_POINT('',(-1.27,-26.416,0.));
#9086 = VECTOR('',#9087,1.);
#9087 = DIRECTION('',(0.,0.,1.));
#9088 = ORIENTED_EDGE('',*,*,#6342,.F.);
#9089 = PLANE('',#9090);
#9090 = AXIS2_PLACEMENT_3D('',#9091,#9092,#9093);
#9091 = CARTESIAN_POINT('',(-1.27,-24.384,0.));
#9092 = DIRECTION('',(1.,0.,0.));
#9093 = DIRECTION('',(0.,-1.,0.));
#9094 = ADVANCED_FACE('',(#9095),#9106,.F.);
#9095 = FACE_BOUND('',#9096,.F.);
#9096 = EDGE_LOOP('',(#9097,#9103,#9104,#9105));
#9097 = ORIENTED_EDGE('',*,*,#9098,.T.);
#9098 = EDGE_CURVE('',#6423,#7408,#9099,.T.);
#9099 = LINE('',#9100,#9101);
#9100 = CARTESIAN_POINT('',(1.27,-24.384,0.));
#9101 = VECTOR('',#9102,1.);
#9102 = DIRECTION('',(0.,0.,1.));
#9103 = ORIENTED_EDGE('',*,*,#7415,.T.);
#9104 = ORIENTED_EDGE('',*,*,#9064,.F.);
#9105 = ORIENTED_EDGE('',*,*,#6430,.F.);
#9106 = PLANE('',#9107);
#9107 = AXIS2_PLACEMENT_3D('',#9108,#9109,#9110);
#9108 = CARTESIAN_POINT('',(1.27,-24.384,0.));
#9109 = DIRECTION('',(-0.707106781187,-0.707106781187,0.));
#9110 = DIRECTION('',(-0.707106781187,0.707106781187,0.));
#9111 = ADVANCED_FACE('',(#9112),#9123,.F.);
#9112 = FACE_BOUND('',#9113,.F.);
#9113 = EDGE_LOOP('',(#9114,#9115,#9116,#9122));
#9114 = ORIENTED_EDGE('',*,*,#9083,.T.);
#9115 = ORIENTED_EDGE('',*,*,#7335,.T.);
#9116 = ORIENTED_EDGE('',*,*,#9117,.F.);
#9117 = EDGE_CURVE('',#6351,#7336,#9118,.T.);
#9118 = LINE('',#9119,#9120);
#9119 = CARTESIAN_POINT('',(-1.016,-26.67,0.));
#9120 = VECTOR('',#9121,1.);
#9121 = DIRECTION('',(0.,0.,1.));
#9122 = ORIENTED_EDGE('',*,*,#6350,.F.);
#9123 = PLANE('',#9124);
#9124 = AXIS2_PLACEMENT_3D('',#9125,#9126,#9127);
#9125 = CARTESIAN_POINT('',(-1.27,-26.416,0.));
#9126 = DIRECTION('',(0.707106781187,0.707106781187,0.));
#9127 = DIRECTION('',(0.707106781187,-0.707106781187,0.));
#9128 = ADVANCED_FACE('',(#9129),#9140,.F.);
#9129 = FACE_BOUND('',#9130,.F.);
#9130 = EDGE_LOOP('',(#9131,#9137,#9138,#9139));
#9131 = ORIENTED_EDGE('',*,*,#9132,.T.);
#9132 = EDGE_CURVE('',#6415,#7400,#9133,.T.);
#9133 = LINE('',#9134,#9135);
#9134 = CARTESIAN_POINT('',(1.27,-26.416,0.));
#9135 = VECTOR('',#9136,1.);
#9136 = DIRECTION('',(0.,0.,1.));
#9137 = ORIENTED_EDGE('',*,*,#7407,.T.);
#9138 = ORIENTED_EDGE('',*,*,#9098,.F.);
#9139 = ORIENTED_EDGE('',*,*,#6422,.F.);
#9140 = PLANE('',#9141);
#9141 = AXIS2_PLACEMENT_3D('',#9142,#9143,#9144);
#9142 = CARTESIAN_POINT('',(1.27,-26.416,0.));
#9143 = DIRECTION('',(-1.,0.,0.));
#9144 = DIRECTION('',(0.,1.,0.));
#9145 = ADVANCED_FACE('',(#9146),#9157,.F.);
#9146 = FACE_BOUND('',#9147,.F.);
#9147 = EDGE_LOOP('',(#9148,#9149,#9150,#9156));
#9148 = ORIENTED_EDGE('',*,*,#9117,.T.);
#9149 = ORIENTED_EDGE('',*,*,#7343,.T.);
#9150 = ORIENTED_EDGE('',*,*,#9151,.F.);
#9151 = EDGE_CURVE('',#6359,#7344,#9152,.T.);
#9152 = LINE('',#9153,#9154);
#9153 = CARTESIAN_POINT('',(-1.27,-26.924,0.));
#9154 = VECTOR('',#9155,1.);
#9155 = DIRECTION('',(0.,0.,1.));
#9156 = ORIENTED_EDGE('',*,*,#6358,.F.);
#9157 = PLANE('',#9158);
#9158 = AXIS2_PLACEMENT_3D('',#9159,#9160,#9161);
#9159 = CARTESIAN_POINT('',(-1.016,-26.67,0.));
#9160 = DIRECTION('',(0.707106781187,-0.707106781187,0.));
#9161 = DIRECTION('',(-0.707106781187,-0.707106781187,0.));
#9162 = ADVANCED_FACE('',(#9163),#9174,.F.);
#9163 = FACE_BOUND('',#9164,.F.);
#9164 = EDGE_LOOP('',(#9165,#9171,#9172,#9173));
#9165 = ORIENTED_EDGE('',*,*,#9166,.T.);
#9166 = EDGE_CURVE('',#6407,#7392,#9167,.T.);
#9167 = LINE('',#9168,#9169);
#9168 = CARTESIAN_POINT('',(1.016,-26.67,0.));
#9169 = VECTOR('',#9170,1.);
#9170 = DIRECTION('',(0.,0.,1.));
#9171 = ORIENTED_EDGE('',*,*,#7399,.T.);
#9172 = ORIENTED_EDGE('',*,*,#9132,.F.);
#9173 = ORIENTED_EDGE('',*,*,#6414,.F.);
#9174 = PLANE('',#9175);
#9175 = AXIS2_PLACEMENT_3D('',#9176,#9177,#9178);
#9176 = CARTESIAN_POINT('',(1.016,-26.67,0.));
#9177 = DIRECTION('',(-0.707106781187,0.707106781187,0.));
#9178 = DIRECTION('',(0.707106781187,0.707106781187,0.));
#9179 = ADVANCED_FACE('',(#9180),#9191,.F.);
#9180 = FACE_BOUND('',#9181,.F.);
#9181 = EDGE_LOOP('',(#9182,#9183,#9184,#9190));
#9182 = ORIENTED_EDGE('',*,*,#9151,.T.);
#9183 = ORIENTED_EDGE('',*,*,#7351,.T.);
#9184 = ORIENTED_EDGE('',*,*,#9185,.F.);
#9185 = EDGE_CURVE('',#6367,#7352,#9186,.T.);
#9186 = LINE('',#9187,#9188);
#9187 = CARTESIAN_POINT('',(-1.27,-28.956,0.));
#9188 = VECTOR('',#9189,1.);
#9189 = DIRECTION('',(0.,0.,1.));
#9190 = ORIENTED_EDGE('',*,*,#6366,.F.);
#9191 = PLANE('',#9192);
#9192 = AXIS2_PLACEMENT_3D('',#9193,#9194,#9195);
#9193 = CARTESIAN_POINT('',(-1.27,-26.924,0.));
#9194 = DIRECTION('',(1.,0.,0.));
#9195 = DIRECTION('',(0.,-1.,0.));
#9196 = ADVANCED_FACE('',(#9197),#9208,.F.);
#9197 = FACE_BOUND('',#9198,.F.);
#9198 = EDGE_LOOP('',(#9199,#9205,#9206,#9207));
#9199 = ORIENTED_EDGE('',*,*,#9200,.T.);
#9200 = EDGE_CURVE('',#6399,#7384,#9201,.T.);
#9201 = LINE('',#9202,#9203);
#9202 = CARTESIAN_POINT('',(1.27,-26.924,0.));
#9203 = VECTOR('',#9204,1.);
#9204 = DIRECTION('',(0.,0.,1.));
#9205 = ORIENTED_EDGE('',*,*,#7391,.T.);
#9206 = ORIENTED_EDGE('',*,*,#9166,.F.);
#9207 = ORIENTED_EDGE('',*,*,#6406,.F.);
#9208 = PLANE('',#9209);
#9209 = AXIS2_PLACEMENT_3D('',#9210,#9211,#9212);
#9210 = CARTESIAN_POINT('',(1.27,-26.924,0.));
#9211 = DIRECTION('',(-0.707106781187,-0.707106781187,0.));
#9212 = DIRECTION('',(-0.707106781187,0.707106781187,0.));
#9213 = ADVANCED_FACE('',(#9214),#9225,.F.);
#9214 = FACE_BOUND('',#9215,.F.);
#9215 = EDGE_LOOP('',(#9216,#9217,#9218,#9224));
#9216 = ORIENTED_EDGE('',*,*,#9185,.T.);
#9217 = ORIENTED_EDGE('',*,*,#7359,.T.);
#9218 = ORIENTED_EDGE('',*,*,#9219,.F.);
#9219 = EDGE_CURVE('',#6375,#7360,#9220,.T.);
#9220 = LINE('',#9221,#9222);
#9221 = CARTESIAN_POINT('',(-1.016,-29.21,0.));
#9222 = VECTOR('',#9223,1.);
#9223 = DIRECTION('',(0.,0.,1.));
#9224 = ORIENTED_EDGE('',*,*,#6374,.F.);
#9225 = PLANE('',#9226);
#9226 = AXIS2_PLACEMENT_3D('',#9227,#9228,#9229);
#9227 = CARTESIAN_POINT('',(-1.27,-28.956,0.));
#9228 = DIRECTION('',(0.707106781187,0.707106781187,0.));
#9229 = DIRECTION('',(0.707106781187,-0.707106781187,0.));
#9230 = ADVANCED_FACE('',(#9231),#9242,.F.);
#9231 = FACE_BOUND('',#9232,.F.);
#9232 = EDGE_LOOP('',(#9233,#9239,#9240,#9241));
#9233 = ORIENTED_EDGE('',*,*,#9234,.T.);
#9234 = EDGE_CURVE('',#6391,#7376,#9235,.T.);
#9235 = LINE('',#9236,#9237);
#9236 = CARTESIAN_POINT('',(1.27,-28.956,0.));
#9237 = VECTOR('',#9238,1.);
#9238 = DIRECTION('',(0.,0.,1.));
#9239 = ORIENTED_EDGE('',*,*,#7383,.T.);
#9240 = ORIENTED_EDGE('',*,*,#9200,.F.);
#9241 = ORIENTED_EDGE('',*,*,#6398,.F.);
#9242 = PLANE('',#9243);
#9243 = AXIS2_PLACEMENT_3D('',#9244,#9245,#9246);
#9244 = CARTESIAN_POINT('',(1.27,-28.956,0.));
#9245 = DIRECTION('',(-1.,0.,0.));
#9246 = DIRECTION('',(0.,1.,0.));
#9247 = ADVANCED_FACE('',(#9248),#9259,.F.);
#9248 = FACE_BOUND('',#9249,.F.);
#9249 = EDGE_LOOP('',(#9250,#9251,#9252,#9258));
#9250 = ORIENTED_EDGE('',*,*,#9219,.T.);
#9251 = ORIENTED_EDGE('',*,*,#7367,.T.);
#9252 = ORIENTED_EDGE('',*,*,#9253,.F.);
#9253 = EDGE_CURVE('',#6383,#7368,#9254,.T.);
#9254 = LINE('',#9255,#9256);
#9255 = CARTESIAN_POINT('',(1.016,-29.21,0.));
#9256 = VECTOR('',#9257,1.);
#9257 = DIRECTION('',(0.,0.,1.));
#9258 = ORIENTED_EDGE('',*,*,#6382,.F.);
#9259 = PLANE('',#9260);
#9260 = AXIS2_PLACEMENT_3D('',#9261,#9262,#9263);
#9261 = CARTESIAN_POINT('',(-1.016,-29.21,0.));
#9262 = DIRECTION('',(0.,1.,0.));
#9263 = DIRECTION('',(1.,0.,0.));
#9264 = ADVANCED_FACE('',(#9265),#9271,.F.);
#9265 = FACE_BOUND('',#9266,.F.);
#9266 = EDGE_LOOP('',(#9267,#9268,#9269,#9270));
#9267 = ORIENTED_EDGE('',*,*,#9253,.T.);
#9268 = ORIENTED_EDGE('',*,*,#7375,.T.);
#9269 = ORIENTED_EDGE('',*,*,#9234,.F.);
#9270 = ORIENTED_EDGE('',*,*,#6390,.F.);
#9271 = PLANE('',#9272);
#9272 = AXIS2_PLACEMENT_3D('',#9273,#9274,#9275);
#9273 = CARTESIAN_POINT('',(1.016,-29.21,0.));
#9274 = DIRECTION('',(-0.707106781187,0.707106781187,0.));
#9275 = DIRECTION('',(0.707106781187,0.707106781187,0.));
#9276 = ADVANCED_FACE('',(#9277),#9302,.T.);
#9277 = FACE_BOUND('',#9278,.T.);
#9278 = EDGE_LOOP('',(#9279,#9287,#9295,#9301));
#9279 = ORIENTED_EDGE('',*,*,#9280,.F.);
#9280 = EDGE_CURVE('',#9281,#6680,#9283,.T.);
#9281 = VERTEX_POINT('',#9282);
#9282 = CARTESIAN_POINT('',(0.32,-5.4,-2.84));
#9283 = LINE('',#9284,#9285);
#9284 = CARTESIAN_POINT('',(0.32,-5.4,-3.));
#9285 = VECTOR('',#9286,1.);
#9286 = DIRECTION('',(0.,0.,1.));
#9287 = ORIENTED_EDGE('',*,*,#9288,.T.);
#9288 = EDGE_CURVE('',#9281,#9289,#9291,.T.);
#9289 = VERTEX_POINT('',#9290);
#9290 = CARTESIAN_POINT('',(0.32,-4.76,-2.84));
#9291 = LINE('',#9292,#9293);
#9292 = CARTESIAN_POINT('',(0.32,-5.4,-2.84));
#9293 = VECTOR('',#9294,1.);
#9294 = DIRECTION('',(0.,1.,0.));
#9295 = ORIENTED_EDGE('',*,*,#9296,.T.);
#9296 = EDGE_CURVE('',#9289,#6682,#9297,.T.);
#9297 = LINE('',#9298,#9299);
#9298 = CARTESIAN_POINT('',(0.32,-4.76,-3.));
#9299 = VECTOR('',#9300,1.);
#9300 = DIRECTION('',(0.,0.,1.));
#9301 = ORIENTED_EDGE('',*,*,#6679,.F.);
#9302 = PLANE('',#9303);
#9303 = AXIS2_PLACEMENT_3D('',#9304,#9305,#9306);
#9304 = CARTESIAN_POINT('',(0.32,-5.4,-3.));
#9305 = DIRECTION('',(1.,0.,0.));
#9306 = DIRECTION('',(0.,0.,1.));
#9307 = ADVANCED_FACE('',(#9308),#9326,.T.);
#9308 = FACE_BOUND('',#9309,.T.);
#9309 = EDGE_LOOP('',(#9310,#9311,#9319,#9325));
#9310 = ORIENTED_EDGE('',*,*,#9296,.F.);
#9311 = ORIENTED_EDGE('',*,*,#9312,.F.);
#9312 = EDGE_CURVE('',#9313,#9289,#9315,.T.);
#9313 = VERTEX_POINT('',#9314);
#9314 = CARTESIAN_POINT('',(-0.32,-4.76,-2.84));
#9315 = LINE('',#9316,#9317);
#9316 = CARTESIAN_POINT('',(-0.32,-4.76,-2.84));
#9317 = VECTOR('',#9318,1.);
#9318 = DIRECTION('',(1.,0.,0.));
#9319 = ORIENTED_EDGE('',*,*,#9320,.T.);
#9320 = EDGE_CURVE('',#9313,#6698,#9321,.T.);
#9321 = LINE('',#9322,#9323);
#9322 = CARTESIAN_POINT('',(-0.32,-4.76,-3.));
#9323 = VECTOR('',#9324,1.);
#9324 = DIRECTION('',(0.,0.,1.));
#9325 = ORIENTED_EDGE('',*,*,#6705,.F.);
#9326 = PLANE('',#9327);
#9327 = AXIS2_PLACEMENT_3D('',#9328,#9329,#9330);
#9328 = CARTESIAN_POINT('',(-0.32,-4.76,-3.));
#9329 = DIRECTION('',(0.,1.,0.));
#9330 = DIRECTION('',(0.,-0.,1.));
#9331 = ADVANCED_FACE('',(#9332),#9350,.F.);
#9332 = FACE_BOUND('',#9333,.F.);
#9333 = EDGE_LOOP('',(#9334,#9342,#9348,#9349));
#9334 = ORIENTED_EDGE('',*,*,#9335,.F.);
#9335 = EDGE_CURVE('',#9336,#6690,#9338,.T.);
#9336 = VERTEX_POINT('',#9337);
#9337 = CARTESIAN_POINT('',(-0.32,-5.4,-2.84));
#9338 = LINE('',#9339,#9340);
#9339 = CARTESIAN_POINT('',(-0.32,-5.4,-3.));
#9340 = VECTOR('',#9341,1.);
#9341 = DIRECTION('',(0.,0.,1.));
#9342 = ORIENTED_EDGE('',*,*,#9343,.T.);
#9343 = EDGE_CURVE('',#9336,#9313,#9344,.T.);
#9344 = LINE('',#9345,#9346);
#9345 = CARTESIAN_POINT('',(-0.32,-5.4,-2.84));
#9346 = VECTOR('',#9347,1.);
#9347 = DIRECTION('',(0.,1.,0.));
#9348 = ORIENTED_EDGE('',*,*,#9320,.T.);
#9349 = ORIENTED_EDGE('',*,*,#6697,.F.);
#9350 = PLANE('',#9351);
#9351 = AXIS2_PLACEMENT_3D('',#9352,#9353,#9354);
#9352 = CARTESIAN_POINT('',(-0.32,-5.4,-3.));
#9353 = DIRECTION('',(1.,0.,0.));
#9354 = DIRECTION('',(0.,0.,1.));
#9355 = ADVANCED_FACE('',(#9356),#9367,.F.);
#9356 = FACE_BOUND('',#9357,.F.);
#9357 = EDGE_LOOP('',(#9358,#9359,#9365,#9366));
#9358 = ORIENTED_EDGE('',*,*,#9280,.F.);
#9359 = ORIENTED_EDGE('',*,*,#9360,.F.);
#9360 = EDGE_CURVE('',#9336,#9281,#9361,.T.);
#9361 = LINE('',#9362,#9363);
#9362 = CARTESIAN_POINT('',(-0.32,-5.4,-2.84));
#9363 = VECTOR('',#9364,1.);
#9364 = DIRECTION('',(1.,0.,0.));
#9365 = ORIENTED_EDGE('',*,*,#9335,.T.);
#9366 = ORIENTED_EDGE('',*,*,#6689,.F.);
#9367 = PLANE('',#9368);
#9368 = AXIS2_PLACEMENT_3D('',#9369,#9370,#9371);
#9369 = CARTESIAN_POINT('',(-0.32,-5.4,-3.));
#9370 = DIRECTION('',(0.,1.,0.));
#9371 = DIRECTION('',(0.,-0.,1.));
#9372 = ADVANCED_FACE('',(#9373),#9398,.F.);
#9373 = FACE_BOUND('',#9374,.F.);
#9374 = EDGE_LOOP('',(#9375,#9383,#9391,#9397));
#9375 = ORIENTED_EDGE('',*,*,#9376,.F.);
#9376 = EDGE_CURVE('',#9377,#6714,#9379,.T.);
#9377 = VERTEX_POINT('',#9378);
#9378 = CARTESIAN_POINT('',(0.32,-7.94,-2.84));
#9379 = LINE('',#9380,#9381);
#9380 = CARTESIAN_POINT('',(0.32,-7.94,-3.));
#9381 = VECTOR('',#9382,1.);
#9382 = DIRECTION('',(0.,0.,1.));
#9383 = ORIENTED_EDGE('',*,*,#9384,.F.);
#9384 = EDGE_CURVE('',#9385,#9377,#9387,.T.);
#9385 = VERTEX_POINT('',#9386);
#9386 = CARTESIAN_POINT('',(-0.32,-7.94,-2.84));
#9387 = LINE('',#9388,#9389);
#9388 = CARTESIAN_POINT('',(-0.32,-7.94,-2.84));
#9389 = VECTOR('',#9390,1.);
#9390 = DIRECTION('',(1.,0.,0.));
#9391 = ORIENTED_EDGE('',*,*,#9392,.T.);
#9392 = EDGE_CURVE('',#9385,#6716,#9393,.T.);
#9393 = LINE('',#9394,#9395);
#9394 = CARTESIAN_POINT('',(-0.32,-7.94,-3.));
#9395 = VECTOR('',#9396,1.);
#9396 = DIRECTION('',(0.,0.,1.));
#9397 = ORIENTED_EDGE('',*,*,#6713,.F.);
#9398 = PLANE('',#9399);
#9399 = AXIS2_PLACEMENT_3D('',#9400,#9401,#9402);
#9400 = CARTESIAN_POINT('',(-0.32,-7.94,-3.));
#9401 = DIRECTION('',(0.,1.,0.));
#9402 = DIRECTION('',(0.,-0.,1.));
#9403 = ADVANCED_FACE('',(#9404),#9422,.T.);
#9404 = FACE_BOUND('',#9405,.T.);
#9405 = EDGE_LOOP('',(#9406,#9407,#9415,#9421));
#9406 = ORIENTED_EDGE('',*,*,#9376,.F.);
#9407 = ORIENTED_EDGE('',*,*,#9408,.T.);
#9408 = EDGE_CURVE('',#9377,#9409,#9411,.T.);
#9409 = VERTEX_POINT('',#9410);
#9410 = CARTESIAN_POINT('',(0.32,-7.3,-2.84));
#9411 = LINE('',#9412,#9413);
#9412 = CARTESIAN_POINT('',(0.32,-7.94,-2.84));
#9413 = VECTOR('',#9414,1.);
#9414 = DIRECTION('',(0.,1.,0.));
#9415 = ORIENTED_EDGE('',*,*,#9416,.T.);
#9416 = EDGE_CURVE('',#9409,#6732,#9417,.T.);
#9417 = LINE('',#9418,#9419);
#9418 = CARTESIAN_POINT('',(0.32,-7.3,-3.));
#9419 = VECTOR('',#9420,1.);
#9420 = DIRECTION('',(0.,0.,1.));
#9421 = ORIENTED_EDGE('',*,*,#6739,.F.);
#9422 = PLANE('',#9423);
#9423 = AXIS2_PLACEMENT_3D('',#9424,#9425,#9426);
#9424 = CARTESIAN_POINT('',(0.32,-7.94,-3.));
#9425 = DIRECTION('',(1.,0.,0.));
#9426 = DIRECTION('',(0.,0.,1.));
#9427 = ADVANCED_FACE('',(#9428),#9446,.T.);
#9428 = FACE_BOUND('',#9429,.T.);
#9429 = EDGE_LOOP('',(#9430,#9431,#9439,#9445));
#9430 = ORIENTED_EDGE('',*,*,#9416,.F.);
#9431 = ORIENTED_EDGE('',*,*,#9432,.F.);
#9432 = EDGE_CURVE('',#9433,#9409,#9435,.T.);
#9433 = VERTEX_POINT('',#9434);
#9434 = CARTESIAN_POINT('',(-0.32,-7.3,-2.84));
#9435 = LINE('',#9436,#9437);
#9436 = CARTESIAN_POINT('',(-0.32,-7.3,-2.84));
#9437 = VECTOR('',#9438,1.);
#9438 = DIRECTION('',(1.,0.,0.));
#9439 = ORIENTED_EDGE('',*,*,#9440,.T.);
#9440 = EDGE_CURVE('',#9433,#6724,#9441,.T.);
#9441 = LINE('',#9442,#9443);
#9442 = CARTESIAN_POINT('',(-0.32,-7.3,-3.));
#9443 = VECTOR('',#9444,1.);
#9444 = DIRECTION('',(0.,0.,1.));
#9445 = ORIENTED_EDGE('',*,*,#6731,.F.);
#9446 = PLANE('',#9447);
#9447 = AXIS2_PLACEMENT_3D('',#9448,#9449,#9450);
#9448 = CARTESIAN_POINT('',(-0.32,-7.3,-3.));
#9449 = DIRECTION('',(0.,1.,0.));
#9450 = DIRECTION('',(0.,-0.,1.));
#9451 = ADVANCED_FACE('',(#9452),#9463,.F.);
#9452 = FACE_BOUND('',#9453,.F.);
#9453 = EDGE_LOOP('',(#9454,#9455,#9461,#9462));
#9454 = ORIENTED_EDGE('',*,*,#9392,.F.);
#9455 = ORIENTED_EDGE('',*,*,#9456,.T.);
#9456 = EDGE_CURVE('',#9385,#9433,#9457,.T.);
#9457 = LINE('',#9458,#9459);
#9458 = CARTESIAN_POINT('',(-0.32,-7.94,-2.84));
#9459 = VECTOR('',#9460,1.);
#9460 = DIRECTION('',(0.,1.,0.));
#9461 = ORIENTED_EDGE('',*,*,#9440,.T.);
#9462 = ORIENTED_EDGE('',*,*,#6723,.F.);
#9463 = PLANE('',#9464);
#9464 = AXIS2_PLACEMENT_3D('',#9465,#9466,#9467);
#9465 = CARTESIAN_POINT('',(-0.32,-7.94,-3.));
#9466 = DIRECTION('',(1.,0.,0.));
#9467 = DIRECTION('',(0.,0.,1.));
#9468 = ADVANCED_FACE('',(#9469),#9494,.F.);
#9469 = FACE_BOUND('',#9470,.F.);
#9470 = EDGE_LOOP('',(#9471,#9479,#9487,#9493));
#9471 = ORIENTED_EDGE('',*,*,#9472,.F.);
#9472 = EDGE_CURVE('',#9473,#6748,#9475,.T.);
#9473 = VERTEX_POINT('',#9474);
#9474 = CARTESIAN_POINT('',(0.32,-13.02,-2.84));
#9475 = LINE('',#9476,#9477);
#9476 = CARTESIAN_POINT('',(0.32,-13.02,-3.));
#9477 = VECTOR('',#9478,1.);
#9478 = DIRECTION('',(0.,0.,1.));
#9479 = ORIENTED_EDGE('',*,*,#9480,.F.);
#9480 = EDGE_CURVE('',#9481,#9473,#9483,.T.);
#9481 = VERTEX_POINT('',#9482);
#9482 = CARTESIAN_POINT('',(-0.32,-13.02,-2.84));
#9483 = LINE('',#9484,#9485);
#9484 = CARTESIAN_POINT('',(-0.32,-13.02,-2.84));
#9485 = VECTOR('',#9486,1.);
#9486 = DIRECTION('',(1.,0.,0.));
#9487 = ORIENTED_EDGE('',*,*,#9488,.T.);
#9488 = EDGE_CURVE('',#9481,#6750,#9489,.T.);
#9489 = LINE('',#9490,#9491);
#9490 = CARTESIAN_POINT('',(-0.32,-13.02,-3.));
#9491 = VECTOR('',#9492,1.);
#9492 = DIRECTION('',(0.,0.,1.));
#9493 = ORIENTED_EDGE('',*,*,#6747,.F.);
#9494 = PLANE('',#9495);
#9495 = AXIS2_PLACEMENT_3D('',#9496,#9497,#9498);
#9496 = CARTESIAN_POINT('',(-0.32,-13.02,-3.));
#9497 = DIRECTION('',(0.,1.,0.));
#9498 = DIRECTION('',(0.,-0.,1.));
#9499 = ADVANCED_FACE('',(#9500),#9518,.T.);
#9500 = FACE_BOUND('',#9501,.T.);
#9501 = EDGE_LOOP('',(#9502,#9503,#9511,#9517));
#9502 = ORIENTED_EDGE('',*,*,#9472,.F.);
#9503 = ORIENTED_EDGE('',*,*,#9504,.T.);
#9504 = EDGE_CURVE('',#9473,#9505,#9507,.T.);
#9505 = VERTEX_POINT('',#9506);
#9506 = CARTESIAN_POINT('',(0.32,-12.38,-2.84));
#9507 = LINE('',#9508,#9509);
#9508 = CARTESIAN_POINT('',(0.32,-13.02,-2.84));
#9509 = VECTOR('',#9510,1.);
#9510 = DIRECTION('',(0.,1.,0.));
#9511 = ORIENTED_EDGE('',*,*,#9512,.T.);
#9512 = EDGE_CURVE('',#9505,#6766,#9513,.T.);
#9513 = LINE('',#9514,#9515);
#9514 = CARTESIAN_POINT('',(0.32,-12.38,-3.));
#9515 = VECTOR('',#9516,1.);
#9516 = DIRECTION('',(0.,0.,1.));
#9517 = ORIENTED_EDGE('',*,*,#6773,.F.);
#9518 = PLANE('',#9519);
#9519 = AXIS2_PLACEMENT_3D('',#9520,#9521,#9522);
#9520 = CARTESIAN_POINT('',(0.32,-13.02,-3.));
#9521 = DIRECTION('',(1.,0.,0.));
#9522 = DIRECTION('',(0.,0.,1.));
#9523 = ADVANCED_FACE('',(#9524),#9542,.T.);
#9524 = FACE_BOUND('',#9525,.T.);
#9525 = EDGE_LOOP('',(#9526,#9527,#9535,#9541));
#9526 = ORIENTED_EDGE('',*,*,#9512,.F.);
#9527 = ORIENTED_EDGE('',*,*,#9528,.F.);
#9528 = EDGE_CURVE('',#9529,#9505,#9531,.T.);
#9529 = VERTEX_POINT('',#9530);
#9530 = CARTESIAN_POINT('',(-0.32,-12.38,-2.84));
#9531 = LINE('',#9532,#9533);
#9532 = CARTESIAN_POINT('',(-0.32,-12.38,-2.84));
#9533 = VECTOR('',#9534,1.);
#9534 = DIRECTION('',(1.,0.,0.));
#9535 = ORIENTED_EDGE('',*,*,#9536,.T.);
#9536 = EDGE_CURVE('',#9529,#6758,#9537,.T.);
#9537 = LINE('',#9538,#9539);
#9538 = CARTESIAN_POINT('',(-0.32,-12.38,-3.));
#9539 = VECTOR('',#9540,1.);
#9540 = DIRECTION('',(0.,0.,1.));
#9541 = ORIENTED_EDGE('',*,*,#6765,.F.);
#9542 = PLANE('',#9543);
#9543 = AXIS2_PLACEMENT_3D('',#9544,#9545,#9546);
#9544 = CARTESIAN_POINT('',(-0.32,-12.38,-3.));
#9545 = DIRECTION('',(0.,1.,0.));
#9546 = DIRECTION('',(0.,-0.,1.));
#9547 = ADVANCED_FACE('',(#9548),#9559,.F.);
#9548 = FACE_BOUND('',#9549,.F.);
#9549 = EDGE_LOOP('',(#9550,#9551,#9557,#9558));
#9550 = ORIENTED_EDGE('',*,*,#9488,.F.);
#9551 = ORIENTED_EDGE('',*,*,#9552,.T.);
#9552 = EDGE_CURVE('',#9481,#9529,#9553,.T.);
#9553 = LINE('',#9554,#9555);
#9554 = CARTESIAN_POINT('',(-0.32,-13.02,-2.84));
#9555 = VECTOR('',#9556,1.);
#9556 = DIRECTION('',(0.,1.,0.));
#9557 = ORIENTED_EDGE('',*,*,#9536,.T.);
#9558 = ORIENTED_EDGE('',*,*,#6757,.F.);
#9559 = PLANE('',#9560);
#9560 = AXIS2_PLACEMENT_3D('',#9561,#9562,#9563);
#9561 = CARTESIAN_POINT('',(-0.32,-13.02,-3.));
#9562 = DIRECTION('',(1.,0.,0.));
#9563 = DIRECTION('',(0.,0.,1.));
#9564 = ADVANCED_FACE('',(#9565),#9590,.T.);
#9565 = FACE_BOUND('',#9566,.T.);
#9566 = EDGE_LOOP('',(#9567,#9575,#9583,#9589));
#9567 = ORIENTED_EDGE('',*,*,#9568,.F.);
#9568 = EDGE_CURVE('',#9569,#6782,#9571,.T.);
#9569 = VERTEX_POINT('',#9570);
#9570 = CARTESIAN_POINT('',(0.32,-10.48,-2.84));
#9571 = LINE('',#9572,#9573);
#9572 = CARTESIAN_POINT('',(0.32,-10.48,-3.));
#9573 = VECTOR('',#9574,1.);
#9574 = DIRECTION('',(0.,0.,1.));
#9575 = ORIENTED_EDGE('',*,*,#9576,.T.);
#9576 = EDGE_CURVE('',#9569,#9577,#9579,.T.);
#9577 = VERTEX_POINT('',#9578);
#9578 = CARTESIAN_POINT('',(0.32,-9.84,-2.84));
#9579 = LINE('',#9580,#9581);
#9580 = CARTESIAN_POINT('',(0.32,-10.48,-2.84));
#9581 = VECTOR('',#9582,1.);
#9582 = DIRECTION('',(0.,1.,0.));
#9583 = ORIENTED_EDGE('',*,*,#9584,.T.);
#9584 = EDGE_CURVE('',#9577,#6784,#9585,.T.);
#9585 = LINE('',#9586,#9587);
#9586 = CARTESIAN_POINT('',(0.32,-9.84,-3.));
#9587 = VECTOR('',#9588,1.);
#9588 = DIRECTION('',(0.,0.,1.));
#9589 = ORIENTED_EDGE('',*,*,#6781,.F.);
#9590 = PLANE('',#9591);
#9591 = AXIS2_PLACEMENT_3D('',#9592,#9593,#9594);
#9592 = CARTESIAN_POINT('',(0.32,-10.48,-3.));
#9593 = DIRECTION('',(1.,0.,0.));
#9594 = DIRECTION('',(0.,0.,1.));
#9595 = ADVANCED_FACE('',(#9596),#9614,.T.);
#9596 = FACE_BOUND('',#9597,.T.);
#9597 = EDGE_LOOP('',(#9598,#9599,#9607,#9613));
#9598 = ORIENTED_EDGE('',*,*,#9584,.F.);
#9599 = ORIENTED_EDGE('',*,*,#9600,.F.);
#9600 = EDGE_CURVE('',#9601,#9577,#9603,.T.);
#9601 = VERTEX_POINT('',#9602);
#9602 = CARTESIAN_POINT('',(-0.32,-9.84,-2.84));
#9603 = LINE('',#9604,#9605);
#9604 = CARTESIAN_POINT('',(-0.32,-9.84,-2.84));
#9605 = VECTOR('',#9606,1.);
#9606 = DIRECTION('',(1.,0.,0.));
#9607 = ORIENTED_EDGE('',*,*,#9608,.T.);
#9608 = EDGE_CURVE('',#9601,#6800,#9609,.T.);
#9609 = LINE('',#9610,#9611);
#9610 = CARTESIAN_POINT('',(-0.32,-9.84,-3.));
#9611 = VECTOR('',#9612,1.);
#9612 = DIRECTION('',(0.,0.,1.));
#9613 = ORIENTED_EDGE('',*,*,#6807,.F.);
#9614 = PLANE('',#9615);
#9615 = AXIS2_PLACEMENT_3D('',#9616,#9617,#9618);
#9616 = CARTESIAN_POINT('',(-0.32,-9.84,-3.));
#9617 = DIRECTION('',(0.,1.,0.));
#9618 = DIRECTION('',(0.,-0.,1.));
#9619 = ADVANCED_FACE('',(#9620),#9638,.F.);
#9620 = FACE_BOUND('',#9621,.F.);
#9621 = EDGE_LOOP('',(#9622,#9630,#9636,#9637));
#9622 = ORIENTED_EDGE('',*,*,#9623,.F.);
#9623 = EDGE_CURVE('',#9624,#6792,#9626,.T.);
#9624 = VERTEX_POINT('',#9625);
#9625 = CARTESIAN_POINT('',(-0.32,-10.48,-2.84));
#9626 = LINE('',#9627,#9628);
#9627 = CARTESIAN_POINT('',(-0.32,-10.48,-3.));
#9628 = VECTOR('',#9629,1.);
#9629 = DIRECTION('',(0.,0.,1.));
#9630 = ORIENTED_EDGE('',*,*,#9631,.T.);
#9631 = EDGE_CURVE('',#9624,#9601,#9632,.T.);
#9632 = LINE('',#9633,#9634);
#9633 = CARTESIAN_POINT('',(-0.32,-10.48,-2.84));
#9634 = VECTOR('',#9635,1.);
#9635 = DIRECTION('',(0.,1.,0.));
#9636 = ORIENTED_EDGE('',*,*,#9608,.T.);
#9637 = ORIENTED_EDGE('',*,*,#6799,.F.);
#9638 = PLANE('',#9639);
#9639 = AXIS2_PLACEMENT_3D('',#9640,#9641,#9642);
#9640 = CARTESIAN_POINT('',(-0.32,-10.48,-3.));
#9641 = DIRECTION('',(1.,0.,0.));
#9642 = DIRECTION('',(0.,0.,1.));
#9643 = ADVANCED_FACE('',(#9644),#9655,.F.);
#9644 = FACE_BOUND('',#9645,.F.);
#9645 = EDGE_LOOP('',(#9646,#9647,#9653,#9654));
#9646 = ORIENTED_EDGE('',*,*,#9568,.F.);
#9647 = ORIENTED_EDGE('',*,*,#9648,.F.);
#9648 = EDGE_CURVE('',#9624,#9569,#9649,.T.);
#9649 = LINE('',#9650,#9651);
#9650 = CARTESIAN_POINT('',(-0.32,-10.48,-2.84));
#9651 = VECTOR('',#9652,1.);
#9652 = DIRECTION('',(1.,0.,0.));
#9653 = ORIENTED_EDGE('',*,*,#9623,.T.);
#9654 = ORIENTED_EDGE('',*,*,#6791,.F.);
#9655 = PLANE('',#9656);
#9656 = AXIS2_PLACEMENT_3D('',#9657,#9658,#9659);
#9657 = CARTESIAN_POINT('',(-0.32,-10.48,-3.));
#9658 = DIRECTION('',(0.,1.,0.));
#9659 = DIRECTION('',(0.,-0.,1.));
#9660 = ADVANCED_FACE('',(#9661),#9686,.T.);
#9661 = FACE_BOUND('',#9662,.T.);
#9662 = EDGE_LOOP('',(#9663,#9671,#9679,#9685));
#9663 = ORIENTED_EDGE('',*,*,#9664,.F.);
#9664 = EDGE_CURVE('',#9665,#6816,#9667,.T.);
#9665 = VERTEX_POINT('',#9666);
#9666 = CARTESIAN_POINT('',(0.32,-20.,-2.84));
#9667 = LINE('',#9668,#9669);
#9668 = CARTESIAN_POINT('',(0.32,-20.,-3.));
#9669 = VECTOR('',#9670,1.);
#9670 = DIRECTION('',(0.,0.,1.));
#9671 = ORIENTED_EDGE('',*,*,#9672,.F.);
#9672 = EDGE_CURVE('',#9673,#9665,#9675,.T.);
#9673 = VERTEX_POINT('',#9674);
#9674 = CARTESIAN_POINT('',(-0.32,-20.,-2.84));
#9675 = LINE('',#9676,#9677);
#9676 = CARTESIAN_POINT('',(-0.32,-20.,-2.84));
#9677 = VECTOR('',#9678,1.);
#9678 = DIRECTION('',(1.,0.,0.));
#9679 = ORIENTED_EDGE('',*,*,#9680,.T.);
#9680 = EDGE_CURVE('',#9673,#6818,#9681,.T.);
#9681 = LINE('',#9682,#9683);
#9682 = CARTESIAN_POINT('',(-0.32,-20.,-3.));
#9683 = VECTOR('',#9684,1.);
#9684 = DIRECTION('',(0.,0.,1.));
#9685 = ORIENTED_EDGE('',*,*,#6815,.F.);
#9686 = PLANE('',#9687);
#9687 = AXIS2_PLACEMENT_3D('',#9688,#9689,#9690);
#9688 = CARTESIAN_POINT('',(-0.32,-20.,-3.));
#9689 = DIRECTION('',(0.,1.,0.));
#9690 = DIRECTION('',(0.,-0.,1.));
#9691 = ADVANCED_FACE('',(#9692),#9710,.F.);
#9692 = FACE_BOUND('',#9693,.F.);
#9693 = EDGE_LOOP('',(#9694,#9702,#9708,#9709));
#9694 = ORIENTED_EDGE('',*,*,#9695,.F.);
#9695 = EDGE_CURVE('',#9696,#6834,#9698,.T.);
#9696 = VERTEX_POINT('',#9697);
#9697 = CARTESIAN_POINT('',(-0.32,-20.64,-2.84));
#9698 = LINE('',#9699,#9700);
#9699 = CARTESIAN_POINT('',(-0.32,-20.64,-3.));
#9700 = VECTOR('',#9701,1.);
#9701 = DIRECTION('',(0.,0.,1.));
#9702 = ORIENTED_EDGE('',*,*,#9703,.T.);
#9703 = EDGE_CURVE('',#9696,#9673,#9704,.T.);
#9704 = LINE('',#9705,#9706);
#9705 = CARTESIAN_POINT('',(-0.32,-20.64,-2.84));
#9706 = VECTOR('',#9707,1.);
#9707 = DIRECTION('',(0.,1.,0.));
#9708 = ORIENTED_EDGE('',*,*,#9680,.T.);
#9709 = ORIENTED_EDGE('',*,*,#6841,.F.);
#9710 = PLANE('',#9711);
#9711 = AXIS2_PLACEMENT_3D('',#9712,#9713,#9714);
#9712 = CARTESIAN_POINT('',(-0.32,-20.64,-3.));
#9713 = DIRECTION('',(1.,0.,0.));
#9714 = DIRECTION('',(0.,0.,1.));
#9715 = ADVANCED_FACE('',(#9716),#9734,.F.);
#9716 = FACE_BOUND('',#9717,.F.);
#9717 = EDGE_LOOP('',(#9718,#9726,#9732,#9733));
#9718 = ORIENTED_EDGE('',*,*,#9719,.F.);
#9719 = EDGE_CURVE('',#9720,#6826,#9722,.T.);
#9720 = VERTEX_POINT('',#9721);
#9721 = CARTESIAN_POINT('',(0.32,-20.64,-2.84));
#9722 = LINE('',#9723,#9724);
#9723 = CARTESIAN_POINT('',(0.32,-20.64,-3.));
#9724 = VECTOR('',#9725,1.);
#9725 = DIRECTION('',(0.,0.,1.));
#9726 = ORIENTED_EDGE('',*,*,#9727,.F.);
#9727 = EDGE_CURVE('',#9696,#9720,#9728,.T.);
#9728 = LINE('',#9729,#9730);
#9729 = CARTESIAN_POINT('',(-0.32,-20.64,-2.84));
#9730 = VECTOR('',#9731,1.);
#9731 = DIRECTION('',(1.,0.,0.));
#9732 = ORIENTED_EDGE('',*,*,#9695,.T.);
#9733 = ORIENTED_EDGE('',*,*,#6833,.F.);
#9734 = PLANE('',#9735);
#9735 = AXIS2_PLACEMENT_3D('',#9736,#9737,#9738);
#9736 = CARTESIAN_POINT('',(-0.32,-20.64,-3.));
#9737 = DIRECTION('',(0.,1.,0.));
#9738 = DIRECTION('',(0.,-0.,1.));
#9739 = ADVANCED_FACE('',(#9740),#9751,.T.);
#9740 = FACE_BOUND('',#9741,.T.);
#9741 = EDGE_LOOP('',(#9742,#9743,#9749,#9750));
#9742 = ORIENTED_EDGE('',*,*,#9719,.F.);
#9743 = ORIENTED_EDGE('',*,*,#9744,.T.);
#9744 = EDGE_CURVE('',#9720,#9665,#9745,.T.);
#9745 = LINE('',#9746,#9747);
#9746 = CARTESIAN_POINT('',(0.32,-20.64,-2.84));
#9747 = VECTOR('',#9748,1.);
#9748 = DIRECTION('',(0.,1.,0.));
#9749 = ORIENTED_EDGE('',*,*,#9664,.T.);
#9750 = ORIENTED_EDGE('',*,*,#6825,.F.);
#9751 = PLANE('',#9752);
#9752 = AXIS2_PLACEMENT_3D('',#9753,#9754,#9755);
#9753 = CARTESIAN_POINT('',(0.32,-20.64,-3.));
#9754 = DIRECTION('',(1.,0.,0.));
#9755 = DIRECTION('',(0.,0.,1.));
#9756 = ADVANCED_FACE('',(#9757),#9782,.T.);
#9757 = FACE_BOUND('',#9758,.T.);
#9758 = EDGE_LOOP('',(#9759,#9767,#9775,#9781));
#9759 = ORIENTED_EDGE('',*,*,#9760,.F.);
#9760 = EDGE_CURVE('',#9761,#6850,#9763,.T.);
#9761 = VERTEX_POINT('',#9762);
#9762 = CARTESIAN_POINT('',(0.32,-18.1,-2.84));
#9763 = LINE('',#9764,#9765);
#9764 = CARTESIAN_POINT('',(0.32,-18.1,-3.));
#9765 = VECTOR('',#9766,1.);
#9766 = DIRECTION('',(0.,0.,1.));
#9767 = ORIENTED_EDGE('',*,*,#9768,.T.);
#9768 = EDGE_CURVE('',#9761,#9769,#9771,.T.);
#9769 = VERTEX_POINT('',#9770);
#9770 = CARTESIAN_POINT('',(0.32,-17.46,-2.84));
#9771 = LINE('',#9772,#9773);
#9772 = CARTESIAN_POINT('',(0.32,-18.1,-2.84));
#9773 = VECTOR('',#9774,1.);
#9774 = DIRECTION('',(0.,1.,0.));
#9775 = ORIENTED_EDGE('',*,*,#9776,.T.);
#9776 = EDGE_CURVE('',#9769,#6852,#9777,.T.);
#9777 = LINE('',#9778,#9779);
#9778 = CARTESIAN_POINT('',(0.32,-17.46,-3.));
#9779 = VECTOR('',#9780,1.);
#9780 = DIRECTION('',(0.,0.,1.));
#9781 = ORIENTED_EDGE('',*,*,#6849,.F.);
#9782 = PLANE('',#9783);
#9783 = AXIS2_PLACEMENT_3D('',#9784,#9785,#9786);
#9784 = CARTESIAN_POINT('',(0.32,-18.1,-3.));
#9785 = DIRECTION('',(1.,0.,0.));
#9786 = DIRECTION('',(0.,0.,1.));
#9787 = ADVANCED_FACE('',(#9788),#9806,.T.);
#9788 = FACE_BOUND('',#9789,.T.);
#9789 = EDGE_LOOP('',(#9790,#9791,#9799,#9805));
#9790 = ORIENTED_EDGE('',*,*,#9776,.F.);
#9791 = ORIENTED_EDGE('',*,*,#9792,.F.);
#9792 = EDGE_CURVE('',#9793,#9769,#9795,.T.);
#9793 = VERTEX_POINT('',#9794);
#9794 = CARTESIAN_POINT('',(-0.32,-17.46,-2.84));
#9795 = LINE('',#9796,#9797);
#9796 = CARTESIAN_POINT('',(-0.32,-17.46,-2.84));
#9797 = VECTOR('',#9798,1.);
#9798 = DIRECTION('',(1.,0.,0.));
#9799 = ORIENTED_EDGE('',*,*,#9800,.T.);
#9800 = EDGE_CURVE('',#9793,#6868,#9801,.T.);
#9801 = LINE('',#9802,#9803);
#9802 = CARTESIAN_POINT('',(-0.32,-17.46,-3.));
#9803 = VECTOR('',#9804,1.);
#9804 = DIRECTION('',(0.,0.,1.));
#9805 = ORIENTED_EDGE('',*,*,#6875,.F.);
#9806 = PLANE('',#9807);
#9807 = AXIS2_PLACEMENT_3D('',#9808,#9809,#9810);
#9808 = CARTESIAN_POINT('',(-0.32,-17.46,-3.));
#9809 = DIRECTION('',(0.,1.,0.));
#9810 = DIRECTION('',(0.,-0.,1.));
#9811 = ADVANCED_FACE('',(#9812),#9830,.F.);
#9812 = FACE_BOUND('',#9813,.F.);
#9813 = EDGE_LOOP('',(#9814,#9822,#9828,#9829));
#9814 = ORIENTED_EDGE('',*,*,#9815,.F.);
#9815 = EDGE_CURVE('',#9816,#6860,#9818,.T.);
#9816 = VERTEX_POINT('',#9817);
#9817 = CARTESIAN_POINT('',(-0.32,-18.1,-2.84));
#9818 = LINE('',#9819,#9820);
#9819 = CARTESIAN_POINT('',(-0.32,-18.1,-3.));
#9820 = VECTOR('',#9821,1.);
#9821 = DIRECTION('',(0.,0.,1.));
#9822 = ORIENTED_EDGE('',*,*,#9823,.T.);
#9823 = EDGE_CURVE('',#9816,#9793,#9824,.T.);
#9824 = LINE('',#9825,#9826);
#9825 = CARTESIAN_POINT('',(-0.32,-18.1,-2.84));
#9826 = VECTOR('',#9827,1.);
#9827 = DIRECTION('',(0.,1.,0.));
#9828 = ORIENTED_EDGE('',*,*,#9800,.T.);
#9829 = ORIENTED_EDGE('',*,*,#6867,.F.);
#9830 = PLANE('',#9831);
#9831 = AXIS2_PLACEMENT_3D('',#9832,#9833,#9834);
#9832 = CARTESIAN_POINT('',(-0.32,-18.1,-3.));
#9833 = DIRECTION('',(1.,0.,0.));
#9834 = DIRECTION('',(0.,0.,1.));
#9835 = ADVANCED_FACE('',(#9836),#9847,.F.);
#9836 = FACE_BOUND('',#9837,.F.);
#9837 = EDGE_LOOP('',(#9838,#9839,#9845,#9846));
#9838 = ORIENTED_EDGE('',*,*,#9760,.F.);
#9839 = ORIENTED_EDGE('',*,*,#9840,.F.);
#9840 = EDGE_CURVE('',#9816,#9761,#9841,.T.);
#9841 = LINE('',#9842,#9843);
#9842 = CARTESIAN_POINT('',(-0.32,-18.1,-2.84));
#9843 = VECTOR('',#9844,1.);
#9844 = DIRECTION('',(1.,0.,0.));
#9845 = ORIENTED_EDGE('',*,*,#9815,.T.);
#9846 = ORIENTED_EDGE('',*,*,#6859,.F.);
#9847 = PLANE('',#9848);
#9848 = AXIS2_PLACEMENT_3D('',#9849,#9850,#9851);
#9849 = CARTESIAN_POINT('',(-0.32,-18.1,-3.));
#9850 = DIRECTION('',(0.,1.,0.));
#9851 = DIRECTION('',(0.,-0.,1.));
#9852 = ADVANCED_FACE('',(#9853),#9878,.T.);
#9853 = FACE_BOUND('',#9854,.T.);
#9854 = EDGE_LOOP('',(#9855,#9863,#9871,#9877));
#9855 = ORIENTED_EDGE('',*,*,#9856,.F.);
#9856 = EDGE_CURVE('',#9857,#6884,#9859,.T.);
#9857 = VERTEX_POINT('',#9858);
#9858 = CARTESIAN_POINT('',(0.32,-14.92,-2.84));
#9859 = LINE('',#9860,#9861);
#9860 = CARTESIAN_POINT('',(0.32,-14.92,-3.));
#9861 = VECTOR('',#9862,1.);
#9862 = DIRECTION('',(0.,0.,1.));
#9863 = ORIENTED_EDGE('',*,*,#9864,.F.);
#9864 = EDGE_CURVE('',#9865,#9857,#9867,.T.);
#9865 = VERTEX_POINT('',#9866);
#9866 = CARTESIAN_POINT('',(-0.32,-14.92,-2.84));
#9867 = LINE('',#9868,#9869);
#9868 = CARTESIAN_POINT('',(-0.32,-14.92,-2.84));
#9869 = VECTOR('',#9870,1.);
#9870 = DIRECTION('',(1.,0.,0.));
#9871 = ORIENTED_EDGE('',*,*,#9872,.T.);
#9872 = EDGE_CURVE('',#9865,#6886,#9873,.T.);
#9873 = LINE('',#9874,#9875);
#9874 = CARTESIAN_POINT('',(-0.32,-14.92,-3.));
#9875 = VECTOR('',#9876,1.);
#9876 = DIRECTION('',(0.,0.,1.));
#9877 = ORIENTED_EDGE('',*,*,#6883,.F.);
#9878 = PLANE('',#9879);
#9879 = AXIS2_PLACEMENT_3D('',#9880,#9881,#9882);
#9880 = CARTESIAN_POINT('',(-0.32,-14.92,-3.));
#9881 = DIRECTION('',(0.,1.,0.));
#9882 = DIRECTION('',(0.,-0.,1.));
#9883 = ADVANCED_FACE('',(#9884),#9902,.F.);
#9884 = FACE_BOUND('',#9885,.F.);
#9885 = EDGE_LOOP('',(#9886,#9894,#9900,#9901));
#9886 = ORIENTED_EDGE('',*,*,#9887,.F.);
#9887 = EDGE_CURVE('',#9888,#6902,#9890,.T.);
#9888 = VERTEX_POINT('',#9889);
#9889 = CARTESIAN_POINT('',(-0.32,-15.56,-2.84));
#9890 = LINE('',#9891,#9892);
#9891 = CARTESIAN_POINT('',(-0.32,-15.56,-3.));
#9892 = VECTOR('',#9893,1.);
#9893 = DIRECTION('',(0.,0.,1.));
#9894 = ORIENTED_EDGE('',*,*,#9895,.T.);
#9895 = EDGE_CURVE('',#9888,#9865,#9896,.T.);
#9896 = LINE('',#9897,#9898);
#9897 = CARTESIAN_POINT('',(-0.32,-15.56,-2.84));
#9898 = VECTOR('',#9899,1.);
#9899 = DIRECTION('',(0.,1.,0.));
#9900 = ORIENTED_EDGE('',*,*,#9872,.T.);
#9901 = ORIENTED_EDGE('',*,*,#6909,.F.);
#9902 = PLANE('',#9903);
#9903 = AXIS2_PLACEMENT_3D('',#9904,#9905,#9906);
#9904 = CARTESIAN_POINT('',(-0.32,-15.56,-3.));
#9905 = DIRECTION('',(1.,0.,0.));
#9906 = DIRECTION('',(0.,0.,1.));
#9907 = ADVANCED_FACE('',(#9908),#9926,.F.);
#9908 = FACE_BOUND('',#9909,.F.);
#9909 = EDGE_LOOP('',(#9910,#9918,#9924,#9925));
#9910 = ORIENTED_EDGE('',*,*,#9911,.F.);
#9911 = EDGE_CURVE('',#9912,#6894,#9914,.T.);
#9912 = VERTEX_POINT('',#9913);
#9913 = CARTESIAN_POINT('',(0.32,-15.56,-2.84));
#9914 = LINE('',#9915,#9916);
#9915 = CARTESIAN_POINT('',(0.32,-15.56,-3.));
#9916 = VECTOR('',#9917,1.);
#9917 = DIRECTION('',(0.,0.,1.));
#9918 = ORIENTED_EDGE('',*,*,#9919,.F.);
#9919 = EDGE_CURVE('',#9888,#9912,#9920,.T.);
#9920 = LINE('',#9921,#9922);
#9921 = CARTESIAN_POINT('',(-0.32,-15.56,-2.84));
#9922 = VECTOR('',#9923,1.);
#9923 = DIRECTION('',(1.,0.,0.));
#9924 = ORIENTED_EDGE('',*,*,#9887,.T.);
#9925 = ORIENTED_EDGE('',*,*,#6901,.F.);
#9926 = PLANE('',#9927);
#9927 = AXIS2_PLACEMENT_3D('',#9928,#9929,#9930);
#9928 = CARTESIAN_POINT('',(-0.32,-15.56,-3.));
#9929 = DIRECTION('',(0.,1.,0.));
#9930 = DIRECTION('',(0.,-0.,1.));
#9931 = ADVANCED_FACE('',(#9932),#9943,.T.);
#9932 = FACE_BOUND('',#9933,.T.);
#9933 = EDGE_LOOP('',(#9934,#9935,#9941,#9942));
#9934 = ORIENTED_EDGE('',*,*,#9911,.F.);
#9935 = ORIENTED_EDGE('',*,*,#9936,.T.);
#9936 = EDGE_CURVE('',#9912,#9857,#9937,.T.);
#9937 = LINE('',#9938,#9939);
#9938 = CARTESIAN_POINT('',(0.32,-15.56,-2.84));
#9939 = VECTOR('',#9940,1.);
#9940 = DIRECTION('',(0.,1.,0.));
#9941 = ORIENTED_EDGE('',*,*,#9856,.T.);
#9942 = ORIENTED_EDGE('',*,*,#6893,.F.);
#9943 = PLANE('',#9944);
#9944 = AXIS2_PLACEMENT_3D('',#9945,#9946,#9947);
#9945 = CARTESIAN_POINT('',(0.32,-15.56,-3.));
#9946 = DIRECTION('',(1.,0.,0.));
#9947 = DIRECTION('',(0.,0.,1.));
#9948 = ADVANCED_FACE('',(#9949),#9974,.T.);
#9949 = FACE_BOUND('',#9950,.T.);
#9950 = EDGE_LOOP('',(#9951,#9959,#9967,#9973));
#9951 = ORIENTED_EDGE('',*,*,#9952,.F.);
#9952 = EDGE_CURVE('',#9953,#6918,#9955,.T.);
#9953 = VERTEX_POINT('',#9954);
#9954 = CARTESIAN_POINT('',(0.32,-0.32,-2.84));
#9955 = LINE('',#9956,#9957);
#9956 = CARTESIAN_POINT('',(0.32,-0.32,-3.));
#9957 = VECTOR('',#9958,1.);
#9958 = DIRECTION('',(0.,0.,1.));
#9959 = ORIENTED_EDGE('',*,*,#9960,.T.);
#9960 = EDGE_CURVE('',#9953,#9961,#9963,.T.);
#9961 = VERTEX_POINT('',#9962);
#9962 = CARTESIAN_POINT('',(0.32,0.32,-2.84));
#9963 = LINE('',#9964,#9965);
#9964 = CARTESIAN_POINT('',(0.32,-0.32,-2.84));
#9965 = VECTOR('',#9966,1.);
#9966 = DIRECTION('',(0.,1.,0.));
#9967 = ORIENTED_EDGE('',*,*,#9968,.T.);
#9968 = EDGE_CURVE('',#9961,#6920,#9969,.T.);
#9969 = LINE('',#9970,#9971);
#9970 = CARTESIAN_POINT('',(0.32,0.32,-3.));
#9971 = VECTOR('',#9972,1.);
#9972 = DIRECTION('',(0.,0.,1.));
#9973 = ORIENTED_EDGE('',*,*,#6917,.F.);
#9974 = PLANE('',#9975);
#9975 = AXIS2_PLACEMENT_3D('',#9976,#9977,#9978);
#9976 = CARTESIAN_POINT('',(0.32,-0.32,-3.));
#9977 = DIRECTION('',(1.,0.,0.));
#9978 = DIRECTION('',(0.,0.,1.));
#9979 = ADVANCED_FACE('',(#9980),#9998,.T.);
#9980 = FACE_BOUND('',#9981,.T.);
#9981 = EDGE_LOOP('',(#9982,#9983,#9991,#9997));
#9982 = ORIENTED_EDGE('',*,*,#9968,.F.);
#9983 = ORIENTED_EDGE('',*,*,#9984,.F.);
#9984 = EDGE_CURVE('',#9985,#9961,#9987,.T.);
#9985 = VERTEX_POINT('',#9986);
#9986 = CARTESIAN_POINT('',(-0.32,0.32,-2.84));
#9987 = LINE('',#9988,#9989);
#9988 = CARTESIAN_POINT('',(-0.32,0.32,-2.84));
#9989 = VECTOR('',#9990,1.);
#9990 = DIRECTION('',(1.,0.,0.));
#9991 = ORIENTED_EDGE('',*,*,#9992,.T.);
#9992 = EDGE_CURVE('',#9985,#6936,#9993,.T.);
#9993 = LINE('',#9994,#9995);
#9994 = CARTESIAN_POINT('',(-0.32,0.32,-3.));
#9995 = VECTOR('',#9996,1.);
#9996 = DIRECTION('',(0.,0.,1.));
#9997 = ORIENTED_EDGE('',*,*,#6943,.F.);
#9998 = PLANE('',#9999);
#9999 = AXIS2_PLACEMENT_3D('',#10000,#10001,#10002);
#10000 = CARTESIAN_POINT('',(-0.32,0.32,-3.));
#10001 = DIRECTION('',(0.,1.,0.));
#10002 = DIRECTION('',(0.,-0.,1.));
#10003 = ADVANCED_FACE('',(#10004),#10022,.F.);
#10004 = FACE_BOUND('',#10005,.F.);
#10005 = EDGE_LOOP('',(#10006,#10014,#10020,#10021));
#10006 = ORIENTED_EDGE('',*,*,#10007,.F.);
#10007 = EDGE_CURVE('',#10008,#6928,#10010,.T.);
#10008 = VERTEX_POINT('',#10009);
#10009 = CARTESIAN_POINT('',(-0.32,-0.32,-2.84));
#10010 = LINE('',#10011,#10012);
#10011 = CARTESIAN_POINT('',(-0.32,-0.32,-3.));
#10012 = VECTOR('',#10013,1.);
#10013 = DIRECTION('',(0.,0.,1.));
#10014 = ORIENTED_EDGE('',*,*,#10015,.T.);
#10015 = EDGE_CURVE('',#10008,#9985,#10016,.T.);
#10016 = LINE('',#10017,#10018);
#10017 = CARTESIAN_POINT('',(-0.32,-0.32,-2.84));
#10018 = VECTOR('',#10019,1.);
#10019 = DIRECTION('',(0.,1.,0.));
#10020 = ORIENTED_EDGE('',*,*,#9992,.T.);
#10021 = ORIENTED_EDGE('',*,*,#6935,.F.);
#10022 = PLANE('',#10023);
#10023 = AXIS2_PLACEMENT_3D('',#10024,#10025,#10026);
#10024 = CARTESIAN_POINT('',(-0.32,-0.32,-3.));
#10025 = DIRECTION('',(1.,0.,0.));
#10026 = DIRECTION('',(0.,0.,1.));
#10027 = ADVANCED_FACE('',(#10028),#10039,.F.);
#10028 = FACE_BOUND('',#10029,.F.);
#10029 = EDGE_LOOP('',(#10030,#10031,#10037,#10038));
#10030 = ORIENTED_EDGE('',*,*,#9952,.F.);
#10031 = ORIENTED_EDGE('',*,*,#10032,.F.);
#10032 = EDGE_CURVE('',#10008,#9953,#10033,.T.);
#10033 = LINE('',#10034,#10035);
#10034 = CARTESIAN_POINT('',(-0.32,-0.32,-2.84));
#10035 = VECTOR('',#10036,1.);
#10036 = DIRECTION('',(1.,0.,0.));
#10037 = ORIENTED_EDGE('',*,*,#10007,.T.);
#10038 = ORIENTED_EDGE('',*,*,#6927,.F.);
#10039 = PLANE('',#10040);
#10040 = AXIS2_PLACEMENT_3D('',#10041,#10042,#10043);
#10041 = CARTESIAN_POINT('',(-0.32,-0.32,-3.));
#10042 = DIRECTION('',(0.,1.,0.));
#10043 = DIRECTION('',(0.,-0.,1.));
#10044 = ADVANCED_FACE('',(#10045),#10070,.T.);
#10045 = FACE_BOUND('',#10046,.T.);
#10046 = EDGE_LOOP('',(#10047,#10055,#10063,#10069));
#10047 = ORIENTED_EDGE('',*,*,#10048,.F.);
#10048 = EDGE_CURVE('',#10049,#6952,#10051,.T.);
#10049 = VERTEX_POINT('',#10050);
#10050 = CARTESIAN_POINT('',(0.32,-2.86,-2.84));
#10051 = LINE('',#10052,#10053);
#10052 = CARTESIAN_POINT('',(0.32,-2.86,-3.));
#10053 = VECTOR('',#10054,1.);
#10054 = DIRECTION('',(0.,0.,1.));
#10055 = ORIENTED_EDGE('',*,*,#10056,.T.);
#10056 = EDGE_CURVE('',#10049,#10057,#10059,.T.);
#10057 = VERTEX_POINT('',#10058);
#10058 = CARTESIAN_POINT('',(0.32,-2.22,-2.84));
#10059 = LINE('',#10060,#10061);
#10060 = CARTESIAN_POINT('',(0.32,-2.86,-2.84));
#10061 = VECTOR('',#10062,1.);
#10062 = DIRECTION('',(0.,1.,0.));
#10063 = ORIENTED_EDGE('',*,*,#10064,.T.);
#10064 = EDGE_CURVE('',#10057,#6954,#10065,.T.);
#10065 = LINE('',#10066,#10067);
#10066 = CARTESIAN_POINT('',(0.32,-2.22,-3.));
#10067 = VECTOR('',#10068,1.);
#10068 = DIRECTION('',(0.,0.,1.));
#10069 = ORIENTED_EDGE('',*,*,#6951,.F.);
#10070 = PLANE('',#10071);
#10071 = AXIS2_PLACEMENT_3D('',#10072,#10073,#10074);
#10072 = CARTESIAN_POINT('',(0.32,-2.86,-3.));
#10073 = DIRECTION('',(1.,0.,0.));
#10074 = DIRECTION('',(0.,0.,1.));
#10075 = ADVANCED_FACE('',(#10076),#10094,.T.);
#10076 = FACE_BOUND('',#10077,.T.);
#10077 = EDGE_LOOP('',(#10078,#10079,#10087,#10093));
#10078 = ORIENTED_EDGE('',*,*,#10064,.F.);
#10079 = ORIENTED_EDGE('',*,*,#10080,.F.);
#10080 = EDGE_CURVE('',#10081,#10057,#10083,.T.);
#10081 = VERTEX_POINT('',#10082);
#10082 = CARTESIAN_POINT('',(-0.32,-2.22,-2.84));
#10083 = LINE('',#10084,#10085);
#10084 = CARTESIAN_POINT('',(-0.32,-2.22,-2.84));
#10085 = VECTOR('',#10086,1.);
#10086 = DIRECTION('',(1.,0.,0.));
#10087 = ORIENTED_EDGE('',*,*,#10088,.T.);
#10088 = EDGE_CURVE('',#10081,#6970,#10089,.T.);
#10089 = LINE('',#10090,#10091);
#10090 = CARTESIAN_POINT('',(-0.32,-2.22,-3.));
#10091 = VECTOR('',#10092,1.);
#10092 = DIRECTION('',(0.,0.,1.));
#10093 = ORIENTED_EDGE('',*,*,#6977,.F.);
#10094 = PLANE('',#10095);
#10095 = AXIS2_PLACEMENT_3D('',#10096,#10097,#10098);
#10096 = CARTESIAN_POINT('',(-0.32,-2.22,-3.));
#10097 = DIRECTION('',(0.,1.,0.));
#10098 = DIRECTION('',(0.,-0.,1.));
#10099 = ADVANCED_FACE('',(#10100),#10118,.F.);
#10100 = FACE_BOUND('',#10101,.F.);
#10101 = EDGE_LOOP('',(#10102,#10110,#10116,#10117));
#10102 = ORIENTED_EDGE('',*,*,#10103,.F.);
#10103 = EDGE_CURVE('',#10104,#6962,#10106,.T.);
#10104 = VERTEX_POINT('',#10105);
#10105 = CARTESIAN_POINT('',(-0.32,-2.86,-2.84));
#10106 = LINE('',#10107,#10108);
#10107 = CARTESIAN_POINT('',(-0.32,-2.86,-3.));
#10108 = VECTOR('',#10109,1.);
#10109 = DIRECTION('',(0.,0.,1.));
#10110 = ORIENTED_EDGE('',*,*,#10111,.T.);
#10111 = EDGE_CURVE('',#10104,#10081,#10112,.T.);
#10112 = LINE('',#10113,#10114);
#10113 = CARTESIAN_POINT('',(-0.32,-2.86,-2.84));
#10114 = VECTOR('',#10115,1.);
#10115 = DIRECTION('',(0.,1.,0.));
#10116 = ORIENTED_EDGE('',*,*,#10088,.T.);
#10117 = ORIENTED_EDGE('',*,*,#6969,.F.);
#10118 = PLANE('',#10119);
#10119 = AXIS2_PLACEMENT_3D('',#10120,#10121,#10122);
#10120 = CARTESIAN_POINT('',(-0.32,-2.86,-3.));
#10121 = DIRECTION('',(1.,0.,0.));
#10122 = DIRECTION('',(0.,0.,1.));
#10123 = ADVANCED_FACE('',(#10124),#10135,.F.);
#10124 = FACE_BOUND('',#10125,.F.);
#10125 = EDGE_LOOP('',(#10126,#10127,#10133,#10134));
#10126 = ORIENTED_EDGE('',*,*,#10048,.F.);
#10127 = ORIENTED_EDGE('',*,*,#10128,.F.);
#10128 = EDGE_CURVE('',#10104,#10049,#10129,.T.);
#10129 = LINE('',#10130,#10131);
#10130 = CARTESIAN_POINT('',(-0.32,-2.86,-2.84));
#10131 = VECTOR('',#10132,1.);
#10132 = DIRECTION('',(1.,0.,0.));
#10133 = ORIENTED_EDGE('',*,*,#10103,.T.);
#10134 = ORIENTED_EDGE('',*,*,#6961,.F.);
#10135 = PLANE('',#10136);
#10136 = AXIS2_PLACEMENT_3D('',#10137,#10138,#10139);
#10137 = CARTESIAN_POINT('',(-0.32,-2.86,-3.));
#10138 = DIRECTION('',(0.,1.,0.));
#10139 = DIRECTION('',(0.,-0.,1.));
#10140 = ADVANCED_FACE('',(#10141),#10166,.T.);
#10141 = FACE_BOUND('',#10142,.T.);
#10142 = EDGE_LOOP('',(#10143,#10151,#10159,#10165));
#10143 = ORIENTED_EDGE('',*,*,#10144,.F.);
#10144 = EDGE_CURVE('',#10145,#6986,#10147,.T.);
#10145 = VERTEX_POINT('',#10146);
#10146 = CARTESIAN_POINT('',(0.32,-27.62,-2.84));
#10147 = LINE('',#10148,#10149);
#10148 = CARTESIAN_POINT('',(0.32,-27.62,-3.));
#10149 = VECTOR('',#10150,1.);
#10150 = DIRECTION('',(0.,0.,1.));
#10151 = ORIENTED_EDGE('',*,*,#10152,.F.);
#10152 = EDGE_CURVE('',#10153,#10145,#10155,.T.);
#10153 = VERTEX_POINT('',#10154);
#10154 = CARTESIAN_POINT('',(-0.32,-27.62,-2.84));
#10155 = LINE('',#10156,#10157);
#10156 = CARTESIAN_POINT('',(-0.32,-27.62,-2.84));
#10157 = VECTOR('',#10158,1.);
#10158 = DIRECTION('',(1.,0.,0.));
#10159 = ORIENTED_EDGE('',*,*,#10160,.T.);
#10160 = EDGE_CURVE('',#10153,#6988,#10161,.T.);
#10161 = LINE('',#10162,#10163);
#10162 = CARTESIAN_POINT('',(-0.32,-27.62,-3.));
#10163 = VECTOR('',#10164,1.);
#10164 = DIRECTION('',(0.,0.,1.));
#10165 = ORIENTED_EDGE('',*,*,#6985,.F.);
#10166 = PLANE('',#10167);
#10167 = AXIS2_PLACEMENT_3D('',#10168,#10169,#10170);
#10168 = CARTESIAN_POINT('',(-0.32,-27.62,-3.));
#10169 = DIRECTION('',(0.,1.,0.));
#10170 = DIRECTION('',(0.,-0.,1.));
#10171 = ADVANCED_FACE('',(#10172),#10190,.F.);
#10172 = FACE_BOUND('',#10173,.F.);
#10173 = EDGE_LOOP('',(#10174,#10182,#10188,#10189));
#10174 = ORIENTED_EDGE('',*,*,#10175,.F.);
#10175 = EDGE_CURVE('',#10176,#7004,#10178,.T.);
#10176 = VERTEX_POINT('',#10177);
#10177 = CARTESIAN_POINT('',(-0.32,-28.26,-2.84));
#10178 = LINE('',#10179,#10180);
#10179 = CARTESIAN_POINT('',(-0.32,-28.26,-3.));
#10180 = VECTOR('',#10181,1.);
#10181 = DIRECTION('',(0.,0.,1.));
#10182 = ORIENTED_EDGE('',*,*,#10183,.T.);
#10183 = EDGE_CURVE('',#10176,#10153,#10184,.T.);
#10184 = LINE('',#10185,#10186);
#10185 = CARTESIAN_POINT('',(-0.32,-28.26,-2.84));
#10186 = VECTOR('',#10187,1.);
#10187 = DIRECTION('',(0.,1.,0.));
#10188 = ORIENTED_EDGE('',*,*,#10160,.T.);
#10189 = ORIENTED_EDGE('',*,*,#7011,.F.);
#10190 = PLANE('',#10191);
#10191 = AXIS2_PLACEMENT_3D('',#10192,#10193,#10194);
#10192 = CARTESIAN_POINT('',(-0.32,-28.26,-3.));
#10193 = DIRECTION('',(1.,0.,0.));
#10194 = DIRECTION('',(0.,0.,1.));
#10195 = ADVANCED_FACE('',(#10196),#10214,.F.);
#10196 = FACE_BOUND('',#10197,.F.);
#10197 = EDGE_LOOP('',(#10198,#10206,#10212,#10213));
#10198 = ORIENTED_EDGE('',*,*,#10199,.F.);
#10199 = EDGE_CURVE('',#10200,#6996,#10202,.T.);
#10200 = VERTEX_POINT('',#10201);
#10201 = CARTESIAN_POINT('',(0.32,-28.26,-2.84));
#10202 = LINE('',#10203,#10204);
#10203 = CARTESIAN_POINT('',(0.32,-28.26,-3.));
#10204 = VECTOR('',#10205,1.);
#10205 = DIRECTION('',(0.,0.,1.));
#10206 = ORIENTED_EDGE('',*,*,#10207,.F.);
#10207 = EDGE_CURVE('',#10176,#10200,#10208,.T.);
#10208 = LINE('',#10209,#10210);
#10209 = CARTESIAN_POINT('',(-0.32,-28.26,-2.84));
#10210 = VECTOR('',#10211,1.);
#10211 = DIRECTION('',(1.,0.,0.));
#10212 = ORIENTED_EDGE('',*,*,#10175,.T.);
#10213 = ORIENTED_EDGE('',*,*,#7003,.F.);
#10214 = PLANE('',#10215);
#10215 = AXIS2_PLACEMENT_3D('',#10216,#10217,#10218);
#10216 = CARTESIAN_POINT('',(-0.32,-28.26,-3.));
#10217 = DIRECTION('',(0.,1.,0.));
#10218 = DIRECTION('',(0.,-0.,1.));
#10219 = ADVANCED_FACE('',(#10220),#10231,.T.);
#10220 = FACE_BOUND('',#10221,.T.);
#10221 = EDGE_LOOP('',(#10222,#10223,#10229,#10230));
#10222 = ORIENTED_EDGE('',*,*,#10199,.F.);
#10223 = ORIENTED_EDGE('',*,*,#10224,.T.);
#10224 = EDGE_CURVE('',#10200,#10145,#10225,.T.);
#10225 = LINE('',#10226,#10227);
#10226 = CARTESIAN_POINT('',(0.32,-28.26,-2.84));
#10227 = VECTOR('',#10228,1.);
#10228 = DIRECTION('',(0.,1.,0.));
#10229 = ORIENTED_EDGE('',*,*,#10144,.T.);
#10230 = ORIENTED_EDGE('',*,*,#6995,.F.);
#10231 = PLANE('',#10232);
#10232 = AXIS2_PLACEMENT_3D('',#10233,#10234,#10235);
#10233 = CARTESIAN_POINT('',(0.32,-28.26,-3.));
#10234 = DIRECTION('',(1.,0.,0.));
#10235 = DIRECTION('',(0.,0.,1.));
#10236 = ADVANCED_FACE('',(#10237),#10262,.T.);
#10237 = FACE_BOUND('',#10238,.T.);
#10238 = EDGE_LOOP('',(#10239,#10247,#10255,#10261));
#10239 = ORIENTED_EDGE('',*,*,#10240,.F.);
#10240 = EDGE_CURVE('',#10241,#7020,#10243,.T.);
#10241 = VERTEX_POINT('',#10242);
#10242 = CARTESIAN_POINT('',(0.32,-23.18,-2.84));
#10243 = LINE('',#10244,#10245);
#10244 = CARTESIAN_POINT('',(0.32,-23.18,-3.));
#10245 = VECTOR('',#10246,1.);
#10246 = DIRECTION('',(0.,0.,1.));
#10247 = ORIENTED_EDGE('',*,*,#10248,.T.);
#10248 = EDGE_CURVE('',#10241,#10249,#10251,.T.);
#10249 = VERTEX_POINT('',#10250);
#10250 = CARTESIAN_POINT('',(0.32,-22.54,-2.84));
#10251 = LINE('',#10252,#10253);
#10252 = CARTESIAN_POINT('',(0.32,-23.18,-2.84));
#10253 = VECTOR('',#10254,1.);
#10254 = DIRECTION('',(0.,1.,0.));
#10255 = ORIENTED_EDGE('',*,*,#10256,.T.);
#10256 = EDGE_CURVE('',#10249,#7022,#10257,.T.);
#10257 = LINE('',#10258,#10259);
#10258 = CARTESIAN_POINT('',(0.32,-22.54,-3.));
#10259 = VECTOR('',#10260,1.);
#10260 = DIRECTION('',(0.,0.,1.));
#10261 = ORIENTED_EDGE('',*,*,#7019,.F.);
#10262 = PLANE('',#10263);
#10263 = AXIS2_PLACEMENT_3D('',#10264,#10265,#10266);
#10264 = CARTESIAN_POINT('',(0.32,-23.18,-3.));
#10265 = DIRECTION('',(1.,0.,0.));
#10266 = DIRECTION('',(0.,0.,1.));
#10267 = ADVANCED_FACE('',(#10268),#10286,.T.);
#10268 = FACE_BOUND('',#10269,.T.);
#10269 = EDGE_LOOP('',(#10270,#10271,#10279,#10285));
#10270 = ORIENTED_EDGE('',*,*,#10256,.F.);
#10271 = ORIENTED_EDGE('',*,*,#10272,.F.);
#10272 = EDGE_CURVE('',#10273,#10249,#10275,.T.);
#10273 = VERTEX_POINT('',#10274);
#10274 = CARTESIAN_POINT('',(-0.32,-22.54,-2.84));
#10275 = LINE('',#10276,#10277);
#10276 = CARTESIAN_POINT('',(-0.32,-22.54,-2.84));
#10277 = VECTOR('',#10278,1.);
#10278 = DIRECTION('',(1.,0.,0.));
#10279 = ORIENTED_EDGE('',*,*,#10280,.T.);
#10280 = EDGE_CURVE('',#10273,#7038,#10281,.T.);
#10281 = LINE('',#10282,#10283);
#10282 = CARTESIAN_POINT('',(-0.32,-22.54,-3.));
#10283 = VECTOR('',#10284,1.);
#10284 = DIRECTION('',(0.,0.,1.));
#10285 = ORIENTED_EDGE('',*,*,#7045,.F.);
#10286 = PLANE('',#10287);
#10287 = AXIS2_PLACEMENT_3D('',#10288,#10289,#10290);
#10288 = CARTESIAN_POINT('',(-0.32,-22.54,-3.));
#10289 = DIRECTION('',(0.,1.,0.));
#10290 = DIRECTION('',(0.,-0.,1.));
#10291 = ADVANCED_FACE('',(#10292),#10310,.F.);
#10292 = FACE_BOUND('',#10293,.F.);
#10293 = EDGE_LOOP('',(#10294,#10302,#10308,#10309));
#10294 = ORIENTED_EDGE('',*,*,#10295,.F.);
#10295 = EDGE_CURVE('',#10296,#7030,#10298,.T.);
#10296 = VERTEX_POINT('',#10297);
#10297 = CARTESIAN_POINT('',(-0.32,-23.18,-2.84));
#10298 = LINE('',#10299,#10300);
#10299 = CARTESIAN_POINT('',(-0.32,-23.18,-3.));
#10300 = VECTOR('',#10301,1.);
#10301 = DIRECTION('',(0.,0.,1.));
#10302 = ORIENTED_EDGE('',*,*,#10303,.T.);
#10303 = EDGE_CURVE('',#10296,#10273,#10304,.T.);
#10304 = LINE('',#10305,#10306);
#10305 = CARTESIAN_POINT('',(-0.32,-23.18,-2.84));
#10306 = VECTOR('',#10307,1.);
#10307 = DIRECTION('',(0.,1.,0.));
#10308 = ORIENTED_EDGE('',*,*,#10280,.T.);
#10309 = ORIENTED_EDGE('',*,*,#7037,.F.);
#10310 = PLANE('',#10311);
#10311 = AXIS2_PLACEMENT_3D('',#10312,#10313,#10314);
#10312 = CARTESIAN_POINT('',(-0.32,-23.18,-3.));
#10313 = DIRECTION('',(1.,0.,0.));
#10314 = DIRECTION('',(0.,0.,1.));
#10315 = ADVANCED_FACE('',(#10316),#10327,.F.);
#10316 = FACE_BOUND('',#10317,.F.);
#10317 = EDGE_LOOP('',(#10318,#10319,#10325,#10326));
#10318 = ORIENTED_EDGE('',*,*,#10240,.F.);
#10319 = ORIENTED_EDGE('',*,*,#10320,.F.);
#10320 = EDGE_CURVE('',#10296,#10241,#10321,.T.);
#10321 = LINE('',#10322,#10323);
#10322 = CARTESIAN_POINT('',(-0.32,-23.18,-2.84));
#10323 = VECTOR('',#10324,1.);
#10324 = DIRECTION('',(1.,0.,0.));
#10325 = ORIENTED_EDGE('',*,*,#10295,.T.);
#10326 = ORIENTED_EDGE('',*,*,#7029,.F.);
#10327 = PLANE('',#10328);
#10328 = AXIS2_PLACEMENT_3D('',#10329,#10330,#10331);
#10329 = CARTESIAN_POINT('',(-0.32,-23.18,-3.));
#10330 = DIRECTION('',(0.,1.,0.));
#10331 = DIRECTION('',(0.,-0.,1.));
#10332 = ADVANCED_FACE('',(#10333),#10358,.T.);
#10333 = FACE_BOUND('',#10334,.T.);
#10334 = EDGE_LOOP('',(#10335,#10343,#10351,#10357));
#10335 = ORIENTED_EDGE('',*,*,#10336,.F.);
#10336 = EDGE_CURVE('',#10337,#7054,#10339,.T.);
#10337 = VERTEX_POINT('',#10338);
#10338 = CARTESIAN_POINT('',(0.32,-25.72,-2.84));
#10339 = LINE('',#10340,#10341);
#10340 = CARTESIAN_POINT('',(0.32,-25.72,-3.));
#10341 = VECTOR('',#10342,1.);
#10342 = DIRECTION('',(0.,0.,1.));
#10343 = ORIENTED_EDGE('',*,*,#10344,.T.);
#10344 = EDGE_CURVE('',#10337,#10345,#10347,.T.);
#10345 = VERTEX_POINT('',#10346);
#10346 = CARTESIAN_POINT('',(0.32,-25.08,-2.84));
#10347 = LINE('',#10348,#10349);
#10348 = CARTESIAN_POINT('',(0.32,-25.72,-2.84));
#10349 = VECTOR('',#10350,1.);
#10350 = DIRECTION('',(0.,1.,0.));
#10351 = ORIENTED_EDGE('',*,*,#10352,.T.);
#10352 = EDGE_CURVE('',#10345,#7056,#10353,.T.);
#10353 = LINE('',#10354,#10355);
#10354 = CARTESIAN_POINT('',(0.32,-25.08,-3.));
#10355 = VECTOR('',#10356,1.);
#10356 = DIRECTION('',(0.,0.,1.));
#10357 = ORIENTED_EDGE('',*,*,#7053,.F.);
#10358 = PLANE('',#10359);
#10359 = AXIS2_PLACEMENT_3D('',#10360,#10361,#10362);
#10360 = CARTESIAN_POINT('',(0.32,-25.72,-3.));
#10361 = DIRECTION('',(1.,0.,0.));
#10362 = DIRECTION('',(0.,0.,1.));
#10363 = ADVANCED_FACE('',(#10364),#10382,.T.);
#10364 = FACE_BOUND('',#10365,.T.);
#10365 = EDGE_LOOP('',(#10366,#10367,#10375,#10381));
#10366 = ORIENTED_EDGE('',*,*,#10352,.F.);
#10367 = ORIENTED_EDGE('',*,*,#10368,.F.);
#10368 = EDGE_CURVE('',#10369,#10345,#10371,.T.);
#10369 = VERTEX_POINT('',#10370);
#10370 = CARTESIAN_POINT('',(-0.32,-25.08,-2.84));
#10371 = LINE('',#10372,#10373);
#10372 = CARTESIAN_POINT('',(-0.32,-25.08,-2.84));
#10373 = VECTOR('',#10374,1.);
#10374 = DIRECTION('',(1.,0.,0.));
#10375 = ORIENTED_EDGE('',*,*,#10376,.T.);
#10376 = EDGE_CURVE('',#10369,#7072,#10377,.T.);
#10377 = LINE('',#10378,#10379);
#10378 = CARTESIAN_POINT('',(-0.32,-25.08,-3.));
#10379 = VECTOR('',#10380,1.);
#10380 = DIRECTION('',(0.,0.,1.));
#10381 = ORIENTED_EDGE('',*,*,#7079,.F.);
#10382 = PLANE('',#10383);
#10383 = AXIS2_PLACEMENT_3D('',#10384,#10385,#10386);
#10384 = CARTESIAN_POINT('',(-0.32,-25.08,-3.));
#10385 = DIRECTION('',(0.,1.,0.));
#10386 = DIRECTION('',(0.,-0.,1.));
#10387 = ADVANCED_FACE('',(#10388),#10406,.F.);
#10388 = FACE_BOUND('',#10389,.F.);
#10389 = EDGE_LOOP('',(#10390,#10398,#10404,#10405));
#10390 = ORIENTED_EDGE('',*,*,#10391,.F.);
#10391 = EDGE_CURVE('',#10392,#7064,#10394,.T.);
#10392 = VERTEX_POINT('',#10393);
#10393 = CARTESIAN_POINT('',(-0.32,-25.72,-2.84));
#10394 = LINE('',#10395,#10396);
#10395 = CARTESIAN_POINT('',(-0.32,-25.72,-3.));
#10396 = VECTOR('',#10397,1.);
#10397 = DIRECTION('',(0.,0.,1.));
#10398 = ORIENTED_EDGE('',*,*,#10399,.T.);
#10399 = EDGE_CURVE('',#10392,#10369,#10400,.T.);
#10400 = LINE('',#10401,#10402);
#10401 = CARTESIAN_POINT('',(-0.32,-25.72,-2.84));
#10402 = VECTOR('',#10403,1.);
#10403 = DIRECTION('',(0.,1.,0.));
#10404 = ORIENTED_EDGE('',*,*,#10376,.T.);
#10405 = ORIENTED_EDGE('',*,*,#7071,.F.);
#10406 = PLANE('',#10407);
#10407 = AXIS2_PLACEMENT_3D('',#10408,#10409,#10410);
#10408 = CARTESIAN_POINT('',(-0.32,-25.72,-3.));
#10409 = DIRECTION('',(1.,0.,0.));
#10410 = DIRECTION('',(0.,0.,1.));
#10411 = ADVANCED_FACE('',(#10412),#10423,.F.);
#10412 = FACE_BOUND('',#10413,.F.);
#10413 = EDGE_LOOP('',(#10414,#10415,#10421,#10422));
#10414 = ORIENTED_EDGE('',*,*,#10336,.F.);
#10415 = ORIENTED_EDGE('',*,*,#10416,.F.);
#10416 = EDGE_CURVE('',#10392,#10337,#10417,.T.);
#10417 = LINE('',#10418,#10419);
#10418 = CARTESIAN_POINT('',(-0.32,-25.72,-2.84));
#10419 = VECTOR('',#10420,1.);
#10420 = DIRECTION('',(1.,0.,0.));
#10421 = ORIENTED_EDGE('',*,*,#10391,.T.);
#10422 = ORIENTED_EDGE('',*,*,#7063,.F.);
#10423 = PLANE('',#10424);
#10424 = AXIS2_PLACEMENT_3D('',#10425,#10426,#10427);
#10425 = CARTESIAN_POINT('',(-0.32,-25.72,-3.));
#10426 = DIRECTION('',(0.,1.,0.));
#10427 = DIRECTION('',(0.,-0.,1.));
#10428 = ADVANCED_FACE('',(#10429),#10454,.T.);
#10429 = FACE_BOUND('',#10430,.T.);
#10430 = EDGE_LOOP('',(#10431,#10439,#10440,#10448));
#10431 = ORIENTED_EDGE('',*,*,#10432,.F.);
#10432 = EDGE_CURVE('',#7665,#10433,#10435,.T.);
#10433 = VERTEX_POINT('',#10434);
#10434 = CARTESIAN_POINT('',(0.32,-5.4,8.38));
#10435 = LINE('',#10436,#10437);
#10436 = CARTESIAN_POINT('',(0.32,-5.4,-3.));
#10437 = VECTOR('',#10438,1.);
#10438 = DIRECTION('',(0.,0.,1.));
#10439 = ORIENTED_EDGE('',*,*,#7664,.T.);
#10440 = ORIENTED_EDGE('',*,*,#10441,.T.);
#10441 = EDGE_CURVE('',#7667,#10442,#10444,.T.);
#10442 = VERTEX_POINT('',#10443);
#10443 = CARTESIAN_POINT('',(0.32,-4.76,8.38));
#10444 = LINE('',#10445,#10446);
#10445 = CARTESIAN_POINT('',(0.32,-4.76,-3.));
#10446 = VECTOR('',#10447,1.);
#10447 = DIRECTION('',(0.,0.,1.));
#10448 = ORIENTED_EDGE('',*,*,#10449,.F.);
#10449 = EDGE_CURVE('',#10433,#10442,#10450,.T.);
#10450 = LINE('',#10451,#10452);
#10451 = CARTESIAN_POINT('',(0.32,-5.4,8.38));
#10452 = VECTOR('',#10453,1.);
#10453 = DIRECTION('',(0.,1.,0.));
#10454 = PLANE('',#10455);
#10455 = AXIS2_PLACEMENT_3D('',#10456,#10457,#10458);
#10456 = CARTESIAN_POINT('',(0.32,-5.4,-3.));
#10457 = DIRECTION('',(1.,0.,0.));
#10458 = DIRECTION('',(0.,0.,1.));
#10459 = ADVANCED_FACE('',(#10460),#10478,.T.);
#10460 = FACE_BOUND('',#10461,.T.);
#10461 = EDGE_LOOP('',(#10462,#10463,#10464,#10472));
#10462 = ORIENTED_EDGE('',*,*,#10441,.F.);
#10463 = ORIENTED_EDGE('',*,*,#7690,.T.);
#10464 = ORIENTED_EDGE('',*,*,#10465,.T.);
#10465 = EDGE_CURVE('',#7683,#10466,#10468,.T.);
#10466 = VERTEX_POINT('',#10467);
#10467 = CARTESIAN_POINT('',(-0.32,-4.76,8.38));
#10468 = LINE('',#10469,#10470);
#10469 = CARTESIAN_POINT('',(-0.32,-4.76,-3.));
#10470 = VECTOR('',#10471,1.);
#10471 = DIRECTION('',(0.,0.,1.));
#10472 = ORIENTED_EDGE('',*,*,#10473,.T.);
#10473 = EDGE_CURVE('',#10466,#10442,#10474,.T.);
#10474 = LINE('',#10475,#10476);
#10475 = CARTESIAN_POINT('',(-0.32,-4.76,8.38));
#10476 = VECTOR('',#10477,1.);
#10477 = DIRECTION('',(1.,0.,0.));
#10478 = PLANE('',#10479);
#10479 = AXIS2_PLACEMENT_3D('',#10480,#10481,#10482);
#10480 = CARTESIAN_POINT('',(-0.32,-4.76,-3.));
#10481 = DIRECTION('',(0.,1.,0.));
#10482 = DIRECTION('',(0.,-0.,1.));
#10483 = ADVANCED_FACE('',(#10484),#10502,.F.);
#10484 = FACE_BOUND('',#10485,.F.);
#10485 = EDGE_LOOP('',(#10486,#10494,#10495,#10496));
#10486 = ORIENTED_EDGE('',*,*,#10487,.F.);
#10487 = EDGE_CURVE('',#7675,#10488,#10490,.T.);
#10488 = VERTEX_POINT('',#10489);
#10489 = CARTESIAN_POINT('',(-0.32,-5.4,8.38));
#10490 = LINE('',#10491,#10492);
#10491 = CARTESIAN_POINT('',(-0.32,-5.4,-3.));
#10492 = VECTOR('',#10493,1.);
#10493 = DIRECTION('',(0.,0.,1.));
#10494 = ORIENTED_EDGE('',*,*,#7682,.T.);
#10495 = ORIENTED_EDGE('',*,*,#10465,.T.);
#10496 = ORIENTED_EDGE('',*,*,#10497,.F.);
#10497 = EDGE_CURVE('',#10488,#10466,#10498,.T.);
#10498 = LINE('',#10499,#10500);
#10499 = CARTESIAN_POINT('',(-0.32,-5.4,8.38));
#10500 = VECTOR('',#10501,1.);
#10501 = DIRECTION('',(0.,1.,0.));
#10502 = PLANE('',#10503);
#10503 = AXIS2_PLACEMENT_3D('',#10504,#10505,#10506);
#10504 = CARTESIAN_POINT('',(-0.32,-5.4,-3.));
#10505 = DIRECTION('',(1.,0.,0.));
#10506 = DIRECTION('',(0.,0.,1.));
#10507 = ADVANCED_FACE('',(#10508),#10519,.F.);
#10508 = FACE_BOUND('',#10509,.F.);
#10509 = EDGE_LOOP('',(#10510,#10511,#10512,#10513));
#10510 = ORIENTED_EDGE('',*,*,#10432,.F.);
#10511 = ORIENTED_EDGE('',*,*,#7674,.T.);
#10512 = ORIENTED_EDGE('',*,*,#10487,.T.);
#10513 = ORIENTED_EDGE('',*,*,#10514,.T.);
#10514 = EDGE_CURVE('',#10488,#10433,#10515,.T.);
#10515 = LINE('',#10516,#10517);
#10516 = CARTESIAN_POINT('',(-0.32,-5.4,8.38));
#10517 = VECTOR('',#10518,1.);
#10518 = DIRECTION('',(1.,0.,0.));
#10519 = PLANE('',#10520);
#10520 = AXIS2_PLACEMENT_3D('',#10521,#10522,#10523);
#10521 = CARTESIAN_POINT('',(-0.32,-5.4,-3.));
#10522 = DIRECTION('',(0.,1.,0.));
#10523 = DIRECTION('',(0.,-0.,1.));
#10524 = ADVANCED_FACE('',(#10525),#10550,.F.);
#10525 = FACE_BOUND('',#10526,.F.);
#10526 = EDGE_LOOP('',(#10527,#10535,#10536,#10544));
#10527 = ORIENTED_EDGE('',*,*,#10528,.F.);
#10528 = EDGE_CURVE('',#7699,#10529,#10531,.T.);
#10529 = VERTEX_POINT('',#10530);
#10530 = CARTESIAN_POINT('',(0.32,-7.94,8.38));
#10531 = LINE('',#10532,#10533);
#10532 = CARTESIAN_POINT('',(0.32,-7.94,-3.));
#10533 = VECTOR('',#10534,1.);
#10534 = DIRECTION('',(0.,0.,1.));
#10535 = ORIENTED_EDGE('',*,*,#7698,.T.);
#10536 = ORIENTED_EDGE('',*,*,#10537,.T.);
#10537 = EDGE_CURVE('',#7701,#10538,#10540,.T.);
#10538 = VERTEX_POINT('',#10539);
#10539 = CARTESIAN_POINT('',(-0.32,-7.94,8.38));
#10540 = LINE('',#10541,#10542);
#10541 = CARTESIAN_POINT('',(-0.32,-7.94,-3.));
#10542 = VECTOR('',#10543,1.);
#10543 = DIRECTION('',(0.,0.,1.));
#10544 = ORIENTED_EDGE('',*,*,#10545,.T.);
#10545 = EDGE_CURVE('',#10538,#10529,#10546,.T.);
#10546 = LINE('',#10547,#10548);
#10547 = CARTESIAN_POINT('',(-0.32,-7.94,8.38));
#10548 = VECTOR('',#10549,1.);
#10549 = DIRECTION('',(1.,0.,0.));
#10550 = PLANE('',#10551);
#10551 = AXIS2_PLACEMENT_3D('',#10552,#10553,#10554);
#10552 = CARTESIAN_POINT('',(-0.32,-7.94,-3.));
#10553 = DIRECTION('',(0.,1.,0.));
#10554 = DIRECTION('',(0.,-0.,1.));
#10555 = ADVANCED_FACE('',(#10556),#10574,.T.);
#10556 = FACE_BOUND('',#10557,.T.);
#10557 = EDGE_LOOP('',(#10558,#10559,#10560,#10568));
#10558 = ORIENTED_EDGE('',*,*,#10528,.F.);
#10559 = ORIENTED_EDGE('',*,*,#7724,.T.);
#10560 = ORIENTED_EDGE('',*,*,#10561,.T.);
#10561 = EDGE_CURVE('',#7717,#10562,#10564,.T.);
#10562 = VERTEX_POINT('',#10563);
#10563 = CARTESIAN_POINT('',(0.32,-7.3,8.38));
#10564 = LINE('',#10565,#10566);
#10565 = CARTESIAN_POINT('',(0.32,-7.3,-3.));
#10566 = VECTOR('',#10567,1.);
#10567 = DIRECTION('',(0.,0.,1.));
#10568 = ORIENTED_EDGE('',*,*,#10569,.F.);
#10569 = EDGE_CURVE('',#10529,#10562,#10570,.T.);
#10570 = LINE('',#10571,#10572);
#10571 = CARTESIAN_POINT('',(0.32,-7.94,8.38));
#10572 = VECTOR('',#10573,1.);
#10573 = DIRECTION('',(0.,1.,0.));
#10574 = PLANE('',#10575);
#10575 = AXIS2_PLACEMENT_3D('',#10576,#10577,#10578);
#10576 = CARTESIAN_POINT('',(0.32,-7.94,-3.));
#10577 = DIRECTION('',(1.,0.,0.));
#10578 = DIRECTION('',(0.,0.,1.));
#10579 = ADVANCED_FACE('',(#10580),#10598,.T.);
#10580 = FACE_BOUND('',#10581,.T.);
#10581 = EDGE_LOOP('',(#10582,#10583,#10584,#10592));
#10582 = ORIENTED_EDGE('',*,*,#10561,.F.);
#10583 = ORIENTED_EDGE('',*,*,#7716,.T.);
#10584 = ORIENTED_EDGE('',*,*,#10585,.T.);
#10585 = EDGE_CURVE('',#7709,#10586,#10588,.T.);
#10586 = VERTEX_POINT('',#10587);
#10587 = CARTESIAN_POINT('',(-0.32,-7.3,8.38));
#10588 = LINE('',#10589,#10590);
#10589 = CARTESIAN_POINT('',(-0.32,-7.3,-3.));
#10590 = VECTOR('',#10591,1.);
#10591 = DIRECTION('',(0.,0.,1.));
#10592 = ORIENTED_EDGE('',*,*,#10593,.T.);
#10593 = EDGE_CURVE('',#10586,#10562,#10594,.T.);
#10594 = LINE('',#10595,#10596);
#10595 = CARTESIAN_POINT('',(-0.32,-7.3,8.38));
#10596 = VECTOR('',#10597,1.);
#10597 = DIRECTION('',(1.,0.,0.));
#10598 = PLANE('',#10599);
#10599 = AXIS2_PLACEMENT_3D('',#10600,#10601,#10602);
#10600 = CARTESIAN_POINT('',(-0.32,-7.3,-3.));
#10601 = DIRECTION('',(0.,1.,0.));
#10602 = DIRECTION('',(0.,-0.,1.));
#10603 = ADVANCED_FACE('',(#10604),#10615,.F.);
#10604 = FACE_BOUND('',#10605,.F.);
#10605 = EDGE_LOOP('',(#10606,#10607,#10608,#10609));
#10606 = ORIENTED_EDGE('',*,*,#10537,.F.);
#10607 = ORIENTED_EDGE('',*,*,#7708,.T.);
#10608 = ORIENTED_EDGE('',*,*,#10585,.T.);
#10609 = ORIENTED_EDGE('',*,*,#10610,.F.);
#10610 = EDGE_CURVE('',#10538,#10586,#10611,.T.);
#10611 = LINE('',#10612,#10613);
#10612 = CARTESIAN_POINT('',(-0.32,-7.94,8.38));
#10613 = VECTOR('',#10614,1.);
#10614 = DIRECTION('',(0.,1.,0.));
#10615 = PLANE('',#10616);
#10616 = AXIS2_PLACEMENT_3D('',#10617,#10618,#10619);
#10617 = CARTESIAN_POINT('',(-0.32,-7.94,-3.));
#10618 = DIRECTION('',(1.,0.,0.));
#10619 = DIRECTION('',(0.,0.,1.));
#10620 = ADVANCED_FACE('',(#10621),#10646,.F.);
#10621 = FACE_BOUND('',#10622,.F.);
#10622 = EDGE_LOOP('',(#10623,#10631,#10632,#10640));
#10623 = ORIENTED_EDGE('',*,*,#10624,.F.);
#10624 = EDGE_CURVE('',#7733,#10625,#10627,.T.);
#10625 = VERTEX_POINT('',#10626);
#10626 = CARTESIAN_POINT('',(0.32,-13.02,8.38));
#10627 = LINE('',#10628,#10629);
#10628 = CARTESIAN_POINT('',(0.32,-13.02,-3.));
#10629 = VECTOR('',#10630,1.);
#10630 = DIRECTION('',(0.,0.,1.));
#10631 = ORIENTED_EDGE('',*,*,#7732,.T.);
#10632 = ORIENTED_EDGE('',*,*,#10633,.T.);
#10633 = EDGE_CURVE('',#7735,#10634,#10636,.T.);
#10634 = VERTEX_POINT('',#10635);
#10635 = CARTESIAN_POINT('',(-0.32,-13.02,8.38));
#10636 = LINE('',#10637,#10638);
#10637 = CARTESIAN_POINT('',(-0.32,-13.02,-3.));
#10638 = VECTOR('',#10639,1.);
#10639 = DIRECTION('',(0.,0.,1.));
#10640 = ORIENTED_EDGE('',*,*,#10641,.T.);
#10641 = EDGE_CURVE('',#10634,#10625,#10642,.T.);
#10642 = LINE('',#10643,#10644);
#10643 = CARTESIAN_POINT('',(-0.32,-13.02,8.38));
#10644 = VECTOR('',#10645,1.);
#10645 = DIRECTION('',(1.,0.,0.));
#10646 = PLANE('',#10647);
#10647 = AXIS2_PLACEMENT_3D('',#10648,#10649,#10650);
#10648 = CARTESIAN_POINT('',(-0.32,-13.02,-3.));
#10649 = DIRECTION('',(0.,1.,0.));
#10650 = DIRECTION('',(0.,-0.,1.));
#10651 = ADVANCED_FACE('',(#10652),#10670,.T.);
#10652 = FACE_BOUND('',#10653,.T.);
#10653 = EDGE_LOOP('',(#10654,#10655,#10656,#10664));
#10654 = ORIENTED_EDGE('',*,*,#10624,.F.);
#10655 = ORIENTED_EDGE('',*,*,#7758,.T.);
#10656 = ORIENTED_EDGE('',*,*,#10657,.T.);
#10657 = EDGE_CURVE('',#7751,#10658,#10660,.T.);
#10658 = VERTEX_POINT('',#10659);
#10659 = CARTESIAN_POINT('',(0.32,-12.38,8.38));
#10660 = LINE('',#10661,#10662);
#10661 = CARTESIAN_POINT('',(0.32,-12.38,-3.));
#10662 = VECTOR('',#10663,1.);
#10663 = DIRECTION('',(0.,0.,1.));
#10664 = ORIENTED_EDGE('',*,*,#10665,.F.);
#10665 = EDGE_CURVE('',#10625,#10658,#10666,.T.);
#10666 = LINE('',#10667,#10668);
#10667 = CARTESIAN_POINT('',(0.32,-13.02,8.38));
#10668 = VECTOR('',#10669,1.);
#10669 = DIRECTION('',(0.,1.,0.));
#10670 = PLANE('',#10671);
#10671 = AXIS2_PLACEMENT_3D('',#10672,#10673,#10674);
#10672 = CARTESIAN_POINT('',(0.32,-13.02,-3.));
#10673 = DIRECTION('',(1.,0.,0.));
#10674 = DIRECTION('',(0.,0.,1.));
#10675 = ADVANCED_FACE('',(#10676),#10694,.T.);
#10676 = FACE_BOUND('',#10677,.T.);
#10677 = EDGE_LOOP('',(#10678,#10679,#10680,#10688));
#10678 = ORIENTED_EDGE('',*,*,#10657,.F.);
#10679 = ORIENTED_EDGE('',*,*,#7750,.T.);
#10680 = ORIENTED_EDGE('',*,*,#10681,.T.);
#10681 = EDGE_CURVE('',#7743,#10682,#10684,.T.);
#10682 = VERTEX_POINT('',#10683);
#10683 = CARTESIAN_POINT('',(-0.32,-12.38,8.38));
#10684 = LINE('',#10685,#10686);
#10685 = CARTESIAN_POINT('',(-0.32,-12.38,-3.));
#10686 = VECTOR('',#10687,1.);
#10687 = DIRECTION('',(0.,0.,1.));
#10688 = ORIENTED_EDGE('',*,*,#10689,.T.);
#10689 = EDGE_CURVE('',#10682,#10658,#10690,.T.);
#10690 = LINE('',#10691,#10692);
#10691 = CARTESIAN_POINT('',(-0.32,-12.38,8.38));
#10692 = VECTOR('',#10693,1.);
#10693 = DIRECTION('',(1.,0.,0.));
#10694 = PLANE('',#10695);
#10695 = AXIS2_PLACEMENT_3D('',#10696,#10697,#10698);
#10696 = CARTESIAN_POINT('',(-0.32,-12.38,-3.));
#10697 = DIRECTION('',(0.,1.,0.));
#10698 = DIRECTION('',(0.,-0.,1.));
#10699 = ADVANCED_FACE('',(#10700),#10711,.F.);
#10700 = FACE_BOUND('',#10701,.F.);
#10701 = EDGE_LOOP('',(#10702,#10703,#10704,#10705));
#10702 = ORIENTED_EDGE('',*,*,#10633,.F.);
#10703 = ORIENTED_EDGE('',*,*,#7742,.T.);
#10704 = ORIENTED_EDGE('',*,*,#10681,.T.);
#10705 = ORIENTED_EDGE('',*,*,#10706,.F.);
#10706 = EDGE_CURVE('',#10634,#10682,#10707,.T.);
#10707 = LINE('',#10708,#10709);
#10708 = CARTESIAN_POINT('',(-0.32,-13.02,8.38));
#10709 = VECTOR('',#10710,1.);
#10710 = DIRECTION('',(0.,1.,0.));
#10711 = PLANE('',#10712);
#10712 = AXIS2_PLACEMENT_3D('',#10713,#10714,#10715);
#10713 = CARTESIAN_POINT('',(-0.32,-13.02,-3.));
#10714 = DIRECTION('',(1.,0.,0.));
#10715 = DIRECTION('',(0.,0.,1.));
#10716 = ADVANCED_FACE('',(#10717),#10742,.T.);
#10717 = FACE_BOUND('',#10718,.T.);
#10718 = EDGE_LOOP('',(#10719,#10727,#10728,#10736));
#10719 = ORIENTED_EDGE('',*,*,#10720,.F.);
#10720 = EDGE_CURVE('',#7767,#10721,#10723,.T.);
#10721 = VERTEX_POINT('',#10722);
#10722 = CARTESIAN_POINT('',(0.32,-10.48,8.38));
#10723 = LINE('',#10724,#10725);
#10724 = CARTESIAN_POINT('',(0.32,-10.48,-3.));
#10725 = VECTOR('',#10726,1.);
#10726 = DIRECTION('',(0.,0.,1.));
#10727 = ORIENTED_EDGE('',*,*,#7766,.T.);
#10728 = ORIENTED_EDGE('',*,*,#10729,.T.);
#10729 = EDGE_CURVE('',#7769,#10730,#10732,.T.);
#10730 = VERTEX_POINT('',#10731);
#10731 = CARTESIAN_POINT('',(0.32,-9.84,8.38));
#10732 = LINE('',#10733,#10734);
#10733 = CARTESIAN_POINT('',(0.32,-9.84,-3.));
#10734 = VECTOR('',#10735,1.);
#10735 = DIRECTION('',(0.,0.,1.));
#10736 = ORIENTED_EDGE('',*,*,#10737,.F.);
#10737 = EDGE_CURVE('',#10721,#10730,#10738,.T.);
#10738 = LINE('',#10739,#10740);
#10739 = CARTESIAN_POINT('',(0.32,-10.48,8.38));
#10740 = VECTOR('',#10741,1.);
#10741 = DIRECTION('',(0.,1.,0.));
#10742 = PLANE('',#10743);
#10743 = AXIS2_PLACEMENT_3D('',#10744,#10745,#10746);
#10744 = CARTESIAN_POINT('',(0.32,-10.48,-3.));
#10745 = DIRECTION('',(1.,0.,0.));
#10746 = DIRECTION('',(0.,0.,1.));
#10747 = ADVANCED_FACE('',(#10748),#10766,.T.);
#10748 = FACE_BOUND('',#10749,.T.);
#10749 = EDGE_LOOP('',(#10750,#10751,#10752,#10760));
#10750 = ORIENTED_EDGE('',*,*,#10729,.F.);
#10751 = ORIENTED_EDGE('',*,*,#7792,.T.);
#10752 = ORIENTED_EDGE('',*,*,#10753,.T.);
#10753 = EDGE_CURVE('',#7785,#10754,#10756,.T.);
#10754 = VERTEX_POINT('',#10755);
#10755 = CARTESIAN_POINT('',(-0.32,-9.84,8.38));
#10756 = LINE('',#10757,#10758);
#10757 = CARTESIAN_POINT('',(-0.32,-9.84,-3.));
#10758 = VECTOR('',#10759,1.);
#10759 = DIRECTION('',(0.,0.,1.));
#10760 = ORIENTED_EDGE('',*,*,#10761,.T.);
#10761 = EDGE_CURVE('',#10754,#10730,#10762,.T.);
#10762 = LINE('',#10763,#10764);
#10763 = CARTESIAN_POINT('',(-0.32,-9.84,8.38));
#10764 = VECTOR('',#10765,1.);
#10765 = DIRECTION('',(1.,0.,0.));
#10766 = PLANE('',#10767);
#10767 = AXIS2_PLACEMENT_3D('',#10768,#10769,#10770);
#10768 = CARTESIAN_POINT('',(-0.32,-9.84,-3.));
#10769 = DIRECTION('',(0.,1.,0.));
#10770 = DIRECTION('',(0.,-0.,1.));
#10771 = ADVANCED_FACE('',(#10772),#10790,.F.);
#10772 = FACE_BOUND('',#10773,.F.);
#10773 = EDGE_LOOP('',(#10774,#10782,#10783,#10784));
#10774 = ORIENTED_EDGE('',*,*,#10775,.F.);
#10775 = EDGE_CURVE('',#7777,#10776,#10778,.T.);
#10776 = VERTEX_POINT('',#10777);
#10777 = CARTESIAN_POINT('',(-0.32,-10.48,8.38));
#10778 = LINE('',#10779,#10780);
#10779 = CARTESIAN_POINT('',(-0.32,-10.48,-3.));
#10780 = VECTOR('',#10781,1.);
#10781 = DIRECTION('',(0.,0.,1.));
#10782 = ORIENTED_EDGE('',*,*,#7784,.T.);
#10783 = ORIENTED_EDGE('',*,*,#10753,.T.);
#10784 = ORIENTED_EDGE('',*,*,#10785,.F.);
#10785 = EDGE_CURVE('',#10776,#10754,#10786,.T.);
#10786 = LINE('',#10787,#10788);
#10787 = CARTESIAN_POINT('',(-0.32,-10.48,8.38));
#10788 = VECTOR('',#10789,1.);
#10789 = DIRECTION('',(0.,1.,0.));
#10790 = PLANE('',#10791);
#10791 = AXIS2_PLACEMENT_3D('',#10792,#10793,#10794);
#10792 = CARTESIAN_POINT('',(-0.32,-10.48,-3.));
#10793 = DIRECTION('',(1.,0.,0.));
#10794 = DIRECTION('',(0.,0.,1.));
#10795 = ADVANCED_FACE('',(#10796),#10807,.F.);
#10796 = FACE_BOUND('',#10797,.F.);
#10797 = EDGE_LOOP('',(#10798,#10799,#10800,#10801));
#10798 = ORIENTED_EDGE('',*,*,#10720,.F.);
#10799 = ORIENTED_EDGE('',*,*,#7776,.T.);
#10800 = ORIENTED_EDGE('',*,*,#10775,.T.);
#10801 = ORIENTED_EDGE('',*,*,#10802,.T.);
#10802 = EDGE_CURVE('',#10776,#10721,#10803,.T.);
#10803 = LINE('',#10804,#10805);
#10804 = CARTESIAN_POINT('',(-0.32,-10.48,8.38));
#10805 = VECTOR('',#10806,1.);
#10806 = DIRECTION('',(1.,0.,0.));
#10807 = PLANE('',#10808);
#10808 = AXIS2_PLACEMENT_3D('',#10809,#10810,#10811);
#10809 = CARTESIAN_POINT('',(-0.32,-10.48,-3.));
#10810 = DIRECTION('',(0.,1.,0.));
#10811 = DIRECTION('',(0.,-0.,1.));
#10812 = ADVANCED_FACE('',(#10813),#10838,.T.);
#10813 = FACE_BOUND('',#10814,.T.);
#10814 = EDGE_LOOP('',(#10815,#10823,#10824,#10832));
#10815 = ORIENTED_EDGE('',*,*,#10816,.F.);
#10816 = EDGE_CURVE('',#7801,#10817,#10819,.T.);
#10817 = VERTEX_POINT('',#10818);
#10818 = CARTESIAN_POINT('',(0.32,-20.,8.38));
#10819 = LINE('',#10820,#10821);
#10820 = CARTESIAN_POINT('',(0.32,-20.,-3.));
#10821 = VECTOR('',#10822,1.);
#10822 = DIRECTION('',(0.,0.,1.));
#10823 = ORIENTED_EDGE('',*,*,#7800,.T.);
#10824 = ORIENTED_EDGE('',*,*,#10825,.T.);
#10825 = EDGE_CURVE('',#7803,#10826,#10828,.T.);
#10826 = VERTEX_POINT('',#10827);
#10827 = CARTESIAN_POINT('',(-0.32,-20.,8.38));
#10828 = LINE('',#10829,#10830);
#10829 = CARTESIAN_POINT('',(-0.32,-20.,-3.));
#10830 = VECTOR('',#10831,1.);
#10831 = DIRECTION('',(0.,0.,1.));
#10832 = ORIENTED_EDGE('',*,*,#10833,.T.);
#10833 = EDGE_CURVE('',#10826,#10817,#10834,.T.);
#10834 = LINE('',#10835,#10836);
#10835 = CARTESIAN_POINT('',(-0.32,-20.,8.38));
#10836 = VECTOR('',#10837,1.);
#10837 = DIRECTION('',(1.,0.,0.));
#10838 = PLANE('',#10839);
#10839 = AXIS2_PLACEMENT_3D('',#10840,#10841,#10842);
#10840 = CARTESIAN_POINT('',(-0.32,-20.,-3.));
#10841 = DIRECTION('',(0.,1.,0.));
#10842 = DIRECTION('',(0.,-0.,1.));
#10843 = ADVANCED_FACE('',(#10844),#10862,.F.);
#10844 = FACE_BOUND('',#10845,.F.);
#10845 = EDGE_LOOP('',(#10846,#10854,#10855,#10856));
#10846 = ORIENTED_EDGE('',*,*,#10847,.F.);
#10847 = EDGE_CURVE('',#7819,#10848,#10850,.T.);
#10848 = VERTEX_POINT('',#10849);
#10849 = CARTESIAN_POINT('',(-0.32,-20.64,8.38));
#10850 = LINE('',#10851,#10852);
#10851 = CARTESIAN_POINT('',(-0.32,-20.64,-3.));
#10852 = VECTOR('',#10853,1.);
#10853 = DIRECTION('',(0.,0.,1.));
#10854 = ORIENTED_EDGE('',*,*,#7826,.T.);
#10855 = ORIENTED_EDGE('',*,*,#10825,.T.);
#10856 = ORIENTED_EDGE('',*,*,#10857,.F.);
#10857 = EDGE_CURVE('',#10848,#10826,#10858,.T.);
#10858 = LINE('',#10859,#10860);
#10859 = CARTESIAN_POINT('',(-0.32,-20.64,8.38));
#10860 = VECTOR('',#10861,1.);
#10861 = DIRECTION('',(0.,1.,0.));
#10862 = PLANE('',#10863);
#10863 = AXIS2_PLACEMENT_3D('',#10864,#10865,#10866);
#10864 = CARTESIAN_POINT('',(-0.32,-20.64,-3.));
#10865 = DIRECTION('',(1.,0.,0.));
#10866 = DIRECTION('',(0.,0.,1.));
#10867 = ADVANCED_FACE('',(#10868),#10886,.F.);
#10868 = FACE_BOUND('',#10869,.F.);
#10869 = EDGE_LOOP('',(#10870,#10878,#10879,#10880));
#10870 = ORIENTED_EDGE('',*,*,#10871,.F.);
#10871 = EDGE_CURVE('',#7811,#10872,#10874,.T.);
#10872 = VERTEX_POINT('',#10873);
#10873 = CARTESIAN_POINT('',(0.32,-20.64,8.38));
#10874 = LINE('',#10875,#10876);
#10875 = CARTESIAN_POINT('',(0.32,-20.64,-3.));
#10876 = VECTOR('',#10877,1.);
#10877 = DIRECTION('',(0.,0.,1.));
#10878 = ORIENTED_EDGE('',*,*,#7818,.T.);
#10879 = ORIENTED_EDGE('',*,*,#10847,.T.);
#10880 = ORIENTED_EDGE('',*,*,#10881,.T.);
#10881 = EDGE_CURVE('',#10848,#10872,#10882,.T.);
#10882 = LINE('',#10883,#10884);
#10883 = CARTESIAN_POINT('',(-0.32,-20.64,8.38));
#10884 = VECTOR('',#10885,1.);
#10885 = DIRECTION('',(1.,0.,0.));
#10886 = PLANE('',#10887);
#10887 = AXIS2_PLACEMENT_3D('',#10888,#10889,#10890);
#10888 = CARTESIAN_POINT('',(-0.32,-20.64,-3.));
#10889 = DIRECTION('',(0.,1.,0.));
#10890 = DIRECTION('',(0.,-0.,1.));
#10891 = ADVANCED_FACE('',(#10892),#10903,.T.);
#10892 = FACE_BOUND('',#10893,.T.);
#10893 = EDGE_LOOP('',(#10894,#10895,#10896,#10897));
#10894 = ORIENTED_EDGE('',*,*,#10871,.F.);
#10895 = ORIENTED_EDGE('',*,*,#7810,.T.);
#10896 = ORIENTED_EDGE('',*,*,#10816,.T.);
#10897 = ORIENTED_EDGE('',*,*,#10898,.F.);
#10898 = EDGE_CURVE('',#10872,#10817,#10899,.T.);
#10899 = LINE('',#10900,#10901);
#10900 = CARTESIAN_POINT('',(0.32,-20.64,8.38));
#10901 = VECTOR('',#10902,1.);
#10902 = DIRECTION('',(0.,1.,0.));
#10903 = PLANE('',#10904);
#10904 = AXIS2_PLACEMENT_3D('',#10905,#10906,#10907);
#10905 = CARTESIAN_POINT('',(0.32,-20.64,-3.));
#10906 = DIRECTION('',(1.,0.,0.));
#10907 = DIRECTION('',(0.,0.,1.));
#10908 = ADVANCED_FACE('',(#10909),#10934,.T.);
#10909 = FACE_BOUND('',#10910,.T.);
#10910 = EDGE_LOOP('',(#10911,#10919,#10920,#10928));
#10911 = ORIENTED_EDGE('',*,*,#10912,.F.);
#10912 = EDGE_CURVE('',#7835,#10913,#10915,.T.);
#10913 = VERTEX_POINT('',#10914);
#10914 = CARTESIAN_POINT('',(0.32,-18.1,8.38));
#10915 = LINE('',#10916,#10917);
#10916 = CARTESIAN_POINT('',(0.32,-18.1,-3.));
#10917 = VECTOR('',#10918,1.);
#10918 = DIRECTION('',(0.,0.,1.));
#10919 = ORIENTED_EDGE('',*,*,#7834,.T.);
#10920 = ORIENTED_EDGE('',*,*,#10921,.T.);
#10921 = EDGE_CURVE('',#7837,#10922,#10924,.T.);
#10922 = VERTEX_POINT('',#10923);
#10923 = CARTESIAN_POINT('',(0.32,-17.46,8.38));
#10924 = LINE('',#10925,#10926);
#10925 = CARTESIAN_POINT('',(0.32,-17.46,-3.));
#10926 = VECTOR('',#10927,1.);
#10927 = DIRECTION('',(0.,0.,1.));
#10928 = ORIENTED_EDGE('',*,*,#10929,.F.);
#10929 = EDGE_CURVE('',#10913,#10922,#10930,.T.);
#10930 = LINE('',#10931,#10932);
#10931 = CARTESIAN_POINT('',(0.32,-18.1,8.38));
#10932 = VECTOR('',#10933,1.);
#10933 = DIRECTION('',(0.,1.,0.));
#10934 = PLANE('',#10935);
#10935 = AXIS2_PLACEMENT_3D('',#10936,#10937,#10938);
#10936 = CARTESIAN_POINT('',(0.32,-18.1,-3.));
#10937 = DIRECTION('',(1.,0.,0.));
#10938 = DIRECTION('',(0.,0.,1.));
#10939 = ADVANCED_FACE('',(#10940),#10958,.T.);
#10940 = FACE_BOUND('',#10941,.T.);
#10941 = EDGE_LOOP('',(#10942,#10943,#10944,#10952));
#10942 = ORIENTED_EDGE('',*,*,#10921,.F.);
#10943 = ORIENTED_EDGE('',*,*,#7860,.T.);
#10944 = ORIENTED_EDGE('',*,*,#10945,.T.);
#10945 = EDGE_CURVE('',#7853,#10946,#10948,.T.);
#10946 = VERTEX_POINT('',#10947);
#10947 = CARTESIAN_POINT('',(-0.32,-17.46,8.38));
#10948 = LINE('',#10949,#10950);
#10949 = CARTESIAN_POINT('',(-0.32,-17.46,-3.));
#10950 = VECTOR('',#10951,1.);
#10951 = DIRECTION('',(0.,0.,1.));
#10952 = ORIENTED_EDGE('',*,*,#10953,.T.);
#10953 = EDGE_CURVE('',#10946,#10922,#10954,.T.);
#10954 = LINE('',#10955,#10956);
#10955 = CARTESIAN_POINT('',(-0.32,-17.46,8.38));
#10956 = VECTOR('',#10957,1.);
#10957 = DIRECTION('',(1.,0.,0.));
#10958 = PLANE('',#10959);
#10959 = AXIS2_PLACEMENT_3D('',#10960,#10961,#10962);
#10960 = CARTESIAN_POINT('',(-0.32,-17.46,-3.));
#10961 = DIRECTION('',(0.,1.,0.));
#10962 = DIRECTION('',(0.,-0.,1.));
#10963 = ADVANCED_FACE('',(#10964),#10982,.F.);
#10964 = FACE_BOUND('',#10965,.F.);
#10965 = EDGE_LOOP('',(#10966,#10974,#10975,#10976));
#10966 = ORIENTED_EDGE('',*,*,#10967,.F.);
#10967 = EDGE_CURVE('',#7845,#10968,#10970,.T.);
#10968 = VERTEX_POINT('',#10969);
#10969 = CARTESIAN_POINT('',(-0.32,-18.1,8.38));
#10970 = LINE('',#10971,#10972);
#10971 = CARTESIAN_POINT('',(-0.32,-18.1,-3.));
#10972 = VECTOR('',#10973,1.);
#10973 = DIRECTION('',(0.,0.,1.));
#10974 = ORIENTED_EDGE('',*,*,#7852,.T.);
#10975 = ORIENTED_EDGE('',*,*,#10945,.T.);
#10976 = ORIENTED_EDGE('',*,*,#10977,.F.);
#10977 = EDGE_CURVE('',#10968,#10946,#10978,.T.);
#10978 = LINE('',#10979,#10980);
#10979 = CARTESIAN_POINT('',(-0.32,-18.1,8.38));
#10980 = VECTOR('',#10981,1.);
#10981 = DIRECTION('',(0.,1.,0.));
#10982 = PLANE('',#10983);
#10983 = AXIS2_PLACEMENT_3D('',#10984,#10985,#10986);
#10984 = CARTESIAN_POINT('',(-0.32,-18.1,-3.));
#10985 = DIRECTION('',(1.,0.,0.));
#10986 = DIRECTION('',(0.,0.,1.));
#10987 = ADVANCED_FACE('',(#10988),#10999,.F.);
#10988 = FACE_BOUND('',#10989,.F.);
#10989 = EDGE_LOOP('',(#10990,#10991,#10992,#10993));
#10990 = ORIENTED_EDGE('',*,*,#10912,.F.);
#10991 = ORIENTED_EDGE('',*,*,#7844,.T.);
#10992 = ORIENTED_EDGE('',*,*,#10967,.T.);
#10993 = ORIENTED_EDGE('',*,*,#10994,.T.);
#10994 = EDGE_CURVE('',#10968,#10913,#10995,.T.);
#10995 = LINE('',#10996,#10997);
#10996 = CARTESIAN_POINT('',(-0.32,-18.1,8.38));
#10997 = VECTOR('',#10998,1.);
#10998 = DIRECTION('',(1.,0.,0.));
#10999 = PLANE('',#11000);
#11000 = AXIS2_PLACEMENT_3D('',#11001,#11002,#11003);
#11001 = CARTESIAN_POINT('',(-0.32,-18.1,-3.));
#11002 = DIRECTION('',(0.,1.,0.));
#11003 = DIRECTION('',(0.,-0.,1.));
#11004 = ADVANCED_FACE('',(#11005),#11030,.T.);
#11005 = FACE_BOUND('',#11006,.T.);
#11006 = EDGE_LOOP('',(#11007,#11015,#11016,#11024));
#11007 = ORIENTED_EDGE('',*,*,#11008,.F.);
#11008 = EDGE_CURVE('',#7869,#11009,#11011,.T.);
#11009 = VERTEX_POINT('',#11010);
#11010 = CARTESIAN_POINT('',(0.32,-14.92,8.38));
#11011 = LINE('',#11012,#11013);
#11012 = CARTESIAN_POINT('',(0.32,-14.92,-3.));
#11013 = VECTOR('',#11014,1.);
#11014 = DIRECTION('',(0.,0.,1.));
#11015 = ORIENTED_EDGE('',*,*,#7868,.T.);
#11016 = ORIENTED_EDGE('',*,*,#11017,.T.);
#11017 = EDGE_CURVE('',#7871,#11018,#11020,.T.);
#11018 = VERTEX_POINT('',#11019);
#11019 = CARTESIAN_POINT('',(-0.32,-14.92,8.38));
#11020 = LINE('',#11021,#11022);
#11021 = CARTESIAN_POINT('',(-0.32,-14.92,-3.));
#11022 = VECTOR('',#11023,1.);
#11023 = DIRECTION('',(0.,0.,1.));
#11024 = ORIENTED_EDGE('',*,*,#11025,.T.);
#11025 = EDGE_CURVE('',#11018,#11009,#11026,.T.);
#11026 = LINE('',#11027,#11028);
#11027 = CARTESIAN_POINT('',(-0.32,-14.92,8.38));
#11028 = VECTOR('',#11029,1.);
#11029 = DIRECTION('',(1.,0.,0.));
#11030 = PLANE('',#11031);
#11031 = AXIS2_PLACEMENT_3D('',#11032,#11033,#11034);
#11032 = CARTESIAN_POINT('',(-0.32,-14.92,-3.));
#11033 = DIRECTION('',(0.,1.,0.));
#11034 = DIRECTION('',(0.,-0.,1.));
#11035 = ADVANCED_FACE('',(#11036),#11054,.F.);
#11036 = FACE_BOUND('',#11037,.F.);
#11037 = EDGE_LOOP('',(#11038,#11046,#11047,#11048));
#11038 = ORIENTED_EDGE('',*,*,#11039,.F.);
#11039 = EDGE_CURVE('',#7887,#11040,#11042,.T.);
#11040 = VERTEX_POINT('',#11041);
#11041 = CARTESIAN_POINT('',(-0.32,-15.56,8.38));
#11042 = LINE('',#11043,#11044);
#11043 = CARTESIAN_POINT('',(-0.32,-15.56,-3.));
#11044 = VECTOR('',#11045,1.);
#11045 = DIRECTION('',(0.,0.,1.));
#11046 = ORIENTED_EDGE('',*,*,#7894,.T.);
#11047 = ORIENTED_EDGE('',*,*,#11017,.T.);
#11048 = ORIENTED_EDGE('',*,*,#11049,.F.);
#11049 = EDGE_CURVE('',#11040,#11018,#11050,.T.);
#11050 = LINE('',#11051,#11052);
#11051 = CARTESIAN_POINT('',(-0.32,-15.56,8.38));
#11052 = VECTOR('',#11053,1.);
#11053 = DIRECTION('',(0.,1.,0.));
#11054 = PLANE('',#11055);
#11055 = AXIS2_PLACEMENT_3D('',#11056,#11057,#11058);
#11056 = CARTESIAN_POINT('',(-0.32,-15.56,-3.));
#11057 = DIRECTION('',(1.,0.,0.));
#11058 = DIRECTION('',(0.,0.,1.));
#11059 = ADVANCED_FACE('',(#11060),#11078,.F.);
#11060 = FACE_BOUND('',#11061,.F.);
#11061 = EDGE_LOOP('',(#11062,#11070,#11071,#11072));
#11062 = ORIENTED_EDGE('',*,*,#11063,.F.);
#11063 = EDGE_CURVE('',#7879,#11064,#11066,.T.);
#11064 = VERTEX_POINT('',#11065);
#11065 = CARTESIAN_POINT('',(0.32,-15.56,8.38));
#11066 = LINE('',#11067,#11068);
#11067 = CARTESIAN_POINT('',(0.32,-15.56,-3.));
#11068 = VECTOR('',#11069,1.);
#11069 = DIRECTION('',(0.,0.,1.));
#11070 = ORIENTED_EDGE('',*,*,#7886,.T.);
#11071 = ORIENTED_EDGE('',*,*,#11039,.T.);
#11072 = ORIENTED_EDGE('',*,*,#11073,.T.);
#11073 = EDGE_CURVE('',#11040,#11064,#11074,.T.);
#11074 = LINE('',#11075,#11076);
#11075 = CARTESIAN_POINT('',(-0.32,-15.56,8.38));
#11076 = VECTOR('',#11077,1.);
#11077 = DIRECTION('',(1.,0.,0.));
#11078 = PLANE('',#11079);
#11079 = AXIS2_PLACEMENT_3D('',#11080,#11081,#11082);
#11080 = CARTESIAN_POINT('',(-0.32,-15.56,-3.));
#11081 = DIRECTION('',(0.,1.,0.));
#11082 = DIRECTION('',(0.,-0.,1.));
#11083 = ADVANCED_FACE('',(#11084),#11095,.T.);
#11084 = FACE_BOUND('',#11085,.T.);
#11085 = EDGE_LOOP('',(#11086,#11087,#11088,#11089));
#11086 = ORIENTED_EDGE('',*,*,#11063,.F.);
#11087 = ORIENTED_EDGE('',*,*,#7878,.T.);
#11088 = ORIENTED_EDGE('',*,*,#11008,.T.);
#11089 = ORIENTED_EDGE('',*,*,#11090,.F.);
#11090 = EDGE_CURVE('',#11064,#11009,#11091,.T.);
#11091 = LINE('',#11092,#11093);
#11092 = CARTESIAN_POINT('',(0.32,-15.56,8.38));
#11093 = VECTOR('',#11094,1.);
#11094 = DIRECTION('',(0.,1.,0.));
#11095 = PLANE('',#11096);
#11096 = AXIS2_PLACEMENT_3D('',#11097,#11098,#11099);
#11097 = CARTESIAN_POINT('',(0.32,-15.56,-3.));
#11098 = DIRECTION('',(1.,0.,0.));
#11099 = DIRECTION('',(0.,0.,1.));
#11100 = ADVANCED_FACE('',(#11101),#11126,.T.);
#11101 = FACE_BOUND('',#11102,.T.);
#11102 = EDGE_LOOP('',(#11103,#11111,#11112,#11120));
#11103 = ORIENTED_EDGE('',*,*,#11104,.F.);
#11104 = EDGE_CURVE('',#7903,#11105,#11107,.T.);
#11105 = VERTEX_POINT('',#11106);
#11106 = CARTESIAN_POINT('',(0.32,-0.32,8.38));
#11107 = LINE('',#11108,#11109);
#11108 = CARTESIAN_POINT('',(0.32,-0.32,-3.));
#11109 = VECTOR('',#11110,1.);
#11110 = DIRECTION('',(0.,0.,1.));
#11111 = ORIENTED_EDGE('',*,*,#7902,.T.);
#11112 = ORIENTED_EDGE('',*,*,#11113,.T.);
#11113 = EDGE_CURVE('',#7905,#11114,#11116,.T.);
#11114 = VERTEX_POINT('',#11115);
#11115 = CARTESIAN_POINT('',(0.32,0.32,8.38));
#11116 = LINE('',#11117,#11118);
#11117 = CARTESIAN_POINT('',(0.32,0.32,-3.));
#11118 = VECTOR('',#11119,1.);
#11119 = DIRECTION('',(0.,0.,1.));
#11120 = ORIENTED_EDGE('',*,*,#11121,.F.);
#11121 = EDGE_CURVE('',#11105,#11114,#11122,.T.);
#11122 = LINE('',#11123,#11124);
#11123 = CARTESIAN_POINT('',(0.32,-0.32,8.38));
#11124 = VECTOR('',#11125,1.);
#11125 = DIRECTION('',(0.,1.,0.));
#11126 = PLANE('',#11127);
#11127 = AXIS2_PLACEMENT_3D('',#11128,#11129,#11130);
#11128 = CARTESIAN_POINT('',(0.32,-0.32,-3.));
#11129 = DIRECTION('',(1.,0.,0.));
#11130 = DIRECTION('',(0.,0.,1.));
#11131 = ADVANCED_FACE('',(#11132),#11150,.T.);
#11132 = FACE_BOUND('',#11133,.T.);
#11133 = EDGE_LOOP('',(#11134,#11135,#11136,#11144));
#11134 = ORIENTED_EDGE('',*,*,#11113,.F.);
#11135 = ORIENTED_EDGE('',*,*,#7928,.T.);
#11136 = ORIENTED_EDGE('',*,*,#11137,.T.);
#11137 = EDGE_CURVE('',#7921,#11138,#11140,.T.);
#11138 = VERTEX_POINT('',#11139);
#11139 = CARTESIAN_POINT('',(-0.32,0.32,8.38));
#11140 = LINE('',#11141,#11142);
#11141 = CARTESIAN_POINT('',(-0.32,0.32,-3.));
#11142 = VECTOR('',#11143,1.);
#11143 = DIRECTION('',(0.,0.,1.));
#11144 = ORIENTED_EDGE('',*,*,#11145,.T.);
#11145 = EDGE_CURVE('',#11138,#11114,#11146,.T.);
#11146 = LINE('',#11147,#11148);
#11147 = CARTESIAN_POINT('',(-0.32,0.32,8.38));
#11148 = VECTOR('',#11149,1.);
#11149 = DIRECTION('',(1.,0.,0.));
#11150 = PLANE('',#11151);
#11151 = AXIS2_PLACEMENT_3D('',#11152,#11153,#11154);
#11152 = CARTESIAN_POINT('',(-0.32,0.32,-3.));
#11153 = DIRECTION('',(0.,1.,0.));
#11154 = DIRECTION('',(0.,-0.,1.));
#11155 = ADVANCED_FACE('',(#11156),#11174,.F.);
#11156 = FACE_BOUND('',#11157,.F.);
#11157 = EDGE_LOOP('',(#11158,#11166,#11167,#11168));
#11158 = ORIENTED_EDGE('',*,*,#11159,.F.);
#11159 = EDGE_CURVE('',#7913,#11160,#11162,.T.);
#11160 = VERTEX_POINT('',#11161);
#11161 = CARTESIAN_POINT('',(-0.32,-0.32,8.38));
#11162 = LINE('',#11163,#11164);
#11163 = CARTESIAN_POINT('',(-0.32,-0.32,-3.));
#11164 = VECTOR('',#11165,1.);
#11165 = DIRECTION('',(0.,0.,1.));
#11166 = ORIENTED_EDGE('',*,*,#7920,.T.);
#11167 = ORIENTED_EDGE('',*,*,#11137,.T.);
#11168 = ORIENTED_EDGE('',*,*,#11169,.F.);
#11169 = EDGE_CURVE('',#11160,#11138,#11170,.T.);
#11170 = LINE('',#11171,#11172);
#11171 = CARTESIAN_POINT('',(-0.32,-0.32,8.38));
#11172 = VECTOR('',#11173,1.);
#11173 = DIRECTION('',(0.,1.,0.));
#11174 = PLANE('',#11175);
#11175 = AXIS2_PLACEMENT_3D('',#11176,#11177,#11178);
#11176 = CARTESIAN_POINT('',(-0.32,-0.32,-3.));
#11177 = DIRECTION('',(1.,0.,0.));
#11178 = DIRECTION('',(0.,0.,1.));
#11179 = ADVANCED_FACE('',(#11180),#11191,.F.);
#11180 = FACE_BOUND('',#11181,.F.);
#11181 = EDGE_LOOP('',(#11182,#11183,#11184,#11185));
#11182 = ORIENTED_EDGE('',*,*,#11104,.F.);
#11183 = ORIENTED_EDGE('',*,*,#7912,.T.);
#11184 = ORIENTED_EDGE('',*,*,#11159,.T.);
#11185 = ORIENTED_EDGE('',*,*,#11186,.T.);
#11186 = EDGE_CURVE('',#11160,#11105,#11187,.T.);
#11187 = LINE('',#11188,#11189);
#11188 = CARTESIAN_POINT('',(-0.32,-0.32,8.38));
#11189 = VECTOR('',#11190,1.);
#11190 = DIRECTION('',(1.,0.,0.));
#11191 = PLANE('',#11192);
#11192 = AXIS2_PLACEMENT_3D('',#11193,#11194,#11195);
#11193 = CARTESIAN_POINT('',(-0.32,-0.32,-3.));
#11194 = DIRECTION('',(0.,1.,0.));
#11195 = DIRECTION('',(0.,-0.,1.));
#11196 = ADVANCED_FACE('',(#11197),#11222,.T.);
#11197 = FACE_BOUND('',#11198,.T.);
#11198 = EDGE_LOOP('',(#11199,#11207,#11208,#11216));
#11199 = ORIENTED_EDGE('',*,*,#11200,.F.);
#11200 = EDGE_CURVE('',#7937,#11201,#11203,.T.);
#11201 = VERTEX_POINT('',#11202);
#11202 = CARTESIAN_POINT('',(0.32,-2.86,8.38));
#11203 = LINE('',#11204,#11205);
#11204 = CARTESIAN_POINT('',(0.32,-2.86,-3.));
#11205 = VECTOR('',#11206,1.);
#11206 = DIRECTION('',(0.,0.,1.));
#11207 = ORIENTED_EDGE('',*,*,#7936,.T.);
#11208 = ORIENTED_EDGE('',*,*,#11209,.T.);
#11209 = EDGE_CURVE('',#7939,#11210,#11212,.T.);
#11210 = VERTEX_POINT('',#11211);
#11211 = CARTESIAN_POINT('',(0.32,-2.22,8.38));
#11212 = LINE('',#11213,#11214);
#11213 = CARTESIAN_POINT('',(0.32,-2.22,-3.));
#11214 = VECTOR('',#11215,1.);
#11215 = DIRECTION('',(0.,0.,1.));
#11216 = ORIENTED_EDGE('',*,*,#11217,.F.);
#11217 = EDGE_CURVE('',#11201,#11210,#11218,.T.);
#11218 = LINE('',#11219,#11220);
#11219 = CARTESIAN_POINT('',(0.32,-2.86,8.38));
#11220 = VECTOR('',#11221,1.);
#11221 = DIRECTION('',(0.,1.,0.));
#11222 = PLANE('',#11223);
#11223 = AXIS2_PLACEMENT_3D('',#11224,#11225,#11226);
#11224 = CARTESIAN_POINT('',(0.32,-2.86,-3.));
#11225 = DIRECTION('',(1.,0.,0.));
#11226 = DIRECTION('',(0.,0.,1.));
#11227 = ADVANCED_FACE('',(#11228),#11246,.T.);
#11228 = FACE_BOUND('',#11229,.T.);
#11229 = EDGE_LOOP('',(#11230,#11231,#11232,#11240));
#11230 = ORIENTED_EDGE('',*,*,#11209,.F.);
#11231 = ORIENTED_EDGE('',*,*,#7962,.T.);
#11232 = ORIENTED_EDGE('',*,*,#11233,.T.);
#11233 = EDGE_CURVE('',#7955,#11234,#11236,.T.);
#11234 = VERTEX_POINT('',#11235);
#11235 = CARTESIAN_POINT('',(-0.32,-2.22,8.38));
#11236 = LINE('',#11237,#11238);
#11237 = CARTESIAN_POINT('',(-0.32,-2.22,-3.));
#11238 = VECTOR('',#11239,1.);
#11239 = DIRECTION('',(0.,0.,1.));
#11240 = ORIENTED_EDGE('',*,*,#11241,.T.);
#11241 = EDGE_CURVE('',#11234,#11210,#11242,.T.);
#11242 = LINE('',#11243,#11244);
#11243 = CARTESIAN_POINT('',(-0.32,-2.22,8.38));
#11244 = VECTOR('',#11245,1.);
#11245 = DIRECTION('',(1.,0.,0.));
#11246 = PLANE('',#11247);
#11247 = AXIS2_PLACEMENT_3D('',#11248,#11249,#11250);
#11248 = CARTESIAN_POINT('',(-0.32,-2.22,-3.));
#11249 = DIRECTION('',(0.,1.,0.));
#11250 = DIRECTION('',(0.,-0.,1.));
#11251 = ADVANCED_FACE('',(#11252),#11270,.F.);
#11252 = FACE_BOUND('',#11253,.F.);
#11253 = EDGE_LOOP('',(#11254,#11262,#11263,#11264));
#11254 = ORIENTED_EDGE('',*,*,#11255,.F.);
#11255 = EDGE_CURVE('',#7947,#11256,#11258,.T.);
#11256 = VERTEX_POINT('',#11257);
#11257 = CARTESIAN_POINT('',(-0.32,-2.86,8.38));
#11258 = LINE('',#11259,#11260);
#11259 = CARTESIAN_POINT('',(-0.32,-2.86,-3.));
#11260 = VECTOR('',#11261,1.);
#11261 = DIRECTION('',(0.,0.,1.));
#11262 = ORIENTED_EDGE('',*,*,#7954,.T.);
#11263 = ORIENTED_EDGE('',*,*,#11233,.T.);
#11264 = ORIENTED_EDGE('',*,*,#11265,.F.);
#11265 = EDGE_CURVE('',#11256,#11234,#11266,.T.);
#11266 = LINE('',#11267,#11268);
#11267 = CARTESIAN_POINT('',(-0.32,-2.86,8.38));
#11268 = VECTOR('',#11269,1.);
#11269 = DIRECTION('',(0.,1.,0.));
#11270 = PLANE('',#11271);
#11271 = AXIS2_PLACEMENT_3D('',#11272,#11273,#11274);
#11272 = CARTESIAN_POINT('',(-0.32,-2.86,-3.));
#11273 = DIRECTION('',(1.,0.,0.));
#11274 = DIRECTION('',(0.,0.,1.));
#11275 = ADVANCED_FACE('',(#11276),#11287,.F.);
#11276 = FACE_BOUND('',#11277,.F.);
#11277 = EDGE_LOOP('',(#11278,#11279,#11280,#11281));
#11278 = ORIENTED_EDGE('',*,*,#11200,.F.);
#11279 = ORIENTED_EDGE('',*,*,#7946,.T.);
#11280 = ORIENTED_EDGE('',*,*,#11255,.T.);
#11281 = ORIENTED_EDGE('',*,*,#11282,.T.);
#11282 = EDGE_CURVE('',#11256,#11201,#11283,.T.);
#11283 = LINE('',#11284,#11285);
#11284 = CARTESIAN_POINT('',(-0.32,-2.86,8.38));
#11285 = VECTOR('',#11286,1.);
#11286 = DIRECTION('',(1.,0.,0.));
#11287 = PLANE('',#11288);
#11288 = AXIS2_PLACEMENT_3D('',#11289,#11290,#11291);
#11289 = CARTESIAN_POINT('',(-0.32,-2.86,-3.));
#11290 = DIRECTION('',(0.,1.,0.));
#11291 = DIRECTION('',(0.,-0.,1.));
#11292 = ADVANCED_FACE('',(#11293),#11318,.T.);
#11293 = FACE_BOUND('',#11294,.T.);
#11294 = EDGE_LOOP('',(#11295,#11303,#11304,#11312));
#11295 = ORIENTED_EDGE('',*,*,#11296,.F.);
#11296 = EDGE_CURVE('',#7971,#11297,#11299,.T.);
#11297 = VERTEX_POINT('',#11298);
#11298 = CARTESIAN_POINT('',(0.32,-27.62,8.38));
#11299 = LINE('',#11300,#11301);
#11300 = CARTESIAN_POINT('',(0.32,-27.62,-3.));
#11301 = VECTOR('',#11302,1.);
#11302 = DIRECTION('',(0.,0.,1.));
#11303 = ORIENTED_EDGE('',*,*,#7970,.T.);
#11304 = ORIENTED_EDGE('',*,*,#11305,.T.);
#11305 = EDGE_CURVE('',#7973,#11306,#11308,.T.);
#11306 = VERTEX_POINT('',#11307);
#11307 = CARTESIAN_POINT('',(-0.32,-27.62,8.38));
#11308 = LINE('',#11309,#11310);
#11309 = CARTESIAN_POINT('',(-0.32,-27.62,-3.));
#11310 = VECTOR('',#11311,1.);
#11311 = DIRECTION('',(0.,0.,1.));
#11312 = ORIENTED_EDGE('',*,*,#11313,.T.);
#11313 = EDGE_CURVE('',#11306,#11297,#11314,.T.);
#11314 = LINE('',#11315,#11316);
#11315 = CARTESIAN_POINT('',(-0.32,-27.62,8.38));
#11316 = VECTOR('',#11317,1.);
#11317 = DIRECTION('',(1.,0.,0.));
#11318 = PLANE('',#11319);
#11319 = AXIS2_PLACEMENT_3D('',#11320,#11321,#11322);
#11320 = CARTESIAN_POINT('',(-0.32,-27.62,-3.));
#11321 = DIRECTION('',(0.,1.,0.));
#11322 = DIRECTION('',(0.,-0.,1.));
#11323 = ADVANCED_FACE('',(#11324),#11342,.F.);
#11324 = FACE_BOUND('',#11325,.F.);
#11325 = EDGE_LOOP('',(#11326,#11334,#11335,#11336));
#11326 = ORIENTED_EDGE('',*,*,#11327,.F.);
#11327 = EDGE_CURVE('',#7989,#11328,#11330,.T.);
#11328 = VERTEX_POINT('',#11329);
#11329 = CARTESIAN_POINT('',(-0.32,-28.26,8.38));
#11330 = LINE('',#11331,#11332);
#11331 = CARTESIAN_POINT('',(-0.32,-28.26,-3.));
#11332 = VECTOR('',#11333,1.);
#11333 = DIRECTION('',(0.,0.,1.));
#11334 = ORIENTED_EDGE('',*,*,#7996,.T.);
#11335 = ORIENTED_EDGE('',*,*,#11305,.T.);
#11336 = ORIENTED_EDGE('',*,*,#11337,.F.);
#11337 = EDGE_CURVE('',#11328,#11306,#11338,.T.);
#11338 = LINE('',#11339,#11340);
#11339 = CARTESIAN_POINT('',(-0.32,-28.26,8.38));
#11340 = VECTOR('',#11341,1.);
#11341 = DIRECTION('',(0.,1.,0.));
#11342 = PLANE('',#11343);
#11343 = AXIS2_PLACEMENT_3D('',#11344,#11345,#11346);
#11344 = CARTESIAN_POINT('',(-0.32,-28.26,-3.));
#11345 = DIRECTION('',(1.,0.,0.));
#11346 = DIRECTION('',(0.,0.,1.));
#11347 = ADVANCED_FACE('',(#11348),#11366,.F.);
#11348 = FACE_BOUND('',#11349,.F.);
#11349 = EDGE_LOOP('',(#11350,#11358,#11359,#11360));
#11350 = ORIENTED_EDGE('',*,*,#11351,.F.);
#11351 = EDGE_CURVE('',#7981,#11352,#11354,.T.);
#11352 = VERTEX_POINT('',#11353);
#11353 = CARTESIAN_POINT('',(0.32,-28.26,8.38));
#11354 = LINE('',#11355,#11356);
#11355 = CARTESIAN_POINT('',(0.32,-28.26,-3.));
#11356 = VECTOR('',#11357,1.);
#11357 = DIRECTION('',(0.,0.,1.));
#11358 = ORIENTED_EDGE('',*,*,#7988,.T.);
#11359 = ORIENTED_EDGE('',*,*,#11327,.T.);
#11360 = ORIENTED_EDGE('',*,*,#11361,.T.);
#11361 = EDGE_CURVE('',#11328,#11352,#11362,.T.);
#11362 = LINE('',#11363,#11364);
#11363 = CARTESIAN_POINT('',(-0.32,-28.26,8.38));
#11364 = VECTOR('',#11365,1.);
#11365 = DIRECTION('',(1.,0.,0.));
#11366 = PLANE('',#11367);
#11367 = AXIS2_PLACEMENT_3D('',#11368,#11369,#11370);
#11368 = CARTESIAN_POINT('',(-0.32,-28.26,-3.));
#11369 = DIRECTION('',(0.,1.,0.));
#11370 = DIRECTION('',(0.,-0.,1.));
#11371 = ADVANCED_FACE('',(#11372),#11383,.T.);
#11372 = FACE_BOUND('',#11373,.T.);
#11373 = EDGE_LOOP('',(#11374,#11375,#11376,#11377));
#11374 = ORIENTED_EDGE('',*,*,#11351,.F.);
#11375 = ORIENTED_EDGE('',*,*,#7980,.T.);
#11376 = ORIENTED_EDGE('',*,*,#11296,.T.);
#11377 = ORIENTED_EDGE('',*,*,#11378,.F.);
#11378 = EDGE_CURVE('',#11352,#11297,#11379,.T.);
#11379 = LINE('',#11380,#11381);
#11380 = CARTESIAN_POINT('',(0.32,-28.26,8.38));
#11381 = VECTOR('',#11382,1.);
#11382 = DIRECTION('',(0.,1.,0.));
#11383 = PLANE('',#11384);
#11384 = AXIS2_PLACEMENT_3D('',#11385,#11386,#11387);
#11385 = CARTESIAN_POINT('',(0.32,-28.26,-3.));
#11386 = DIRECTION('',(1.,0.,0.));
#11387 = DIRECTION('',(0.,0.,1.));
#11388 = ADVANCED_FACE('',(#11389),#11414,.T.);
#11389 = FACE_BOUND('',#11390,.T.);
#11390 = EDGE_LOOP('',(#11391,#11399,#11400,#11408));
#11391 = ORIENTED_EDGE('',*,*,#11392,.F.);
#11392 = EDGE_CURVE('',#8005,#11393,#11395,.T.);
#11393 = VERTEX_POINT('',#11394);
#11394 = CARTESIAN_POINT('',(0.32,-23.18,8.38));
#11395 = LINE('',#11396,#11397);
#11396 = CARTESIAN_POINT('',(0.32,-23.18,-3.));
#11397 = VECTOR('',#11398,1.);
#11398 = DIRECTION('',(0.,0.,1.));
#11399 = ORIENTED_EDGE('',*,*,#8004,.T.);
#11400 = ORIENTED_EDGE('',*,*,#11401,.T.);
#11401 = EDGE_CURVE('',#8007,#11402,#11404,.T.);
#11402 = VERTEX_POINT('',#11403);
#11403 = CARTESIAN_POINT('',(0.32,-22.54,8.38));
#11404 = LINE('',#11405,#11406);
#11405 = CARTESIAN_POINT('',(0.32,-22.54,-3.));
#11406 = VECTOR('',#11407,1.);
#11407 = DIRECTION('',(0.,0.,1.));
#11408 = ORIENTED_EDGE('',*,*,#11409,.F.);
#11409 = EDGE_CURVE('',#11393,#11402,#11410,.T.);
#11410 = LINE('',#11411,#11412);
#11411 = CARTESIAN_POINT('',(0.32,-23.18,8.38));
#11412 = VECTOR('',#11413,1.);
#11413 = DIRECTION('',(0.,1.,0.));
#11414 = PLANE('',#11415);
#11415 = AXIS2_PLACEMENT_3D('',#11416,#11417,#11418);
#11416 = CARTESIAN_POINT('',(0.32,-23.18,-3.));
#11417 = DIRECTION('',(1.,0.,0.));
#11418 = DIRECTION('',(0.,0.,1.));
#11419 = ADVANCED_FACE('',(#11420),#11438,.T.);
#11420 = FACE_BOUND('',#11421,.T.);
#11421 = EDGE_LOOP('',(#11422,#11423,#11424,#11432));
#11422 = ORIENTED_EDGE('',*,*,#11401,.F.);
#11423 = ORIENTED_EDGE('',*,*,#8030,.T.);
#11424 = ORIENTED_EDGE('',*,*,#11425,.T.);
#11425 = EDGE_CURVE('',#8023,#11426,#11428,.T.);
#11426 = VERTEX_POINT('',#11427);
#11427 = CARTESIAN_POINT('',(-0.32,-22.54,8.38));
#11428 = LINE('',#11429,#11430);
#11429 = CARTESIAN_POINT('',(-0.32,-22.54,-3.));
#11430 = VECTOR('',#11431,1.);
#11431 = DIRECTION('',(0.,0.,1.));
#11432 = ORIENTED_EDGE('',*,*,#11433,.T.);
#11433 = EDGE_CURVE('',#11426,#11402,#11434,.T.);
#11434 = LINE('',#11435,#11436);
#11435 = CARTESIAN_POINT('',(-0.32,-22.54,8.38));
#11436 = VECTOR('',#11437,1.);
#11437 = DIRECTION('',(1.,0.,0.));
#11438 = PLANE('',#11439);
#11439 = AXIS2_PLACEMENT_3D('',#11440,#11441,#11442);
#11440 = CARTESIAN_POINT('',(-0.32,-22.54,-3.));
#11441 = DIRECTION('',(0.,1.,0.));
#11442 = DIRECTION('',(0.,-0.,1.));
#11443 = ADVANCED_FACE('',(#11444),#11462,.F.);
#11444 = FACE_BOUND('',#11445,.F.);
#11445 = EDGE_LOOP('',(#11446,#11454,#11455,#11456));
#11446 = ORIENTED_EDGE('',*,*,#11447,.F.);
#11447 = EDGE_CURVE('',#8015,#11448,#11450,.T.);
#11448 = VERTEX_POINT('',#11449);
#11449 = CARTESIAN_POINT('',(-0.32,-23.18,8.38));
#11450 = LINE('',#11451,#11452);
#11451 = CARTESIAN_POINT('',(-0.32,-23.18,-3.));
#11452 = VECTOR('',#11453,1.);
#11453 = DIRECTION('',(0.,0.,1.));
#11454 = ORIENTED_EDGE('',*,*,#8022,.T.);
#11455 = ORIENTED_EDGE('',*,*,#11425,.T.);
#11456 = ORIENTED_EDGE('',*,*,#11457,.F.);
#11457 = EDGE_CURVE('',#11448,#11426,#11458,.T.);
#11458 = LINE('',#11459,#11460);
#11459 = CARTESIAN_POINT('',(-0.32,-23.18,8.38));
#11460 = VECTOR('',#11461,1.);
#11461 = DIRECTION('',(0.,1.,0.));
#11462 = PLANE('',#11463);
#11463 = AXIS2_PLACEMENT_3D('',#11464,#11465,#11466);
#11464 = CARTESIAN_POINT('',(-0.32,-23.18,-3.));
#11465 = DIRECTION('',(1.,0.,0.));
#11466 = DIRECTION('',(0.,0.,1.));
#11467 = ADVANCED_FACE('',(#11468),#11479,.F.);
#11468 = FACE_BOUND('',#11469,.F.);
#11469 = EDGE_LOOP('',(#11470,#11471,#11472,#11473));
#11470 = ORIENTED_EDGE('',*,*,#11392,.F.);
#11471 = ORIENTED_EDGE('',*,*,#8014,.T.);
#11472 = ORIENTED_EDGE('',*,*,#11447,.T.);
#11473 = ORIENTED_EDGE('',*,*,#11474,.T.);
#11474 = EDGE_CURVE('',#11448,#11393,#11475,.T.);
#11475 = LINE('',#11476,#11477);
#11476 = CARTESIAN_POINT('',(-0.32,-23.18,8.38));
#11477 = VECTOR('',#11478,1.);
#11478 = DIRECTION('',(1.,0.,0.));
#11479 = PLANE('',#11480);
#11480 = AXIS2_PLACEMENT_3D('',#11481,#11482,#11483);
#11481 = CARTESIAN_POINT('',(-0.32,-23.18,-3.));
#11482 = DIRECTION('',(0.,1.,0.));
#11483 = DIRECTION('',(0.,-0.,1.));
#11484 = ADVANCED_FACE('',(#11485),#11510,.T.);
#11485 = FACE_BOUND('',#11486,.T.);
#11486 = EDGE_LOOP('',(#11487,#11495,#11496,#11504));
#11487 = ORIENTED_EDGE('',*,*,#11488,.F.);
#11488 = EDGE_CURVE('',#8039,#11489,#11491,.T.);
#11489 = VERTEX_POINT('',#11490);
#11490 = CARTESIAN_POINT('',(0.32,-25.72,8.38));
#11491 = LINE('',#11492,#11493);
#11492 = CARTESIAN_POINT('',(0.32,-25.72,-3.));
#11493 = VECTOR('',#11494,1.);
#11494 = DIRECTION('',(0.,0.,1.));
#11495 = ORIENTED_EDGE('',*,*,#8038,.T.);
#11496 = ORIENTED_EDGE('',*,*,#11497,.T.);
#11497 = EDGE_CURVE('',#8041,#11498,#11500,.T.);
#11498 = VERTEX_POINT('',#11499);
#11499 = CARTESIAN_POINT('',(0.32,-25.08,8.38));
#11500 = LINE('',#11501,#11502);
#11501 = CARTESIAN_POINT('',(0.32,-25.08,-3.));
#11502 = VECTOR('',#11503,1.);
#11503 = DIRECTION('',(0.,0.,1.));
#11504 = ORIENTED_EDGE('',*,*,#11505,.F.);
#11505 = EDGE_CURVE('',#11489,#11498,#11506,.T.);
#11506 = LINE('',#11507,#11508);
#11507 = CARTESIAN_POINT('',(0.32,-25.72,8.38));
#11508 = VECTOR('',#11509,1.);
#11509 = DIRECTION('',(0.,1.,0.));
#11510 = PLANE('',#11511);
#11511 = AXIS2_PLACEMENT_3D('',#11512,#11513,#11514);
#11512 = CARTESIAN_POINT('',(0.32,-25.72,-3.));
#11513 = DIRECTION('',(1.,0.,0.));
#11514 = DIRECTION('',(0.,0.,1.));
#11515 = ADVANCED_FACE('',(#11516),#11534,.T.);
#11516 = FACE_BOUND('',#11517,.T.);
#11517 = EDGE_LOOP('',(#11518,#11519,#11520,#11528));
#11518 = ORIENTED_EDGE('',*,*,#11497,.F.);
#11519 = ORIENTED_EDGE('',*,*,#8064,.T.);
#11520 = ORIENTED_EDGE('',*,*,#11521,.T.);
#11521 = EDGE_CURVE('',#8057,#11522,#11524,.T.);
#11522 = VERTEX_POINT('',#11523);
#11523 = CARTESIAN_POINT('',(-0.32,-25.08,8.38));
#11524 = LINE('',#11525,#11526);
#11525 = CARTESIAN_POINT('',(-0.32,-25.08,-3.));
#11526 = VECTOR('',#11527,1.);
#11527 = DIRECTION('',(0.,0.,1.));
#11528 = ORIENTED_EDGE('',*,*,#11529,.T.);
#11529 = EDGE_CURVE('',#11522,#11498,#11530,.T.);
#11530 = LINE('',#11531,#11532);
#11531 = CARTESIAN_POINT('',(-0.32,-25.08,8.38));
#11532 = VECTOR('',#11533,1.);
#11533 = DIRECTION('',(1.,0.,0.));
#11534 = PLANE('',#11535);
#11535 = AXIS2_PLACEMENT_3D('',#11536,#11537,#11538);
#11536 = CARTESIAN_POINT('',(-0.32,-25.08,-3.));
#11537 = DIRECTION('',(0.,1.,0.));
#11538 = DIRECTION('',(0.,-0.,1.));
#11539 = ADVANCED_FACE('',(#11540),#11558,.F.);
#11540 = FACE_BOUND('',#11541,.F.);
#11541 = EDGE_LOOP('',(#11542,#11550,#11551,#11552));
#11542 = ORIENTED_EDGE('',*,*,#11543,.F.);
#11543 = EDGE_CURVE('',#8049,#11544,#11546,.T.);
#11544 = VERTEX_POINT('',#11545);
#11545 = CARTESIAN_POINT('',(-0.32,-25.72,8.38));
#11546 = LINE('',#11547,#11548);
#11547 = CARTESIAN_POINT('',(-0.32,-25.72,-3.));
#11548 = VECTOR('',#11549,1.);
#11549 = DIRECTION('',(0.,0.,1.));
#11550 = ORIENTED_EDGE('',*,*,#8056,.T.);
#11551 = ORIENTED_EDGE('',*,*,#11521,.T.);
#11552 = ORIENTED_EDGE('',*,*,#11553,.F.);
#11553 = EDGE_CURVE('',#11544,#11522,#11554,.T.);
#11554 = LINE('',#11555,#11556);
#11555 = CARTESIAN_POINT('',(-0.32,-25.72,8.38));
#11556 = VECTOR('',#11557,1.);
#11557 = DIRECTION('',(0.,1.,0.));
#11558 = PLANE('',#11559);
#11559 = AXIS2_PLACEMENT_3D('',#11560,#11561,#11562);
#11560 = CARTESIAN_POINT('',(-0.32,-25.72,-3.));
#11561 = DIRECTION('',(1.,0.,0.));
#11562 = DIRECTION('',(0.,0.,1.));
#11563 = ADVANCED_FACE('',(#11564),#11575,.F.);
#11564 = FACE_BOUND('',#11565,.F.);
#11565 = EDGE_LOOP('',(#11566,#11567,#11568,#11569));
#11566 = ORIENTED_EDGE('',*,*,#11488,.F.);
#11567 = ORIENTED_EDGE('',*,*,#8048,.T.);
#11568 = ORIENTED_EDGE('',*,*,#11543,.T.);
#11569 = ORIENTED_EDGE('',*,*,#11570,.T.);
#11570 = EDGE_CURVE('',#11544,#11489,#11571,.T.);
#11571 = LINE('',#11572,#11573);
#11572 = CARTESIAN_POINT('',(-0.32,-25.72,8.38));
#11573 = VECTOR('',#11574,1.);
#11574 = DIRECTION('',(1.,0.,0.));
#11575 = PLANE('',#11576);
#11576 = AXIS2_PLACEMENT_3D('',#11577,#11578,#11579);
#11577 = CARTESIAN_POINT('',(-0.32,-25.72,-3.));
#11578 = DIRECTION('',(0.,1.,0.));
#11579 = DIRECTION('',(0.,-0.,1.));
#11580 = ADVANCED_FACE('',(#11581),#11606,.F.);
#11581 = FACE_BOUND('',#11582,.F.);
#11582 = EDGE_LOOP('',(#11583,#11591,#11592,#11600));
#11583 = ORIENTED_EDGE('',*,*,#11584,.F.);
#11584 = EDGE_CURVE('',#9281,#11585,#11587,.T.);
#11585 = VERTEX_POINT('',#11586);
#11586 = CARTESIAN_POINT('',(0.16,-5.24,-3.));
#11587 = LINE('',#11588,#11589);
#11588 = CARTESIAN_POINT('',(0.16,-5.24,-3.));
#11589 = VECTOR('',#11590,1.);
#11590 = DIRECTION('',(-0.57735026919,0.57735026919,-0.57735026919));
#11591 = ORIENTED_EDGE('',*,*,#9288,.T.);
#11592 = ORIENTED_EDGE('',*,*,#11593,.T.);
#11593 = EDGE_CURVE('',#9289,#11594,#11596,.T.);
#11594 = VERTEX_POINT('',#11595);
#11595 = CARTESIAN_POINT('',(0.16,-4.92,-3.));
#11596 = LINE('',#11597,#11598);
#11597 = CARTESIAN_POINT('',(5.333333333333E-02,-5.026666666667,
    -3.106666666667));
#11598 = VECTOR('',#11599,1.);
#11599 = DIRECTION('',(-0.57735026919,-0.57735026919,-0.57735026919));
#11600 = ORIENTED_EDGE('',*,*,#11601,.F.);
#11601 = EDGE_CURVE('',#11585,#11594,#11602,.T.);
#11602 = LINE('',#11603,#11604);
#11603 = CARTESIAN_POINT('',(0.16,-5.4,-3.));
#11604 = VECTOR('',#11605,1.);
#11605 = DIRECTION('',(0.,1.,0.));
#11606 = PLANE('',#11607);
#11607 = AXIS2_PLACEMENT_3D('',#11608,#11609,#11610);
#11608 = CARTESIAN_POINT('',(0.24,-5.4,-2.92));
#11609 = DIRECTION('',(-0.707106781187,1.735167508357E-18,0.707106781187
    ));
#11610 = DIRECTION('',(1.226948711654E-18,1.,-1.226948711654E-18));
#11611 = ADVANCED_FACE('',(#11612),#11630,.F.);
#11612 = FACE_BOUND('',#11613,.T.);
#11613 = EDGE_LOOP('',(#11614,#11622,#11623,#11624));
#11614 = ORIENTED_EDGE('',*,*,#11615,.F.);
#11615 = EDGE_CURVE('',#9313,#11616,#11618,.T.);
#11616 = VERTEX_POINT('',#11617);
#11617 = CARTESIAN_POINT('',(-0.16,-4.92,-3.));
#11618 = LINE('',#11619,#11620);
#11619 = CARTESIAN_POINT('',(-0.16,-4.92,-3.));
#11620 = VECTOR('',#11621,1.);
#11621 = DIRECTION('',(0.57735026919,-0.57735026919,-0.57735026919));
#11622 = ORIENTED_EDGE('',*,*,#9312,.T.);
#11623 = ORIENTED_EDGE('',*,*,#11593,.T.);
#11624 = ORIENTED_EDGE('',*,*,#11625,.F.);
#11625 = EDGE_CURVE('',#11616,#11594,#11626,.T.);
#11626 = LINE('',#11627,#11628);
#11627 = CARTESIAN_POINT('',(-0.32,-4.92,-3.));
#11628 = VECTOR('',#11629,1.);
#11629 = DIRECTION('',(1.,0.,0.));
#11630 = PLANE('',#11631);
#11631 = AXIS2_PLACEMENT_3D('',#11632,#11633,#11634);
#11632 = CARTESIAN_POINT('',(-0.32,-4.84,-2.92));
#11633 = DIRECTION('',(-1.735167508357E-18,-0.707106781187,
    0.707106781187));
#11634 = DIRECTION('',(-1.,1.226948711654E-18,-1.226948711654E-18));
#11635 = ADVANCED_FACE('',(#11636),#11654,.T.);
#11636 = FACE_BOUND('',#11637,.T.);
#11637 = EDGE_LOOP('',(#11638,#11646,#11647,#11648));
#11638 = ORIENTED_EDGE('',*,*,#11639,.F.);
#11639 = EDGE_CURVE('',#9336,#11640,#11642,.T.);
#11640 = VERTEX_POINT('',#11641);
#11641 = CARTESIAN_POINT('',(-0.16,-5.24,-3.));
#11642 = LINE('',#11643,#11644);
#11643 = CARTESIAN_POINT('',(-0.266666666667,-5.346666666667,
    -2.893333333333));
#11644 = VECTOR('',#11645,1.);
#11645 = DIRECTION('',(0.57735026919,0.57735026919,-0.57735026919));
#11646 = ORIENTED_EDGE('',*,*,#9343,.T.);
#11647 = ORIENTED_EDGE('',*,*,#11615,.T.);
#11648 = ORIENTED_EDGE('',*,*,#11649,.F.);
#11649 = EDGE_CURVE('',#11640,#11616,#11650,.T.);
#11650 = LINE('',#11651,#11652);
#11651 = CARTESIAN_POINT('',(-0.16,-5.4,-3.));
#11652 = VECTOR('',#11653,1.);
#11653 = DIRECTION('',(0.,1.,0.));
#11654 = PLANE('',#11655);
#11655 = AXIS2_PLACEMENT_3D('',#11656,#11657,#11658);
#11656 = CARTESIAN_POINT('',(-0.24,-5.4,-2.92));
#11657 = DIRECTION('',(-0.707106781187,-1.735167508357E-18,
    -0.707106781187));
#11658 = DIRECTION('',(-1.226948711654E-18,1.,-1.226948711654E-18));
#11659 = ADVANCED_FACE('',(#11660),#11671,.T.);
#11660 = FACE_BOUND('',#11661,.F.);
#11661 = EDGE_LOOP('',(#11662,#11663,#11664,#11665));
#11662 = ORIENTED_EDGE('',*,*,#11639,.F.);
#11663 = ORIENTED_EDGE('',*,*,#9360,.T.);
#11664 = ORIENTED_EDGE('',*,*,#11584,.T.);
#11665 = ORIENTED_EDGE('',*,*,#11666,.F.);
#11666 = EDGE_CURVE('',#11640,#11585,#11667,.T.);
#11667 = LINE('',#11668,#11669);
#11668 = CARTESIAN_POINT('',(-0.32,-5.24,-3.));
#11669 = VECTOR('',#11670,1.);
#11670 = DIRECTION('',(1.,0.,0.));
#11671 = PLANE('',#11672);
#11672 = AXIS2_PLACEMENT_3D('',#11673,#11674,#11675);
#11673 = CARTESIAN_POINT('',(-0.32,-5.32,-2.92));
#11674 = DIRECTION('',(1.735167508357E-18,-0.707106781187,
    -0.707106781187));
#11675 = DIRECTION('',(-1.,-1.226948711654E-18,-1.226948711654E-18));
#11676 = ADVANCED_FACE('',(#11677),#11702,.T.);
#11677 = FACE_BOUND('',#11678,.F.);
#11678 = EDGE_LOOP('',(#11679,#11687,#11688,#11696));
#11679 = ORIENTED_EDGE('',*,*,#11680,.F.);
#11680 = EDGE_CURVE('',#9385,#11681,#11683,.T.);
#11681 = VERTEX_POINT('',#11682);
#11682 = CARTESIAN_POINT('',(-0.16,-7.78,-3.));
#11683 = LINE('',#11684,#11685);
#11684 = CARTESIAN_POINT('',(-0.266666666667,-7.886666666667,
    -2.893333333333));
#11685 = VECTOR('',#11686,1.);
#11686 = DIRECTION('',(0.57735026919,0.57735026919,-0.57735026919));
#11687 = ORIENTED_EDGE('',*,*,#9384,.T.);
#11688 = ORIENTED_EDGE('',*,*,#11689,.T.);
#11689 = EDGE_CURVE('',#9377,#11690,#11692,.T.);
#11690 = VERTEX_POINT('',#11691);
#11691 = CARTESIAN_POINT('',(0.16,-7.78,-3.));
#11692 = LINE('',#11693,#11694);
#11693 = CARTESIAN_POINT('',(0.16,-7.78,-3.));
#11694 = VECTOR('',#11695,1.);
#11695 = DIRECTION('',(-0.57735026919,0.57735026919,-0.57735026919));
#11696 = ORIENTED_EDGE('',*,*,#11697,.F.);
#11697 = EDGE_CURVE('',#11681,#11690,#11698,.T.);
#11698 = LINE('',#11699,#11700);
#11699 = CARTESIAN_POINT('',(-0.32,-7.78,-3.));
#11700 = VECTOR('',#11701,1.);
#11701 = DIRECTION('',(1.,0.,0.));
#11702 = PLANE('',#11703);
#11703 = AXIS2_PLACEMENT_3D('',#11704,#11705,#11706);
#11704 = CARTESIAN_POINT('',(-0.32,-7.86,-2.92));
#11705 = DIRECTION('',(1.735167508357E-18,-0.707106781187,
    -0.707106781187));
#11706 = DIRECTION('',(-1.,-1.226948711654E-18,-1.226948711654E-18));
#11707 = ADVANCED_FACE('',(#11708),#11726,.F.);
#11708 = FACE_BOUND('',#11709,.F.);
#11709 = EDGE_LOOP('',(#11710,#11711,#11712,#11720));
#11710 = ORIENTED_EDGE('',*,*,#11689,.F.);
#11711 = ORIENTED_EDGE('',*,*,#9408,.T.);
#11712 = ORIENTED_EDGE('',*,*,#11713,.T.);
#11713 = EDGE_CURVE('',#9409,#11714,#11716,.T.);
#11714 = VERTEX_POINT('',#11715);
#11715 = CARTESIAN_POINT('',(0.16,-7.46,-3.));
#11716 = LINE('',#11717,#11718);
#11717 = CARTESIAN_POINT('',(5.333333333333E-02,-7.566666666667,
    -3.106666666667));
#11718 = VECTOR('',#11719,1.);
#11719 = DIRECTION('',(-0.57735026919,-0.57735026919,-0.57735026919));
#11720 = ORIENTED_EDGE('',*,*,#11721,.F.);
#11721 = EDGE_CURVE('',#11690,#11714,#11722,.T.);
#11722 = LINE('',#11723,#11724);
#11723 = CARTESIAN_POINT('',(0.16,-7.94,-3.));
#11724 = VECTOR('',#11725,1.);
#11725 = DIRECTION('',(0.,1.,0.));
#11726 = PLANE('',#11727);
#11727 = AXIS2_PLACEMENT_3D('',#11728,#11729,#11730);
#11728 = CARTESIAN_POINT('',(0.24,-7.94,-2.92));
#11729 = DIRECTION('',(-0.707106781187,1.735167508357E-18,0.707106781187
    ));
#11730 = DIRECTION('',(1.226948711654E-18,1.,-1.226948711654E-18));
#11731 = ADVANCED_FACE('',(#11732),#11750,.F.);
#11732 = FACE_BOUND('',#11733,.T.);
#11733 = EDGE_LOOP('',(#11734,#11742,#11743,#11744));
#11734 = ORIENTED_EDGE('',*,*,#11735,.F.);
#11735 = EDGE_CURVE('',#9433,#11736,#11738,.T.);
#11736 = VERTEX_POINT('',#11737);
#11737 = CARTESIAN_POINT('',(-0.16,-7.46,-3.));
#11738 = LINE('',#11739,#11740);
#11739 = CARTESIAN_POINT('',(-0.16,-7.46,-3.));
#11740 = VECTOR('',#11741,1.);
#11741 = DIRECTION('',(0.57735026919,-0.57735026919,-0.57735026919));
#11742 = ORIENTED_EDGE('',*,*,#9432,.T.);
#11743 = ORIENTED_EDGE('',*,*,#11713,.T.);
#11744 = ORIENTED_EDGE('',*,*,#11745,.F.);
#11745 = EDGE_CURVE('',#11736,#11714,#11746,.T.);
#11746 = LINE('',#11747,#11748);
#11747 = CARTESIAN_POINT('',(-0.32,-7.46,-3.));
#11748 = VECTOR('',#11749,1.);
#11749 = DIRECTION('',(1.,0.,0.));
#11750 = PLANE('',#11751);
#11751 = AXIS2_PLACEMENT_3D('',#11752,#11753,#11754);
#11752 = CARTESIAN_POINT('',(-0.32,-7.38,-2.92));
#11753 = DIRECTION('',(-1.735167508357E-18,-0.707106781187,
    0.707106781187));
#11754 = DIRECTION('',(-1.,1.226948711654E-18,-1.226948711654E-18));
#11755 = ADVANCED_FACE('',(#11756),#11767,.T.);
#11756 = FACE_BOUND('',#11757,.T.);
#11757 = EDGE_LOOP('',(#11758,#11759,#11760,#11761));
#11758 = ORIENTED_EDGE('',*,*,#11680,.F.);
#11759 = ORIENTED_EDGE('',*,*,#9456,.T.);
#11760 = ORIENTED_EDGE('',*,*,#11735,.T.);
#11761 = ORIENTED_EDGE('',*,*,#11762,.F.);
#11762 = EDGE_CURVE('',#11681,#11736,#11763,.T.);
#11763 = LINE('',#11764,#11765);
#11764 = CARTESIAN_POINT('',(-0.16,-7.94,-3.));
#11765 = VECTOR('',#11766,1.);
#11766 = DIRECTION('',(0.,1.,0.));
#11767 = PLANE('',#11768);
#11768 = AXIS2_PLACEMENT_3D('',#11769,#11770,#11771);
#11769 = CARTESIAN_POINT('',(-0.24,-7.94,-2.92));
#11770 = DIRECTION('',(-0.707106781187,-1.735167508357E-18,
    -0.707106781187));
#11771 = DIRECTION('',(-1.226948711654E-18,1.,-1.226948711654E-18));
#11772 = ADVANCED_FACE('',(#11773),#11798,.T.);
#11773 = FACE_BOUND('',#11774,.F.);
#11774 = EDGE_LOOP('',(#11775,#11783,#11784,#11792));
#11775 = ORIENTED_EDGE('',*,*,#11776,.F.);
#11776 = EDGE_CURVE('',#9481,#11777,#11779,.T.);
#11777 = VERTEX_POINT('',#11778);
#11778 = CARTESIAN_POINT('',(-0.16,-12.86,-3.));
#11779 = LINE('',#11780,#11781);
#11780 = CARTESIAN_POINT('',(-0.266666666667,-12.96666666666,
    -2.893333333333));
#11781 = VECTOR('',#11782,1.);
#11782 = DIRECTION('',(0.57735026919,0.57735026919,-0.57735026919));
#11783 = ORIENTED_EDGE('',*,*,#9480,.T.);
#11784 = ORIENTED_EDGE('',*,*,#11785,.T.);
#11785 = EDGE_CURVE('',#9473,#11786,#11788,.T.);
#11786 = VERTEX_POINT('',#11787);
#11787 = CARTESIAN_POINT('',(0.16,-12.86,-3.));
#11788 = LINE('',#11789,#11790);
#11789 = CARTESIAN_POINT('',(0.16,-12.86,-3.));
#11790 = VECTOR('',#11791,1.);
#11791 = DIRECTION('',(-0.57735026919,0.57735026919,-0.57735026919));
#11792 = ORIENTED_EDGE('',*,*,#11793,.F.);
#11793 = EDGE_CURVE('',#11777,#11786,#11794,.T.);
#11794 = LINE('',#11795,#11796);
#11795 = CARTESIAN_POINT('',(-0.32,-12.86,-3.));
#11796 = VECTOR('',#11797,1.);
#11797 = DIRECTION('',(1.,0.,0.));
#11798 = PLANE('',#11799);
#11799 = AXIS2_PLACEMENT_3D('',#11800,#11801,#11802);
#11800 = CARTESIAN_POINT('',(-0.32,-12.94,-2.92));
#11801 = DIRECTION('',(1.735167508357E-18,-0.707106781187,
    -0.707106781187));
#11802 = DIRECTION('',(-1.,-1.226948711654E-18,-1.226948711654E-18));
#11803 = ADVANCED_FACE('',(#11804),#11822,.F.);
#11804 = FACE_BOUND('',#11805,.F.);
#11805 = EDGE_LOOP('',(#11806,#11807,#11808,#11816));
#11806 = ORIENTED_EDGE('',*,*,#11785,.F.);
#11807 = ORIENTED_EDGE('',*,*,#9504,.T.);
#11808 = ORIENTED_EDGE('',*,*,#11809,.T.);
#11809 = EDGE_CURVE('',#9505,#11810,#11812,.T.);
#11810 = VERTEX_POINT('',#11811);
#11811 = CARTESIAN_POINT('',(0.16,-12.54,-3.));
#11812 = LINE('',#11813,#11814);
#11813 = CARTESIAN_POINT('',(5.333333333333E-02,-12.64666666666,
    -3.106666666667));
#11814 = VECTOR('',#11815,1.);
#11815 = DIRECTION('',(-0.57735026919,-0.57735026919,-0.57735026919));
#11816 = ORIENTED_EDGE('',*,*,#11817,.F.);
#11817 = EDGE_CURVE('',#11786,#11810,#11818,.T.);
#11818 = LINE('',#11819,#11820);
#11819 = CARTESIAN_POINT('',(0.16,-13.02,-3.));
#11820 = VECTOR('',#11821,1.);
#11821 = DIRECTION('',(0.,1.,0.));
#11822 = PLANE('',#11823);
#11823 = AXIS2_PLACEMENT_3D('',#11824,#11825,#11826);
#11824 = CARTESIAN_POINT('',(0.24,-13.02,-2.92));
#11825 = DIRECTION('',(-0.707106781187,1.735167508357E-18,0.707106781187
    ));
#11826 = DIRECTION('',(1.226948711654E-18,1.,-1.226948711654E-18));
#11827 = ADVANCED_FACE('',(#11828),#11846,.F.);
#11828 = FACE_BOUND('',#11829,.T.);
#11829 = EDGE_LOOP('',(#11830,#11838,#11839,#11840));
#11830 = ORIENTED_EDGE('',*,*,#11831,.F.);
#11831 = EDGE_CURVE('',#9529,#11832,#11834,.T.);
#11832 = VERTEX_POINT('',#11833);
#11833 = CARTESIAN_POINT('',(-0.16,-12.54,-3.));
#11834 = LINE('',#11835,#11836);
#11835 = CARTESIAN_POINT('',(-0.16,-12.54,-3.));
#11836 = VECTOR('',#11837,1.);
#11837 = DIRECTION('',(0.57735026919,-0.57735026919,-0.57735026919));
#11838 = ORIENTED_EDGE('',*,*,#9528,.T.);
#11839 = ORIENTED_EDGE('',*,*,#11809,.T.);
#11840 = ORIENTED_EDGE('',*,*,#11841,.F.);
#11841 = EDGE_CURVE('',#11832,#11810,#11842,.T.);
#11842 = LINE('',#11843,#11844);
#11843 = CARTESIAN_POINT('',(-0.32,-12.54,-3.));
#11844 = VECTOR('',#11845,1.);
#11845 = DIRECTION('',(1.,0.,0.));
#11846 = PLANE('',#11847);
#11847 = AXIS2_PLACEMENT_3D('',#11848,#11849,#11850);
#11848 = CARTESIAN_POINT('',(-0.32,-12.46,-2.92));
#11849 = DIRECTION('',(-1.735167508357E-18,-0.707106781187,
    0.707106781187));
#11850 = DIRECTION('',(-1.,1.226948711654E-18,-1.226948711654E-18));
#11851 = ADVANCED_FACE('',(#11852),#11863,.T.);
#11852 = FACE_BOUND('',#11853,.T.);
#11853 = EDGE_LOOP('',(#11854,#11855,#11856,#11857));
#11854 = ORIENTED_EDGE('',*,*,#11776,.F.);
#11855 = ORIENTED_EDGE('',*,*,#9552,.T.);
#11856 = ORIENTED_EDGE('',*,*,#11831,.T.);
#11857 = ORIENTED_EDGE('',*,*,#11858,.F.);
#11858 = EDGE_CURVE('',#11777,#11832,#11859,.T.);
#11859 = LINE('',#11860,#11861);
#11860 = CARTESIAN_POINT('',(-0.16,-13.02,-3.));
#11861 = VECTOR('',#11862,1.);
#11862 = DIRECTION('',(0.,1.,0.));
#11863 = PLANE('',#11864);
#11864 = AXIS2_PLACEMENT_3D('',#11865,#11866,#11867);
#11865 = CARTESIAN_POINT('',(-0.24,-13.02,-2.92));
#11866 = DIRECTION('',(-0.707106781187,-1.735167508357E-18,
    -0.707106781187));
#11867 = DIRECTION('',(-1.226948711654E-18,1.,-1.226948711654E-18));
#11868 = ADVANCED_FACE('',(#11869),#11894,.F.);
#11869 = FACE_BOUND('',#11870,.F.);
#11870 = EDGE_LOOP('',(#11871,#11879,#11880,#11888));
#11871 = ORIENTED_EDGE('',*,*,#11872,.F.);
#11872 = EDGE_CURVE('',#9569,#11873,#11875,.T.);
#11873 = VERTEX_POINT('',#11874);
#11874 = CARTESIAN_POINT('',(0.16,-10.32,-3.));
#11875 = LINE('',#11876,#11877);
#11876 = CARTESIAN_POINT('',(0.16,-10.32,-3.));
#11877 = VECTOR('',#11878,1.);
#11878 = DIRECTION('',(-0.57735026919,0.57735026919,-0.57735026919));
#11879 = ORIENTED_EDGE('',*,*,#9576,.T.);
#11880 = ORIENTED_EDGE('',*,*,#11881,.T.);
#11881 = EDGE_CURVE('',#9577,#11882,#11884,.T.);
#11882 = VERTEX_POINT('',#11883);
#11883 = CARTESIAN_POINT('',(0.16,-10.,-3.));
#11884 = LINE('',#11885,#11886);
#11885 = CARTESIAN_POINT('',(5.333333333333E-02,-10.10666666666,
    -3.106666666667));
#11886 = VECTOR('',#11887,1.);
#11887 = DIRECTION('',(-0.57735026919,-0.57735026919,-0.57735026919));
#11888 = ORIENTED_EDGE('',*,*,#11889,.F.);
#11889 = EDGE_CURVE('',#11873,#11882,#11890,.T.);
#11890 = LINE('',#11891,#11892);
#11891 = CARTESIAN_POINT('',(0.16,-10.48,-3.));
#11892 = VECTOR('',#11893,1.);
#11893 = DIRECTION('',(0.,1.,0.));
#11894 = PLANE('',#11895);
#11895 = AXIS2_PLACEMENT_3D('',#11896,#11897,#11898);
#11896 = CARTESIAN_POINT('',(0.24,-10.48,-2.92));
#11897 = DIRECTION('',(-0.707106781187,1.735167508357E-18,0.707106781187
    ));
#11898 = DIRECTION('',(1.226948711654E-18,1.,-1.226948711654E-18));
#11899 = ADVANCED_FACE('',(#11900),#11918,.F.);
#11900 = FACE_BOUND('',#11901,.T.);
#11901 = EDGE_LOOP('',(#11902,#11910,#11911,#11912));
#11902 = ORIENTED_EDGE('',*,*,#11903,.F.);
#11903 = EDGE_CURVE('',#9601,#11904,#11906,.T.);
#11904 = VERTEX_POINT('',#11905);
#11905 = CARTESIAN_POINT('',(-0.16,-10.,-3.));
#11906 = LINE('',#11907,#11908);
#11907 = CARTESIAN_POINT('',(-0.16,-10.,-3.));
#11908 = VECTOR('',#11909,1.);
#11909 = DIRECTION('',(0.57735026919,-0.57735026919,-0.57735026919));
#11910 = ORIENTED_EDGE('',*,*,#9600,.T.);
#11911 = ORIENTED_EDGE('',*,*,#11881,.T.);
#11912 = ORIENTED_EDGE('',*,*,#11913,.F.);
#11913 = EDGE_CURVE('',#11904,#11882,#11914,.T.);
#11914 = LINE('',#11915,#11916);
#11915 = CARTESIAN_POINT('',(-0.32,-10.,-3.));
#11916 = VECTOR('',#11917,1.);
#11917 = DIRECTION('',(1.,0.,0.));
#11918 = PLANE('',#11919);
#11919 = AXIS2_PLACEMENT_3D('',#11920,#11921,#11922);
#11920 = CARTESIAN_POINT('',(-0.32,-9.92,-2.92));
#11921 = DIRECTION('',(-1.735167508357E-18,-0.707106781187,
    0.707106781187));
#11922 = DIRECTION('',(-1.,1.226948711654E-18,-1.226948711654E-18));
#11923 = ADVANCED_FACE('',(#11924),#11942,.T.);
#11924 = FACE_BOUND('',#11925,.T.);
#11925 = EDGE_LOOP('',(#11926,#11934,#11935,#11936));
#11926 = ORIENTED_EDGE('',*,*,#11927,.F.);
#11927 = EDGE_CURVE('',#9624,#11928,#11930,.T.);
#11928 = VERTEX_POINT('',#11929);
#11929 = CARTESIAN_POINT('',(-0.16,-10.32,-3.));
#11930 = LINE('',#11931,#11932);
#11931 = CARTESIAN_POINT('',(-0.266666666667,-10.42666666666,
    -2.893333333333));
#11932 = VECTOR('',#11933,1.);
#11933 = DIRECTION('',(0.57735026919,0.57735026919,-0.57735026919));
#11934 = ORIENTED_EDGE('',*,*,#9631,.T.);
#11935 = ORIENTED_EDGE('',*,*,#11903,.T.);
#11936 = ORIENTED_EDGE('',*,*,#11937,.F.);
#11937 = EDGE_CURVE('',#11928,#11904,#11938,.T.);
#11938 = LINE('',#11939,#11940);
#11939 = CARTESIAN_POINT('',(-0.16,-10.48,-3.));
#11940 = VECTOR('',#11941,1.);
#11941 = DIRECTION('',(0.,1.,0.));
#11942 = PLANE('',#11943);
#11943 = AXIS2_PLACEMENT_3D('',#11944,#11945,#11946);
#11944 = CARTESIAN_POINT('',(-0.24,-10.48,-2.92));
#11945 = DIRECTION('',(-0.707106781187,-1.735167508357E-18,
    -0.707106781187));
#11946 = DIRECTION('',(-1.226948711654E-18,1.,-1.226948711654E-18));
#11947 = ADVANCED_FACE('',(#11948),#11959,.T.);
#11948 = FACE_BOUND('',#11949,.F.);
#11949 = EDGE_LOOP('',(#11950,#11951,#11952,#11953));
#11950 = ORIENTED_EDGE('',*,*,#11927,.F.);
#11951 = ORIENTED_EDGE('',*,*,#9648,.T.);
#11952 = ORIENTED_EDGE('',*,*,#11872,.T.);
#11953 = ORIENTED_EDGE('',*,*,#11954,.F.);
#11954 = EDGE_CURVE('',#11928,#11873,#11955,.T.);
#11955 = LINE('',#11956,#11957);
#11956 = CARTESIAN_POINT('',(-0.32,-10.32,-3.));
#11957 = VECTOR('',#11958,1.);
#11958 = DIRECTION('',(1.,0.,0.));
#11959 = PLANE('',#11960);
#11960 = AXIS2_PLACEMENT_3D('',#11961,#11962,#11963);
#11961 = CARTESIAN_POINT('',(-0.32,-10.4,-2.92));
#11962 = DIRECTION('',(1.735167508357E-18,-0.707106781187,
    -0.707106781187));
#11963 = DIRECTION('',(-1.,-1.226948711654E-18,-1.226948711654E-18));
#11964 = ADVANCED_FACE('',(#11965),#11990,.F.);
#11965 = FACE_BOUND('',#11966,.T.);
#11966 = EDGE_LOOP('',(#11967,#11975,#11976,#11984));
#11967 = ORIENTED_EDGE('',*,*,#11968,.F.);
#11968 = EDGE_CURVE('',#9673,#11969,#11971,.T.);
#11969 = VERTEX_POINT('',#11970);
#11970 = CARTESIAN_POINT('',(-0.16,-20.16,-3.));
#11971 = LINE('',#11972,#11973);
#11972 = CARTESIAN_POINT('',(-0.16,-20.16,-3.));
#11973 = VECTOR('',#11974,1.);
#11974 = DIRECTION('',(0.57735026919,-0.57735026919,-0.57735026919));
#11975 = ORIENTED_EDGE('',*,*,#9672,.T.);
#11976 = ORIENTED_EDGE('',*,*,#11977,.T.);
#11977 = EDGE_CURVE('',#9665,#11978,#11980,.T.);
#11978 = VERTEX_POINT('',#11979);
#11979 = CARTESIAN_POINT('',(0.16,-20.16,-3.));
#11980 = LINE('',#11981,#11982);
#11981 = CARTESIAN_POINT('',(5.333333333333E-02,-20.26666666666,
    -3.106666666667));
#11982 = VECTOR('',#11983,1.);
#11983 = DIRECTION('',(-0.57735026919,-0.57735026919,-0.57735026919));
#11984 = ORIENTED_EDGE('',*,*,#11985,.F.);
#11985 = EDGE_CURVE('',#11969,#11978,#11986,.T.);
#11986 = LINE('',#11987,#11988);
#11987 = CARTESIAN_POINT('',(-0.32,-20.16,-3.));
#11988 = VECTOR('',#11989,1.);
#11989 = DIRECTION('',(1.,0.,0.));
#11990 = PLANE('',#11991);
#11991 = AXIS2_PLACEMENT_3D('',#11992,#11993,#11994);
#11992 = CARTESIAN_POINT('',(-0.32,-20.08,-2.92));
#11993 = DIRECTION('',(-1.735167508357E-18,-0.707106781187,
    0.707106781187));
#11994 = DIRECTION('',(-1.,1.226948711654E-18,-1.226948711654E-18));
#11995 = ADVANCED_FACE('',(#11996),#12014,.T.);
#11996 = FACE_BOUND('',#11997,.T.);
#11997 = EDGE_LOOP('',(#11998,#12006,#12007,#12008));
#11998 = ORIENTED_EDGE('',*,*,#11999,.F.);
#11999 = EDGE_CURVE('',#9696,#12000,#12002,.T.);
#12000 = VERTEX_POINT('',#12001);
#12001 = CARTESIAN_POINT('',(-0.16,-20.48,-3.));
#12002 = LINE('',#12003,#12004);
#12003 = CARTESIAN_POINT('',(-0.266666666667,-20.58666666666,
    -2.893333333333));
#12004 = VECTOR('',#12005,1.);
#12005 = DIRECTION('',(0.57735026919,0.57735026919,-0.57735026919));
#12006 = ORIENTED_EDGE('',*,*,#9703,.T.);
#12007 = ORIENTED_EDGE('',*,*,#11968,.T.);
#12008 = ORIENTED_EDGE('',*,*,#12009,.F.);
#12009 = EDGE_CURVE('',#12000,#11969,#12010,.T.);
#12010 = LINE('',#12011,#12012);
#12011 = CARTESIAN_POINT('',(-0.16,-20.64,-3.));
#12012 = VECTOR('',#12013,1.);
#12013 = DIRECTION('',(0.,1.,0.));
#12014 = PLANE('',#12015);
#12015 = AXIS2_PLACEMENT_3D('',#12016,#12017,#12018);
#12016 = CARTESIAN_POINT('',(-0.24,-20.64,-2.92));
#12017 = DIRECTION('',(-0.707106781187,-1.735167508357E-18,
    -0.707106781187));
#12018 = DIRECTION('',(-1.226948711654E-18,1.,-1.226948711654E-18));
#12019 = ADVANCED_FACE('',(#12020),#12038,.T.);
#12020 = FACE_BOUND('',#12021,.F.);
#12021 = EDGE_LOOP('',(#12022,#12023,#12024,#12032));
#12022 = ORIENTED_EDGE('',*,*,#11999,.F.);
#12023 = ORIENTED_EDGE('',*,*,#9727,.T.);
#12024 = ORIENTED_EDGE('',*,*,#12025,.T.);
#12025 = EDGE_CURVE('',#9720,#12026,#12028,.T.);
#12026 = VERTEX_POINT('',#12027);
#12027 = CARTESIAN_POINT('',(0.16,-20.48,-3.));
#12028 = LINE('',#12029,#12030);
#12029 = CARTESIAN_POINT('',(0.16,-20.48,-3.));
#12030 = VECTOR('',#12031,1.);
#12031 = DIRECTION('',(-0.57735026919,0.57735026919,-0.57735026919));
#12032 = ORIENTED_EDGE('',*,*,#12033,.F.);
#12033 = EDGE_CURVE('',#12000,#12026,#12034,.T.);
#12034 = LINE('',#12035,#12036);
#12035 = CARTESIAN_POINT('',(-0.32,-20.48,-3.));
#12036 = VECTOR('',#12037,1.);
#12037 = DIRECTION('',(1.,0.,0.));
#12038 = PLANE('',#12039);
#12039 = AXIS2_PLACEMENT_3D('',#12040,#12041,#12042);
#12040 = CARTESIAN_POINT('',(-0.32,-20.56,-2.92));
#12041 = DIRECTION('',(1.735167508357E-18,-0.707106781187,
    -0.707106781187));
#12042 = DIRECTION('',(-1.,-1.226948711654E-18,-1.226948711654E-18));
#12043 = ADVANCED_FACE('',(#12044),#12055,.F.);
#12044 = FACE_BOUND('',#12045,.F.);
#12045 = EDGE_LOOP('',(#12046,#12047,#12048,#12049));
#12046 = ORIENTED_EDGE('',*,*,#12025,.F.);
#12047 = ORIENTED_EDGE('',*,*,#9744,.T.);
#12048 = ORIENTED_EDGE('',*,*,#11977,.T.);
#12049 = ORIENTED_EDGE('',*,*,#12050,.F.);
#12050 = EDGE_CURVE('',#12026,#11978,#12051,.T.);
#12051 = LINE('',#12052,#12053);
#12052 = CARTESIAN_POINT('',(0.16,-20.64,-3.));
#12053 = VECTOR('',#12054,1.);
#12054 = DIRECTION('',(0.,1.,0.));
#12055 = PLANE('',#12056);
#12056 = AXIS2_PLACEMENT_3D('',#12057,#12058,#12059);
#12057 = CARTESIAN_POINT('',(0.24,-20.64,-2.92));
#12058 = DIRECTION('',(-0.707106781187,1.735167508357E-18,0.707106781187
    ));
#12059 = DIRECTION('',(1.226948711654E-18,1.,-1.226948711654E-18));
#12060 = ADVANCED_FACE('',(#12061),#12086,.F.);
#12061 = FACE_BOUND('',#12062,.F.);
#12062 = EDGE_LOOP('',(#12063,#12071,#12072,#12080));
#12063 = ORIENTED_EDGE('',*,*,#12064,.F.);
#12064 = EDGE_CURVE('',#9761,#12065,#12067,.T.);
#12065 = VERTEX_POINT('',#12066);
#12066 = CARTESIAN_POINT('',(0.16,-17.94,-3.));
#12067 = LINE('',#12068,#12069);
#12068 = CARTESIAN_POINT('',(0.16,-17.94,-3.));
#12069 = VECTOR('',#12070,1.);
#12070 = DIRECTION('',(-0.57735026919,0.57735026919,-0.57735026919));
#12071 = ORIENTED_EDGE('',*,*,#9768,.T.);
#12072 = ORIENTED_EDGE('',*,*,#12073,.T.);
#12073 = EDGE_CURVE('',#9769,#12074,#12076,.T.);
#12074 = VERTEX_POINT('',#12075);
#12075 = CARTESIAN_POINT('',(0.16,-17.62,-3.));
#12076 = LINE('',#12077,#12078);
#12077 = CARTESIAN_POINT('',(5.333333333333E-02,-17.72666666666,
    -3.106666666667));
#12078 = VECTOR('',#12079,1.);
#12079 = DIRECTION('',(-0.57735026919,-0.57735026919,-0.57735026919));
#12080 = ORIENTED_EDGE('',*,*,#12081,.F.);
#12081 = EDGE_CURVE('',#12065,#12074,#12082,.T.);
#12082 = LINE('',#12083,#12084);
#12083 = CARTESIAN_POINT('',(0.16,-18.1,-3.));
#12084 = VECTOR('',#12085,1.);
#12085 = DIRECTION('',(0.,1.,0.));
#12086 = PLANE('',#12087);
#12087 = AXIS2_PLACEMENT_3D('',#12088,#12089,#12090);
#12088 = CARTESIAN_POINT('',(0.24,-18.1,-2.92));
#12089 = DIRECTION('',(-0.707106781187,1.735167508357E-18,0.707106781187
    ));
#12090 = DIRECTION('',(1.226948711654E-18,1.,-1.226948711654E-18));
#12091 = ADVANCED_FACE('',(#12092),#12110,.F.);
#12092 = FACE_BOUND('',#12093,.T.);
#12093 = EDGE_LOOP('',(#12094,#12102,#12103,#12104));
#12094 = ORIENTED_EDGE('',*,*,#12095,.F.);
#12095 = EDGE_CURVE('',#9793,#12096,#12098,.T.);
#12096 = VERTEX_POINT('',#12097);
#12097 = CARTESIAN_POINT('',(-0.16,-17.62,-3.));
#12098 = LINE('',#12099,#12100);
#12099 = CARTESIAN_POINT('',(-0.16,-17.62,-3.));
#12100 = VECTOR('',#12101,1.);
#12101 = DIRECTION('',(0.57735026919,-0.57735026919,-0.57735026919));
#12102 = ORIENTED_EDGE('',*,*,#9792,.T.);
#12103 = ORIENTED_EDGE('',*,*,#12073,.T.);
#12104 = ORIENTED_EDGE('',*,*,#12105,.F.);
#12105 = EDGE_CURVE('',#12096,#12074,#12106,.T.);
#12106 = LINE('',#12107,#12108);
#12107 = CARTESIAN_POINT('',(-0.32,-17.62,-3.));
#12108 = VECTOR('',#12109,1.);
#12109 = DIRECTION('',(1.,0.,0.));
#12110 = PLANE('',#12111);
#12111 = AXIS2_PLACEMENT_3D('',#12112,#12113,#12114);
#12112 = CARTESIAN_POINT('',(-0.32,-17.54,-2.92));
#12113 = DIRECTION('',(-1.735167508357E-18,-0.707106781187,
    0.707106781187));
#12114 = DIRECTION('',(-1.,1.226948711654E-18,-1.226948711654E-18));
#12115 = ADVANCED_FACE('',(#12116),#12134,.T.);
#12116 = FACE_BOUND('',#12117,.T.);
#12117 = EDGE_LOOP('',(#12118,#12126,#12127,#12128));
#12118 = ORIENTED_EDGE('',*,*,#12119,.F.);
#12119 = EDGE_CURVE('',#9816,#12120,#12122,.T.);
#12120 = VERTEX_POINT('',#12121);
#12121 = CARTESIAN_POINT('',(-0.16,-17.94,-3.));
#12122 = LINE('',#12123,#12124);
#12123 = CARTESIAN_POINT('',(-0.266666666667,-18.04666666666,
    -2.893333333333));
#12124 = VECTOR('',#12125,1.);
#12125 = DIRECTION('',(0.57735026919,0.57735026919,-0.57735026919));
#12126 = ORIENTED_EDGE('',*,*,#9823,.T.);
#12127 = ORIENTED_EDGE('',*,*,#12095,.T.);
#12128 = ORIENTED_EDGE('',*,*,#12129,.F.);
#12129 = EDGE_CURVE('',#12120,#12096,#12130,.T.);
#12130 = LINE('',#12131,#12132);
#12131 = CARTESIAN_POINT('',(-0.16,-18.1,-3.));
#12132 = VECTOR('',#12133,1.);
#12133 = DIRECTION('',(0.,1.,0.));
#12134 = PLANE('',#12135);
#12135 = AXIS2_PLACEMENT_3D('',#12136,#12137,#12138);
#12136 = CARTESIAN_POINT('',(-0.24,-18.1,-2.92));
#12137 = DIRECTION('',(-0.707106781187,-1.735167508357E-18,
    -0.707106781187));
#12138 = DIRECTION('',(-1.226948711654E-18,1.,-1.226948711654E-18));
#12139 = ADVANCED_FACE('',(#12140),#12151,.T.);
#12140 = FACE_BOUND('',#12141,.F.);
#12141 = EDGE_LOOP('',(#12142,#12143,#12144,#12145));
#12142 = ORIENTED_EDGE('',*,*,#12119,.F.);
#12143 = ORIENTED_EDGE('',*,*,#9840,.T.);
#12144 = ORIENTED_EDGE('',*,*,#12064,.T.);
#12145 = ORIENTED_EDGE('',*,*,#12146,.F.);
#12146 = EDGE_CURVE('',#12120,#12065,#12147,.T.);
#12147 = LINE('',#12148,#12149);
#12148 = CARTESIAN_POINT('',(-0.32,-17.94,-3.));
#12149 = VECTOR('',#12150,1.);
#12150 = DIRECTION('',(1.,0.,0.));
#12151 = PLANE('',#12152);
#12152 = AXIS2_PLACEMENT_3D('',#12153,#12154,#12155);
#12153 = CARTESIAN_POINT('',(-0.32,-18.02,-2.92));
#12154 = DIRECTION('',(1.735167508357E-18,-0.707106781187,
    -0.707106781187));
#12155 = DIRECTION('',(-1.,-1.226948711654E-18,-1.226948711654E-18));
#12156 = ADVANCED_FACE('',(#12157),#12182,.F.);
#12157 = FACE_BOUND('',#12158,.T.);
#12158 = EDGE_LOOP('',(#12159,#12167,#12168,#12176));
#12159 = ORIENTED_EDGE('',*,*,#12160,.F.);
#12160 = EDGE_CURVE('',#9865,#12161,#12163,.T.);
#12161 = VERTEX_POINT('',#12162);
#12162 = CARTESIAN_POINT('',(-0.16,-15.08,-3.));
#12163 = LINE('',#12164,#12165);
#12164 = CARTESIAN_POINT('',(-0.16,-15.08,-3.));
#12165 = VECTOR('',#12166,1.);
#12166 = DIRECTION('',(0.57735026919,-0.57735026919,-0.57735026919));
#12167 = ORIENTED_EDGE('',*,*,#9864,.T.);
#12168 = ORIENTED_EDGE('',*,*,#12169,.T.);
#12169 = EDGE_CURVE('',#9857,#12170,#12172,.T.);
#12170 = VERTEX_POINT('',#12171);
#12171 = CARTESIAN_POINT('',(0.16,-15.08,-3.));
#12172 = LINE('',#12173,#12174);
#12173 = CARTESIAN_POINT('',(5.333333333333E-02,-15.18666666666,
    -3.106666666667));
#12174 = VECTOR('',#12175,1.);
#12175 = DIRECTION('',(-0.57735026919,-0.57735026919,-0.57735026919));
#12176 = ORIENTED_EDGE('',*,*,#12177,.F.);
#12177 = EDGE_CURVE('',#12161,#12170,#12178,.T.);
#12178 = LINE('',#12179,#12180);
#12179 = CARTESIAN_POINT('',(-0.32,-15.08,-3.));
#12180 = VECTOR('',#12181,1.);
#12181 = DIRECTION('',(1.,0.,0.));
#12182 = PLANE('',#12183);
#12183 = AXIS2_PLACEMENT_3D('',#12184,#12185,#12186);
#12184 = CARTESIAN_POINT('',(-0.32,-15.,-2.92));
#12185 = DIRECTION('',(-1.735167508357E-18,-0.707106781187,
    0.707106781187));
#12186 = DIRECTION('',(-1.,1.226948711654E-18,-1.226948711654E-18));
#12187 = ADVANCED_FACE('',(#12188),#12206,.T.);
#12188 = FACE_BOUND('',#12189,.T.);
#12189 = EDGE_LOOP('',(#12190,#12198,#12199,#12200));
#12190 = ORIENTED_EDGE('',*,*,#12191,.F.);
#12191 = EDGE_CURVE('',#9888,#12192,#12194,.T.);
#12192 = VERTEX_POINT('',#12193);
#12193 = CARTESIAN_POINT('',(-0.16,-15.4,-3.));
#12194 = LINE('',#12195,#12196);
#12195 = CARTESIAN_POINT('',(-0.266666666667,-15.50666666666,
    -2.893333333333));
#12196 = VECTOR('',#12197,1.);
#12197 = DIRECTION('',(0.57735026919,0.57735026919,-0.57735026919));
#12198 = ORIENTED_EDGE('',*,*,#9895,.T.);
#12199 = ORIENTED_EDGE('',*,*,#12160,.T.);
#12200 = ORIENTED_EDGE('',*,*,#12201,.F.);
#12201 = EDGE_CURVE('',#12192,#12161,#12202,.T.);
#12202 = LINE('',#12203,#12204);
#12203 = CARTESIAN_POINT('',(-0.16,-15.56,-3.));
#12204 = VECTOR('',#12205,1.);
#12205 = DIRECTION('',(0.,1.,0.));
#12206 = PLANE('',#12207);
#12207 = AXIS2_PLACEMENT_3D('',#12208,#12209,#12210);
#12208 = CARTESIAN_POINT('',(-0.24,-15.56,-2.92));
#12209 = DIRECTION('',(-0.707106781187,-1.735167508357E-18,
    -0.707106781187));
#12210 = DIRECTION('',(-1.226948711654E-18,1.,-1.226948711654E-18));
#12211 = ADVANCED_FACE('',(#12212),#12230,.T.);
#12212 = FACE_BOUND('',#12213,.F.);
#12213 = EDGE_LOOP('',(#12214,#12215,#12216,#12224));
#12214 = ORIENTED_EDGE('',*,*,#12191,.F.);
#12215 = ORIENTED_EDGE('',*,*,#9919,.T.);
#12216 = ORIENTED_EDGE('',*,*,#12217,.T.);
#12217 = EDGE_CURVE('',#9912,#12218,#12220,.T.);
#12218 = VERTEX_POINT('',#12219);
#12219 = CARTESIAN_POINT('',(0.16,-15.4,-3.));
#12220 = LINE('',#12221,#12222);
#12221 = CARTESIAN_POINT('',(0.16,-15.4,-3.));
#12222 = VECTOR('',#12223,1.);
#12223 = DIRECTION('',(-0.57735026919,0.57735026919,-0.57735026919));
#12224 = ORIENTED_EDGE('',*,*,#12225,.F.);
#12225 = EDGE_CURVE('',#12192,#12218,#12226,.T.);
#12226 = LINE('',#12227,#12228);
#12227 = CARTESIAN_POINT('',(-0.32,-15.4,-3.));
#12228 = VECTOR('',#12229,1.);
#12229 = DIRECTION('',(1.,0.,0.));
#12230 = PLANE('',#12231);
#12231 = AXIS2_PLACEMENT_3D('',#12232,#12233,#12234);
#12232 = CARTESIAN_POINT('',(-0.32,-15.48,-2.92));
#12233 = DIRECTION('',(1.735167508357E-18,-0.707106781187,
    -0.707106781187));
#12234 = DIRECTION('',(-1.,-1.226948711654E-18,-1.226948711654E-18));
#12235 = ADVANCED_FACE('',(#12236),#12247,.F.);
#12236 = FACE_BOUND('',#12237,.F.);
#12237 = EDGE_LOOP('',(#12238,#12239,#12240,#12241));
#12238 = ORIENTED_EDGE('',*,*,#12217,.F.);
#12239 = ORIENTED_EDGE('',*,*,#9936,.T.);
#12240 = ORIENTED_EDGE('',*,*,#12169,.T.);
#12241 = ORIENTED_EDGE('',*,*,#12242,.F.);
#12242 = EDGE_CURVE('',#12218,#12170,#12243,.T.);
#12243 = LINE('',#12244,#12245);
#12244 = CARTESIAN_POINT('',(0.16,-15.56,-3.));
#12245 = VECTOR('',#12246,1.);
#12246 = DIRECTION('',(0.,1.,0.));
#12247 = PLANE('',#12248);
#12248 = AXIS2_PLACEMENT_3D('',#12249,#12250,#12251);
#12249 = CARTESIAN_POINT('',(0.24,-15.56,-2.92));
#12250 = DIRECTION('',(-0.707106781187,1.735167508357E-18,0.707106781187
    ));
#12251 = DIRECTION('',(1.226948711654E-18,1.,-1.226948711654E-18));
#12252 = ADVANCED_FACE('',(#12253),#12278,.F.);
#12253 = FACE_BOUND('',#12254,.F.);
#12254 = EDGE_LOOP('',(#12255,#12263,#12264,#12272));
#12255 = ORIENTED_EDGE('',*,*,#12256,.F.);
#12256 = EDGE_CURVE('',#9953,#12257,#12259,.T.);
#12257 = VERTEX_POINT('',#12258);
#12258 = CARTESIAN_POINT('',(0.16,-0.16,-3.));
#12259 = LINE('',#12260,#12261);
#12260 = CARTESIAN_POINT('',(0.16,-0.16,-3.));
#12261 = VECTOR('',#12262,1.);
#12262 = DIRECTION('',(-0.57735026919,0.57735026919,-0.57735026919));
#12263 = ORIENTED_EDGE('',*,*,#9960,.T.);
#12264 = ORIENTED_EDGE('',*,*,#12265,.T.);
#12265 = EDGE_CURVE('',#9961,#12266,#12268,.T.);
#12266 = VERTEX_POINT('',#12267);
#12267 = CARTESIAN_POINT('',(0.16,0.16,-3.));
#12268 = LINE('',#12269,#12270);
#12269 = CARTESIAN_POINT('',(5.333333333333E-02,5.333333333333E-02,
    -3.106666666667));
#12270 = VECTOR('',#12271,1.);
#12271 = DIRECTION('',(-0.57735026919,-0.57735026919,-0.57735026919));
#12272 = ORIENTED_EDGE('',*,*,#12273,.F.);
#12273 = EDGE_CURVE('',#12257,#12266,#12274,.T.);
#12274 = LINE('',#12275,#12276);
#12275 = CARTESIAN_POINT('',(0.16,-0.32,-3.));
#12276 = VECTOR('',#12277,1.);
#12277 = DIRECTION('',(0.,1.,0.));
#12278 = PLANE('',#12279);
#12279 = AXIS2_PLACEMENT_3D('',#12280,#12281,#12282);
#12280 = CARTESIAN_POINT('',(0.24,-0.32,-2.92));
#12281 = DIRECTION('',(-0.707106781187,1.735167508357E-18,0.707106781187
    ));
#12282 = DIRECTION('',(1.226948711654E-18,1.,-1.226948711654E-18));
#12283 = ADVANCED_FACE('',(#12284),#12302,.F.);
#12284 = FACE_BOUND('',#12285,.T.);
#12285 = EDGE_LOOP('',(#12286,#12294,#12295,#12296));
#12286 = ORIENTED_EDGE('',*,*,#12287,.F.);
#12287 = EDGE_CURVE('',#9985,#12288,#12290,.T.);
#12288 = VERTEX_POINT('',#12289);
#12289 = CARTESIAN_POINT('',(-0.16,0.16,-3.));
#12290 = LINE('',#12291,#12292);
#12291 = CARTESIAN_POINT('',(-0.16,0.16,-3.));
#12292 = VECTOR('',#12293,1.);
#12293 = DIRECTION('',(0.57735026919,-0.57735026919,-0.57735026919));
#12294 = ORIENTED_EDGE('',*,*,#9984,.T.);
#12295 = ORIENTED_EDGE('',*,*,#12265,.T.);
#12296 = ORIENTED_EDGE('',*,*,#12297,.F.);
#12297 = EDGE_CURVE('',#12288,#12266,#12298,.T.);
#12298 = LINE('',#12299,#12300);
#12299 = CARTESIAN_POINT('',(-0.32,0.16,-3.));
#12300 = VECTOR('',#12301,1.);
#12301 = DIRECTION('',(1.,0.,0.));
#12302 = PLANE('',#12303);
#12303 = AXIS2_PLACEMENT_3D('',#12304,#12305,#12306);
#12304 = CARTESIAN_POINT('',(-0.32,0.24,-2.92));
#12305 = DIRECTION('',(-1.735167508357E-18,-0.707106781187,
    0.707106781187));
#12306 = DIRECTION('',(-1.,1.226948711654E-18,-1.226948711654E-18));
#12307 = ADVANCED_FACE('',(#12308),#12326,.T.);
#12308 = FACE_BOUND('',#12309,.T.);
#12309 = EDGE_LOOP('',(#12310,#12318,#12319,#12320));
#12310 = ORIENTED_EDGE('',*,*,#12311,.F.);
#12311 = EDGE_CURVE('',#10008,#12312,#12314,.T.);
#12312 = VERTEX_POINT('',#12313);
#12313 = CARTESIAN_POINT('',(-0.16,-0.16,-3.));
#12314 = LINE('',#12315,#12316);
#12315 = CARTESIAN_POINT('',(-0.266666666667,-0.266666666667,
    -2.893333333333));
#12316 = VECTOR('',#12317,1.);
#12317 = DIRECTION('',(0.57735026919,0.57735026919,-0.57735026919));
#12318 = ORIENTED_EDGE('',*,*,#10015,.T.);
#12319 = ORIENTED_EDGE('',*,*,#12287,.T.);
#12320 = ORIENTED_EDGE('',*,*,#12321,.F.);
#12321 = EDGE_CURVE('',#12312,#12288,#12322,.T.);
#12322 = LINE('',#12323,#12324);
#12323 = CARTESIAN_POINT('',(-0.16,-0.32,-3.));
#12324 = VECTOR('',#12325,1.);
#12325 = DIRECTION('',(0.,1.,0.));
#12326 = PLANE('',#12327);
#12327 = AXIS2_PLACEMENT_3D('',#12328,#12329,#12330);
#12328 = CARTESIAN_POINT('',(-0.24,-0.32,-2.92));
#12329 = DIRECTION('',(-0.707106781187,-1.735167508357E-18,
    -0.707106781187));
#12330 = DIRECTION('',(-1.226948711654E-18,1.,-1.226948711654E-18));
#12331 = ADVANCED_FACE('',(#12332),#12343,.T.);
#12332 = FACE_BOUND('',#12333,.F.);
#12333 = EDGE_LOOP('',(#12334,#12335,#12336,#12337));
#12334 = ORIENTED_EDGE('',*,*,#12311,.F.);
#12335 = ORIENTED_EDGE('',*,*,#10032,.T.);
#12336 = ORIENTED_EDGE('',*,*,#12256,.T.);
#12337 = ORIENTED_EDGE('',*,*,#12338,.F.);
#12338 = EDGE_CURVE('',#12312,#12257,#12339,.T.);
#12339 = LINE('',#12340,#12341);
#12340 = CARTESIAN_POINT('',(-0.32,-0.16,-3.));
#12341 = VECTOR('',#12342,1.);
#12342 = DIRECTION('',(1.,0.,0.));
#12343 = PLANE('',#12344);
#12344 = AXIS2_PLACEMENT_3D('',#12345,#12346,#12347);
#12345 = CARTESIAN_POINT('',(-0.32,-0.24,-2.92));
#12346 = DIRECTION('',(1.735167508357E-18,-0.707106781187,
    -0.707106781187));
#12347 = DIRECTION('',(-1.,-1.226948711654E-18,-1.226948711654E-18));
#12348 = ADVANCED_FACE('',(#12349),#12374,.F.);
#12349 = FACE_BOUND('',#12350,.F.);
#12350 = EDGE_LOOP('',(#12351,#12359,#12360,#12368));
#12351 = ORIENTED_EDGE('',*,*,#12352,.F.);
#12352 = EDGE_CURVE('',#10049,#12353,#12355,.T.);
#12353 = VERTEX_POINT('',#12354);
#12354 = CARTESIAN_POINT('',(0.16,-2.7,-3.));
#12355 = LINE('',#12356,#12357);
#12356 = CARTESIAN_POINT('',(0.16,-2.7,-3.));
#12357 = VECTOR('',#12358,1.);
#12358 = DIRECTION('',(-0.57735026919,0.57735026919,-0.57735026919));
#12359 = ORIENTED_EDGE('',*,*,#10056,.T.);
#12360 = ORIENTED_EDGE('',*,*,#12361,.T.);
#12361 = EDGE_CURVE('',#10057,#12362,#12364,.T.);
#12362 = VERTEX_POINT('',#12363);
#12363 = CARTESIAN_POINT('',(0.16,-2.38,-3.));
#12364 = LINE('',#12365,#12366);
#12365 = CARTESIAN_POINT('',(5.333333333333E-02,-2.486666666667,
    -3.106666666667));
#12366 = VECTOR('',#12367,1.);
#12367 = DIRECTION('',(-0.57735026919,-0.57735026919,-0.57735026919));
#12368 = ORIENTED_EDGE('',*,*,#12369,.F.);
#12369 = EDGE_CURVE('',#12353,#12362,#12370,.T.);
#12370 = LINE('',#12371,#12372);
#12371 = CARTESIAN_POINT('',(0.16,-2.86,-3.));
#12372 = VECTOR('',#12373,1.);
#12373 = DIRECTION('',(0.,1.,0.));
#12374 = PLANE('',#12375);
#12375 = AXIS2_PLACEMENT_3D('',#12376,#12377,#12378);
#12376 = CARTESIAN_POINT('',(0.24,-2.86,-2.92));
#12377 = DIRECTION('',(-0.707106781187,1.735167508357E-18,0.707106781187
    ));
#12378 = DIRECTION('',(1.226948711654E-18,1.,-1.226948711654E-18));
#12379 = ADVANCED_FACE('',(#12380),#12398,.F.);
#12380 = FACE_BOUND('',#12381,.T.);
#12381 = EDGE_LOOP('',(#12382,#12390,#12391,#12392));
#12382 = ORIENTED_EDGE('',*,*,#12383,.F.);
#12383 = EDGE_CURVE('',#10081,#12384,#12386,.T.);
#12384 = VERTEX_POINT('',#12385);
#12385 = CARTESIAN_POINT('',(-0.16,-2.38,-3.));
#12386 = LINE('',#12387,#12388);
#12387 = CARTESIAN_POINT('',(-0.16,-2.38,-3.));
#12388 = VECTOR('',#12389,1.);
#12389 = DIRECTION('',(0.57735026919,-0.57735026919,-0.57735026919));
#12390 = ORIENTED_EDGE('',*,*,#10080,.T.);
#12391 = ORIENTED_EDGE('',*,*,#12361,.T.);
#12392 = ORIENTED_EDGE('',*,*,#12393,.F.);
#12393 = EDGE_CURVE('',#12384,#12362,#12394,.T.);
#12394 = LINE('',#12395,#12396);
#12395 = CARTESIAN_POINT('',(-0.32,-2.38,-3.));
#12396 = VECTOR('',#12397,1.);
#12397 = DIRECTION('',(1.,0.,0.));
#12398 = PLANE('',#12399);
#12399 = AXIS2_PLACEMENT_3D('',#12400,#12401,#12402);
#12400 = CARTESIAN_POINT('',(-0.32,-2.3,-2.92));
#12401 = DIRECTION('',(-1.735167508357E-18,-0.707106781187,
    0.707106781187));
#12402 = DIRECTION('',(-1.,1.226948711654E-18,-1.226948711654E-18));
#12403 = ADVANCED_FACE('',(#12404),#12422,.T.);
#12404 = FACE_BOUND('',#12405,.T.);
#12405 = EDGE_LOOP('',(#12406,#12414,#12415,#12416));
#12406 = ORIENTED_EDGE('',*,*,#12407,.F.);
#12407 = EDGE_CURVE('',#10104,#12408,#12410,.T.);
#12408 = VERTEX_POINT('',#12409);
#12409 = CARTESIAN_POINT('',(-0.16,-2.7,-3.));
#12410 = LINE('',#12411,#12412);
#12411 = CARTESIAN_POINT('',(-0.266666666667,-2.806666666667,
    -2.893333333333));
#12412 = VECTOR('',#12413,1.);
#12413 = DIRECTION('',(0.57735026919,0.57735026919,-0.57735026919));
#12414 = ORIENTED_EDGE('',*,*,#10111,.T.);
#12415 = ORIENTED_EDGE('',*,*,#12383,.T.);
#12416 = ORIENTED_EDGE('',*,*,#12417,.F.);
#12417 = EDGE_CURVE('',#12408,#12384,#12418,.T.);
#12418 = LINE('',#12419,#12420);
#12419 = CARTESIAN_POINT('',(-0.16,-2.86,-3.));
#12420 = VECTOR('',#12421,1.);
#12421 = DIRECTION('',(0.,1.,0.));
#12422 = PLANE('',#12423);
#12423 = AXIS2_PLACEMENT_3D('',#12424,#12425,#12426);
#12424 = CARTESIAN_POINT('',(-0.24,-2.86,-2.92));
#12425 = DIRECTION('',(-0.707106781187,-1.735167508357E-18,
    -0.707106781187));
#12426 = DIRECTION('',(-1.226948711654E-18,1.,-1.226948711654E-18));
#12427 = ADVANCED_FACE('',(#12428),#12439,.T.);
#12428 = FACE_BOUND('',#12429,.F.);
#12429 = EDGE_LOOP('',(#12430,#12431,#12432,#12433));
#12430 = ORIENTED_EDGE('',*,*,#12407,.F.);
#12431 = ORIENTED_EDGE('',*,*,#10128,.T.);
#12432 = ORIENTED_EDGE('',*,*,#12352,.T.);
#12433 = ORIENTED_EDGE('',*,*,#12434,.F.);
#12434 = EDGE_CURVE('',#12408,#12353,#12435,.T.);
#12435 = LINE('',#12436,#12437);
#12436 = CARTESIAN_POINT('',(-0.32,-2.7,-3.));
#12437 = VECTOR('',#12438,1.);
#12438 = DIRECTION('',(1.,0.,0.));
#12439 = PLANE('',#12440);
#12440 = AXIS2_PLACEMENT_3D('',#12441,#12442,#12443);
#12441 = CARTESIAN_POINT('',(-0.32,-2.78,-2.92));
#12442 = DIRECTION('',(1.735167508357E-18,-0.707106781187,
    -0.707106781187));
#12443 = DIRECTION('',(-1.,-1.226948711654E-18,-1.226948711654E-18));
#12444 = ADVANCED_FACE('',(#12445),#12470,.F.);
#12445 = FACE_BOUND('',#12446,.T.);
#12446 = EDGE_LOOP('',(#12447,#12455,#12456,#12464));
#12447 = ORIENTED_EDGE('',*,*,#12448,.F.);
#12448 = EDGE_CURVE('',#10153,#12449,#12451,.T.);
#12449 = VERTEX_POINT('',#12450);
#12450 = CARTESIAN_POINT('',(-0.16,-27.78,-3.));
#12451 = LINE('',#12452,#12453);
#12452 = CARTESIAN_POINT('',(-0.16,-27.78,-3.));
#12453 = VECTOR('',#12454,1.);
#12454 = DIRECTION('',(0.57735026919,-0.57735026919,-0.57735026919));
#12455 = ORIENTED_EDGE('',*,*,#10152,.T.);
#12456 = ORIENTED_EDGE('',*,*,#12457,.T.);
#12457 = EDGE_CURVE('',#10145,#12458,#12460,.T.);
#12458 = VERTEX_POINT('',#12459);
#12459 = CARTESIAN_POINT('',(0.16,-27.78,-3.));
#12460 = LINE('',#12461,#12462);
#12461 = CARTESIAN_POINT('',(5.333333333333E-02,-27.88666666666,
    -3.106666666667));
#12462 = VECTOR('',#12463,1.);
#12463 = DIRECTION('',(-0.57735026919,-0.57735026919,-0.57735026919));
#12464 = ORIENTED_EDGE('',*,*,#12465,.F.);
#12465 = EDGE_CURVE('',#12449,#12458,#12466,.T.);
#12466 = LINE('',#12467,#12468);
#12467 = CARTESIAN_POINT('',(-0.32,-27.78,-3.));
#12468 = VECTOR('',#12469,1.);
#12469 = DIRECTION('',(1.,0.,0.));
#12470 = PLANE('',#12471);
#12471 = AXIS2_PLACEMENT_3D('',#12472,#12473,#12474);
#12472 = CARTESIAN_POINT('',(-0.32,-27.7,-2.92));
#12473 = DIRECTION('',(-1.735167508357E-18,-0.707106781187,
    0.707106781187));
#12474 = DIRECTION('',(-1.,1.226948711654E-18,-1.226948711654E-18));
#12475 = ADVANCED_FACE('',(#12476),#12494,.T.);
#12476 = FACE_BOUND('',#12477,.T.);
#12477 = EDGE_LOOP('',(#12478,#12486,#12487,#12488));
#12478 = ORIENTED_EDGE('',*,*,#12479,.F.);
#12479 = EDGE_CURVE('',#10176,#12480,#12482,.T.);
#12480 = VERTEX_POINT('',#12481);
#12481 = CARTESIAN_POINT('',(-0.16,-28.1,-3.));
#12482 = LINE('',#12483,#12484);
#12483 = CARTESIAN_POINT('',(-0.266666666667,-28.20666666666,
    -2.893333333333));
#12484 = VECTOR('',#12485,1.);
#12485 = DIRECTION('',(0.57735026919,0.57735026919,-0.57735026919));
#12486 = ORIENTED_EDGE('',*,*,#10183,.T.);
#12487 = ORIENTED_EDGE('',*,*,#12448,.T.);
#12488 = ORIENTED_EDGE('',*,*,#12489,.F.);
#12489 = EDGE_CURVE('',#12480,#12449,#12490,.T.);
#12490 = LINE('',#12491,#12492);
#12491 = CARTESIAN_POINT('',(-0.16,-28.26,-3.));
#12492 = VECTOR('',#12493,1.);
#12493 = DIRECTION('',(0.,1.,0.));
#12494 = PLANE('',#12495);
#12495 = AXIS2_PLACEMENT_3D('',#12496,#12497,#12498);
#12496 = CARTESIAN_POINT('',(-0.24,-28.26,-2.92));
#12497 = DIRECTION('',(-0.707106781187,-1.735167508357E-18,
    -0.707106781187));
#12498 = DIRECTION('',(-1.226948711654E-18,1.,-1.226948711654E-18));
#12499 = ADVANCED_FACE('',(#12500),#12518,.T.);
#12500 = FACE_BOUND('',#12501,.F.);
#12501 = EDGE_LOOP('',(#12502,#12503,#12504,#12512));
#12502 = ORIENTED_EDGE('',*,*,#12479,.F.);
#12503 = ORIENTED_EDGE('',*,*,#10207,.T.);
#12504 = ORIENTED_EDGE('',*,*,#12505,.T.);
#12505 = EDGE_CURVE('',#10200,#12506,#12508,.T.);
#12506 = VERTEX_POINT('',#12507);
#12507 = CARTESIAN_POINT('',(0.16,-28.1,-3.));
#12508 = LINE('',#12509,#12510);
#12509 = CARTESIAN_POINT('',(0.16,-28.1,-3.));
#12510 = VECTOR('',#12511,1.);
#12511 = DIRECTION('',(-0.57735026919,0.57735026919,-0.57735026919));
#12512 = ORIENTED_EDGE('',*,*,#12513,.F.);
#12513 = EDGE_CURVE('',#12480,#12506,#12514,.T.);
#12514 = LINE('',#12515,#12516);
#12515 = CARTESIAN_POINT('',(-0.32,-28.1,-3.));
#12516 = VECTOR('',#12517,1.);
#12517 = DIRECTION('',(1.,0.,0.));
#12518 = PLANE('',#12519);
#12519 = AXIS2_PLACEMENT_3D('',#12520,#12521,#12522);
#12520 = CARTESIAN_POINT('',(-0.32,-28.18,-2.92));
#12521 = DIRECTION('',(1.735167508357E-18,-0.707106781187,
    -0.707106781187));
#12522 = DIRECTION('',(-1.,-1.226948711654E-18,-1.226948711654E-18));
#12523 = ADVANCED_FACE('',(#12524),#12535,.F.);
#12524 = FACE_BOUND('',#12525,.F.);
#12525 = EDGE_LOOP('',(#12526,#12527,#12528,#12529));
#12526 = ORIENTED_EDGE('',*,*,#12505,.F.);
#12527 = ORIENTED_EDGE('',*,*,#10224,.T.);
#12528 = ORIENTED_EDGE('',*,*,#12457,.T.);
#12529 = ORIENTED_EDGE('',*,*,#12530,.F.);
#12530 = EDGE_CURVE('',#12506,#12458,#12531,.T.);
#12531 = LINE('',#12532,#12533);
#12532 = CARTESIAN_POINT('',(0.16,-28.26,-3.));
#12533 = VECTOR('',#12534,1.);
#12534 = DIRECTION('',(0.,1.,0.));
#12535 = PLANE('',#12536);
#12536 = AXIS2_PLACEMENT_3D('',#12537,#12538,#12539);
#12537 = CARTESIAN_POINT('',(0.24,-28.26,-2.92));
#12538 = DIRECTION('',(-0.707106781187,1.735167508357E-18,0.707106781187
    ));
#12539 = DIRECTION('',(1.226948711654E-18,1.,-1.226948711654E-18));
#12540 = ADVANCED_FACE('',(#12541),#12566,.F.);
#12541 = FACE_BOUND('',#12542,.F.);
#12542 = EDGE_LOOP('',(#12543,#12551,#12552,#12560));
#12543 = ORIENTED_EDGE('',*,*,#12544,.F.);
#12544 = EDGE_CURVE('',#10241,#12545,#12547,.T.);
#12545 = VERTEX_POINT('',#12546);
#12546 = CARTESIAN_POINT('',(0.16,-23.02,-3.));
#12547 = LINE('',#12548,#12549);
#12548 = CARTESIAN_POINT('',(0.16,-23.02,-3.));
#12549 = VECTOR('',#12550,1.);
#12550 = DIRECTION('',(-0.57735026919,0.57735026919,-0.57735026919));
#12551 = ORIENTED_EDGE('',*,*,#10248,.T.);
#12552 = ORIENTED_EDGE('',*,*,#12553,.T.);
#12553 = EDGE_CURVE('',#10249,#12554,#12556,.T.);
#12554 = VERTEX_POINT('',#12555);
#12555 = CARTESIAN_POINT('',(0.16,-22.7,-3.));
#12556 = LINE('',#12557,#12558);
#12557 = CARTESIAN_POINT('',(5.333333333333E-02,-22.80666666666,
    -3.106666666667));
#12558 = VECTOR('',#12559,1.);
#12559 = DIRECTION('',(-0.57735026919,-0.57735026919,-0.57735026919));
#12560 = ORIENTED_EDGE('',*,*,#12561,.F.);
#12561 = EDGE_CURVE('',#12545,#12554,#12562,.T.);
#12562 = LINE('',#12563,#12564);
#12563 = CARTESIAN_POINT('',(0.16,-23.18,-3.));
#12564 = VECTOR('',#12565,1.);
#12565 = DIRECTION('',(0.,1.,0.));
#12566 = PLANE('',#12567);
#12567 = AXIS2_PLACEMENT_3D('',#12568,#12569,#12570);
#12568 = CARTESIAN_POINT('',(0.24,-23.18,-2.92));
#12569 = DIRECTION('',(-0.707106781187,1.735167508357E-18,0.707106781187
    ));
#12570 = DIRECTION('',(1.226948711654E-18,1.,-1.226948711654E-18));
#12571 = ADVANCED_FACE('',(#12572),#12590,.F.);
#12572 = FACE_BOUND('',#12573,.T.);
#12573 = EDGE_LOOP('',(#12574,#12582,#12583,#12584));
#12574 = ORIENTED_EDGE('',*,*,#12575,.F.);
#12575 = EDGE_CURVE('',#10273,#12576,#12578,.T.);
#12576 = VERTEX_POINT('',#12577);
#12577 = CARTESIAN_POINT('',(-0.16,-22.7,-3.));
#12578 = LINE('',#12579,#12580);
#12579 = CARTESIAN_POINT('',(-0.16,-22.7,-3.));
#12580 = VECTOR('',#12581,1.);
#12581 = DIRECTION('',(0.57735026919,-0.57735026919,-0.57735026919));
#12582 = ORIENTED_EDGE('',*,*,#10272,.T.);
#12583 = ORIENTED_EDGE('',*,*,#12553,.T.);
#12584 = ORIENTED_EDGE('',*,*,#12585,.F.);
#12585 = EDGE_CURVE('',#12576,#12554,#12586,.T.);
#12586 = LINE('',#12587,#12588);
#12587 = CARTESIAN_POINT('',(-0.32,-22.7,-3.));
#12588 = VECTOR('',#12589,1.);
#12589 = DIRECTION('',(1.,0.,0.));
#12590 = PLANE('',#12591);
#12591 = AXIS2_PLACEMENT_3D('',#12592,#12593,#12594);
#12592 = CARTESIAN_POINT('',(-0.32,-22.62,-2.92));
#12593 = DIRECTION('',(-1.735167508357E-18,-0.707106781187,
    0.707106781187));
#12594 = DIRECTION('',(-1.,1.226948711654E-18,-1.226948711654E-18));
#12595 = ADVANCED_FACE('',(#12596),#12614,.T.);
#12596 = FACE_BOUND('',#12597,.T.);
#12597 = EDGE_LOOP('',(#12598,#12606,#12607,#12608));
#12598 = ORIENTED_EDGE('',*,*,#12599,.F.);
#12599 = EDGE_CURVE('',#10296,#12600,#12602,.T.);
#12600 = VERTEX_POINT('',#12601);
#12601 = CARTESIAN_POINT('',(-0.16,-23.02,-3.));
#12602 = LINE('',#12603,#12604);
#12603 = CARTESIAN_POINT('',(-0.266666666667,-23.12666666666,
    -2.893333333333));
#12604 = VECTOR('',#12605,1.);
#12605 = DIRECTION('',(0.57735026919,0.57735026919,-0.57735026919));
#12606 = ORIENTED_EDGE('',*,*,#10303,.T.);
#12607 = ORIENTED_EDGE('',*,*,#12575,.T.);
#12608 = ORIENTED_EDGE('',*,*,#12609,.F.);
#12609 = EDGE_CURVE('',#12600,#12576,#12610,.T.);
#12610 = LINE('',#12611,#12612);
#12611 = CARTESIAN_POINT('',(-0.16,-23.18,-3.));
#12612 = VECTOR('',#12613,1.);
#12613 = DIRECTION('',(0.,1.,0.));
#12614 = PLANE('',#12615);
#12615 = AXIS2_PLACEMENT_3D('',#12616,#12617,#12618);
#12616 = CARTESIAN_POINT('',(-0.24,-23.18,-2.92));
#12617 = DIRECTION('',(-0.707106781187,-1.735167508357E-18,
    -0.707106781187));
#12618 = DIRECTION('',(-1.226948711654E-18,1.,-1.226948711654E-18));
#12619 = ADVANCED_FACE('',(#12620),#12631,.T.);
#12620 = FACE_BOUND('',#12621,.F.);
#12621 = EDGE_LOOP('',(#12622,#12623,#12624,#12625));
#12622 = ORIENTED_EDGE('',*,*,#12599,.F.);
#12623 = ORIENTED_EDGE('',*,*,#10320,.T.);
#12624 = ORIENTED_EDGE('',*,*,#12544,.T.);
#12625 = ORIENTED_EDGE('',*,*,#12626,.F.);
#12626 = EDGE_CURVE('',#12600,#12545,#12627,.T.);
#12627 = LINE('',#12628,#12629);
#12628 = CARTESIAN_POINT('',(-0.32,-23.02,-3.));
#12629 = VECTOR('',#12630,1.);
#12630 = DIRECTION('',(1.,0.,0.));
#12631 = PLANE('',#12632);
#12632 = AXIS2_PLACEMENT_3D('',#12633,#12634,#12635);
#12633 = CARTESIAN_POINT('',(-0.32,-23.1,-2.92));
#12634 = DIRECTION('',(1.735167508357E-18,-0.707106781187,
    -0.707106781187));
#12635 = DIRECTION('',(-1.,-1.226948711654E-18,-1.226948711654E-18));
#12636 = ADVANCED_FACE('',(#12637),#12662,.F.);
#12637 = FACE_BOUND('',#12638,.F.);
#12638 = EDGE_LOOP('',(#12639,#12647,#12648,#12656));
#12639 = ORIENTED_EDGE('',*,*,#12640,.F.);
#12640 = EDGE_CURVE('',#10337,#12641,#12643,.T.);
#12641 = VERTEX_POINT('',#12642);
#12642 = CARTESIAN_POINT('',(0.16,-25.56,-3.));
#12643 = LINE('',#12644,#12645);
#12644 = CARTESIAN_POINT('',(0.16,-25.56,-3.));
#12645 = VECTOR('',#12646,1.);
#12646 = DIRECTION('',(-0.57735026919,0.57735026919,-0.57735026919));
#12647 = ORIENTED_EDGE('',*,*,#10344,.T.);
#12648 = ORIENTED_EDGE('',*,*,#12649,.T.);
#12649 = EDGE_CURVE('',#10345,#12650,#12652,.T.);
#12650 = VERTEX_POINT('',#12651);
#12651 = CARTESIAN_POINT('',(0.16,-25.24,-3.));
#12652 = LINE('',#12653,#12654);
#12653 = CARTESIAN_POINT('',(5.333333333333E-02,-25.34666666666,
    -3.106666666667));
#12654 = VECTOR('',#12655,1.);
#12655 = DIRECTION('',(-0.57735026919,-0.57735026919,-0.57735026919));
#12656 = ORIENTED_EDGE('',*,*,#12657,.F.);
#12657 = EDGE_CURVE('',#12641,#12650,#12658,.T.);
#12658 = LINE('',#12659,#12660);
#12659 = CARTESIAN_POINT('',(0.16,-25.72,-3.));
#12660 = VECTOR('',#12661,1.);
#12661 = DIRECTION('',(0.,1.,0.));
#12662 = PLANE('',#12663);
#12663 = AXIS2_PLACEMENT_3D('',#12664,#12665,#12666);
#12664 = CARTESIAN_POINT('',(0.24,-25.72,-2.92));
#12665 = DIRECTION('',(-0.707106781187,1.735167508357E-18,0.707106781187
    ));
#12666 = DIRECTION('',(1.226948711654E-18,1.,-1.226948711654E-18));
#12667 = ADVANCED_FACE('',(#12668),#12686,.F.);
#12668 = FACE_BOUND('',#12669,.T.);
#12669 = EDGE_LOOP('',(#12670,#12678,#12679,#12680));
#12670 = ORIENTED_EDGE('',*,*,#12671,.F.);
#12671 = EDGE_CURVE('',#10369,#12672,#12674,.T.);
#12672 = VERTEX_POINT('',#12673);
#12673 = CARTESIAN_POINT('',(-0.16,-25.24,-3.));
#12674 = LINE('',#12675,#12676);
#12675 = CARTESIAN_POINT('',(-0.16,-25.24,-3.));
#12676 = VECTOR('',#12677,1.);
#12677 = DIRECTION('',(0.57735026919,-0.57735026919,-0.57735026919));
#12678 = ORIENTED_EDGE('',*,*,#10368,.T.);
#12679 = ORIENTED_EDGE('',*,*,#12649,.T.);
#12680 = ORIENTED_EDGE('',*,*,#12681,.F.);
#12681 = EDGE_CURVE('',#12672,#12650,#12682,.T.);
#12682 = LINE('',#12683,#12684);
#12683 = CARTESIAN_POINT('',(-0.32,-25.24,-3.));
#12684 = VECTOR('',#12685,1.);
#12685 = DIRECTION('',(1.,0.,0.));
#12686 = PLANE('',#12687);
#12687 = AXIS2_PLACEMENT_3D('',#12688,#12689,#12690);
#12688 = CARTESIAN_POINT('',(-0.32,-25.16,-2.92));
#12689 = DIRECTION('',(-1.735167508357E-18,-0.707106781187,
    0.707106781187));
#12690 = DIRECTION('',(-1.,1.226948711654E-18,-1.226948711654E-18));
#12691 = ADVANCED_FACE('',(#12692),#12710,.T.);
#12692 = FACE_BOUND('',#12693,.T.);
#12693 = EDGE_LOOP('',(#12694,#12702,#12703,#12704));
#12694 = ORIENTED_EDGE('',*,*,#12695,.F.);
#12695 = EDGE_CURVE('',#10392,#12696,#12698,.T.);
#12696 = VERTEX_POINT('',#12697);
#12697 = CARTESIAN_POINT('',(-0.16,-25.56,-3.));
#12698 = LINE('',#12699,#12700);
#12699 = CARTESIAN_POINT('',(-0.266666666667,-25.66666666666,
    -2.893333333333));
#12700 = VECTOR('',#12701,1.);
#12701 = DIRECTION('',(0.57735026919,0.57735026919,-0.57735026919));
#12702 = ORIENTED_EDGE('',*,*,#10399,.T.);
#12703 = ORIENTED_EDGE('',*,*,#12671,.T.);
#12704 = ORIENTED_EDGE('',*,*,#12705,.F.);
#12705 = EDGE_CURVE('',#12696,#12672,#12706,.T.);
#12706 = LINE('',#12707,#12708);
#12707 = CARTESIAN_POINT('',(-0.16,-25.72,-3.));
#12708 = VECTOR('',#12709,1.);
#12709 = DIRECTION('',(0.,1.,0.));
#12710 = PLANE('',#12711);
#12711 = AXIS2_PLACEMENT_3D('',#12712,#12713,#12714);
#12712 = CARTESIAN_POINT('',(-0.24,-25.72,-2.92));
#12713 = DIRECTION('',(-0.707106781187,-1.735167508357E-18,
    -0.707106781187));
#12714 = DIRECTION('',(-1.226948711654E-18,1.,-1.226948711654E-18));
#12715 = ADVANCED_FACE('',(#12716),#12727,.T.);
#12716 = FACE_BOUND('',#12717,.F.);
#12717 = EDGE_LOOP('',(#12718,#12719,#12720,#12721));
#12718 = ORIENTED_EDGE('',*,*,#12695,.F.);
#12719 = ORIENTED_EDGE('',*,*,#10416,.T.);
#12720 = ORIENTED_EDGE('',*,*,#12640,.T.);
#12721 = ORIENTED_EDGE('',*,*,#12722,.F.);
#12722 = EDGE_CURVE('',#12696,#12641,#12723,.T.);
#12723 = LINE('',#12724,#12725);
#12724 = CARTESIAN_POINT('',(-0.32,-25.56,-3.));
#12725 = VECTOR('',#12726,1.);
#12726 = DIRECTION('',(1.,0.,0.));
#12727 = PLANE('',#12728);
#12728 = AXIS2_PLACEMENT_3D('',#12729,#12730,#12731);
#12729 = CARTESIAN_POINT('',(-0.32,-25.64,-2.92));
#12730 = DIRECTION('',(1.735167508357E-18,-0.707106781187,
    -0.707106781187));
#12731 = DIRECTION('',(-1.,-1.226948711654E-18,-1.226948711654E-18));
#12732 = ADVANCED_FACE('',(#12733),#12758,.T.);
#12733 = FACE_BOUND('',#12734,.T.);
#12734 = EDGE_LOOP('',(#12735,#12743,#12744,#12752));
#12735 = ORIENTED_EDGE('',*,*,#12736,.F.);
#12736 = EDGE_CURVE('',#10433,#12737,#12739,.T.);
#12737 = VERTEX_POINT('',#12738);
#12738 = CARTESIAN_POINT('',(0.16,-5.24,8.54));
#12739 = LINE('',#12740,#12741);
#12740 = CARTESIAN_POINT('',(0.16,-5.24,8.54));
#12741 = VECTOR('',#12742,1.);
#12742 = DIRECTION('',(-0.57735026919,0.57735026919,0.57735026919));
#12743 = ORIENTED_EDGE('',*,*,#10449,.T.);
#12744 = ORIENTED_EDGE('',*,*,#12745,.T.);
#12745 = EDGE_CURVE('',#10442,#12746,#12748,.T.);
#12746 = VERTEX_POINT('',#12747);
#12747 = CARTESIAN_POINT('',(0.16,-4.92,8.54));
#12748 = LINE('',#12749,#12750);
#12749 = CARTESIAN_POINT('',(5.333333333333E-02,-5.026666666667,
    8.646666666667));
#12750 = VECTOR('',#12751,1.);
#12751 = DIRECTION('',(-0.57735026919,-0.57735026919,0.57735026919));
#12752 = ORIENTED_EDGE('',*,*,#12753,.F.);
#12753 = EDGE_CURVE('',#12737,#12746,#12754,.T.);
#12754 = LINE('',#12755,#12756);
#12755 = CARTESIAN_POINT('',(0.16,-5.4,8.54));
#12756 = VECTOR('',#12757,1.);
#12757 = DIRECTION('',(0.,1.,0.));
#12758 = PLANE('',#12759);
#12759 = AXIS2_PLACEMENT_3D('',#12760,#12761,#12762);
#12760 = CARTESIAN_POINT('',(0.24,-5.4,8.46));
#12761 = DIRECTION('',(0.707106781187,-1.735167508357E-18,0.707106781187
    ));
#12762 = DIRECTION('',(1.226948711654E-18,1.,1.226948711654E-18));
#12763 = ADVANCED_FACE('',(#12764),#12782,.T.);
#12764 = FACE_BOUND('',#12765,.F.);
#12765 = EDGE_LOOP('',(#12766,#12774,#12775,#12776));
#12766 = ORIENTED_EDGE('',*,*,#12767,.F.);
#12767 = EDGE_CURVE('',#10466,#12768,#12770,.T.);
#12768 = VERTEX_POINT('',#12769);
#12769 = CARTESIAN_POINT('',(-0.16,-4.92,8.54));
#12770 = LINE('',#12771,#12772);
#12771 = CARTESIAN_POINT('',(-0.16,-4.92,8.54));
#12772 = VECTOR('',#12773,1.);
#12773 = DIRECTION('',(0.57735026919,-0.57735026919,0.57735026919));
#12774 = ORIENTED_EDGE('',*,*,#10473,.T.);
#12775 = ORIENTED_EDGE('',*,*,#12745,.T.);
#12776 = ORIENTED_EDGE('',*,*,#12777,.F.);
#12777 = EDGE_CURVE('',#12768,#12746,#12778,.T.);
#12778 = LINE('',#12779,#12780);
#12779 = CARTESIAN_POINT('',(-0.32,-4.92,8.54));
#12780 = VECTOR('',#12781,1.);
#12781 = DIRECTION('',(1.,0.,0.));
#12782 = PLANE('',#12783);
#12783 = AXIS2_PLACEMENT_3D('',#12784,#12785,#12786);
#12784 = CARTESIAN_POINT('',(-0.32,-4.84,8.46));
#12785 = DIRECTION('',(1.735167508357E-18,0.707106781187,0.707106781187)
  );
#12786 = DIRECTION('',(-1.,1.226948711654E-18,1.226948711654E-18));
#12787 = ADVANCED_FACE('',(#12788),#12806,.F.);
#12788 = FACE_BOUND('',#12789,.F.);
#12789 = EDGE_LOOP('',(#12790,#12798,#12799,#12800));
#12790 = ORIENTED_EDGE('',*,*,#12791,.F.);
#12791 = EDGE_CURVE('',#10488,#12792,#12794,.T.);
#12792 = VERTEX_POINT('',#12793);
#12793 = CARTESIAN_POINT('',(-0.16,-5.24,8.54));
#12794 = LINE('',#12795,#12796);
#12795 = CARTESIAN_POINT('',(-0.266666666667,-5.346666666667,
    8.433333333333));
#12796 = VECTOR('',#12797,1.);
#12797 = DIRECTION('',(0.57735026919,0.57735026919,0.57735026919));
#12798 = ORIENTED_EDGE('',*,*,#10497,.T.);
#12799 = ORIENTED_EDGE('',*,*,#12767,.T.);
#12800 = ORIENTED_EDGE('',*,*,#12801,.F.);
#12801 = EDGE_CURVE('',#12792,#12768,#12802,.T.);
#12802 = LINE('',#12803,#12804);
#12803 = CARTESIAN_POINT('',(-0.16,-5.4,8.54));
#12804 = VECTOR('',#12805,1.);
#12805 = DIRECTION('',(0.,1.,0.));
#12806 = PLANE('',#12807);
#12807 = AXIS2_PLACEMENT_3D('',#12808,#12809,#12810);
#12808 = CARTESIAN_POINT('',(-0.24,-5.4,8.46));
#12809 = DIRECTION('',(0.707106781187,1.735167508357E-18,-0.707106781187
    ));
#12810 = DIRECTION('',(-1.226948711654E-18,1.,1.226948711654E-18));
#12811 = ADVANCED_FACE('',(#12812),#12823,.F.);
#12812 = FACE_BOUND('',#12813,.T.);
#12813 = EDGE_LOOP('',(#12814,#12815,#12816,#12817));
#12814 = ORIENTED_EDGE('',*,*,#12791,.F.);
#12815 = ORIENTED_EDGE('',*,*,#10514,.T.);
#12816 = ORIENTED_EDGE('',*,*,#12736,.T.);
#12817 = ORIENTED_EDGE('',*,*,#12818,.F.);
#12818 = EDGE_CURVE('',#12792,#12737,#12819,.T.);
#12819 = LINE('',#12820,#12821);
#12820 = CARTESIAN_POINT('',(-0.32,-5.24,8.54));
#12821 = VECTOR('',#12822,1.);
#12822 = DIRECTION('',(1.,0.,0.));
#12823 = PLANE('',#12824);
#12824 = AXIS2_PLACEMENT_3D('',#12825,#12826,#12827);
#12825 = CARTESIAN_POINT('',(-0.32,-5.32,8.46));
#12826 = DIRECTION('',(-1.735167508357E-18,0.707106781187,
    -0.707106781187));
#12827 = DIRECTION('',(-1.,-1.226948711654E-18,1.226948711654E-18));
#12828 = ADVANCED_FACE('',(#12829),#12854,.F.);
#12829 = FACE_BOUND('',#12830,.T.);
#12830 = EDGE_LOOP('',(#12831,#12839,#12840,#12848));
#12831 = ORIENTED_EDGE('',*,*,#12832,.F.);
#12832 = EDGE_CURVE('',#10538,#12833,#12835,.T.);
#12833 = VERTEX_POINT('',#12834);
#12834 = CARTESIAN_POINT('',(-0.16,-7.78,8.54));
#12835 = LINE('',#12836,#12837);
#12836 = CARTESIAN_POINT('',(-0.266666666667,-7.886666666667,
    8.433333333333));
#12837 = VECTOR('',#12838,1.);
#12838 = DIRECTION('',(0.57735026919,0.57735026919,0.57735026919));
#12839 = ORIENTED_EDGE('',*,*,#10545,.T.);
#12840 = ORIENTED_EDGE('',*,*,#12841,.T.);
#12841 = EDGE_CURVE('',#10529,#12842,#12844,.T.);
#12842 = VERTEX_POINT('',#12843);
#12843 = CARTESIAN_POINT('',(0.16,-7.78,8.54));
#12844 = LINE('',#12845,#12846);
#12845 = CARTESIAN_POINT('',(0.16,-7.78,8.54));
#12846 = VECTOR('',#12847,1.);
#12847 = DIRECTION('',(-0.57735026919,0.57735026919,0.57735026919));
#12848 = ORIENTED_EDGE('',*,*,#12849,.F.);
#12849 = EDGE_CURVE('',#12833,#12842,#12850,.T.);
#12850 = LINE('',#12851,#12852);
#12851 = CARTESIAN_POINT('',(-0.32,-7.78,8.54));
#12852 = VECTOR('',#12853,1.);
#12853 = DIRECTION('',(1.,0.,0.));
#12854 = PLANE('',#12855);
#12855 = AXIS2_PLACEMENT_3D('',#12856,#12857,#12858);
#12856 = CARTESIAN_POINT('',(-0.32,-7.86,8.46));
#12857 = DIRECTION('',(-1.735167508357E-18,0.707106781187,
    -0.707106781187));
#12858 = DIRECTION('',(-1.,-1.226948711654E-18,1.226948711654E-18));
#12859 = ADVANCED_FACE('',(#12860),#12878,.T.);
#12860 = FACE_BOUND('',#12861,.T.);
#12861 = EDGE_LOOP('',(#12862,#12863,#12864,#12872));
#12862 = ORIENTED_EDGE('',*,*,#12841,.F.);
#12863 = ORIENTED_EDGE('',*,*,#10569,.T.);
#12864 = ORIENTED_EDGE('',*,*,#12865,.T.);
#12865 = EDGE_CURVE('',#10562,#12866,#12868,.T.);
#12866 = VERTEX_POINT('',#12867);
#12867 = CARTESIAN_POINT('',(0.16,-7.46,8.54));
#12868 = LINE('',#12869,#12870);
#12869 = CARTESIAN_POINT('',(5.333333333333E-02,-7.566666666667,
    8.646666666667));
#12870 = VECTOR('',#12871,1.);
#12871 = DIRECTION('',(-0.57735026919,-0.57735026919,0.57735026919));
#12872 = ORIENTED_EDGE('',*,*,#12873,.F.);
#12873 = EDGE_CURVE('',#12842,#12866,#12874,.T.);
#12874 = LINE('',#12875,#12876);
#12875 = CARTESIAN_POINT('',(0.16,-7.94,8.54));
#12876 = VECTOR('',#12877,1.);
#12877 = DIRECTION('',(0.,1.,0.));
#12878 = PLANE('',#12879);
#12879 = AXIS2_PLACEMENT_3D('',#12880,#12881,#12882);
#12880 = CARTESIAN_POINT('',(0.24,-7.94,8.46));
#12881 = DIRECTION('',(0.707106781187,-1.735167508357E-18,0.707106781187
    ));
#12882 = DIRECTION('',(1.226948711654E-18,1.,1.226948711654E-18));
#12883 = ADVANCED_FACE('',(#12884),#12902,.T.);
#12884 = FACE_BOUND('',#12885,.F.);
#12885 = EDGE_LOOP('',(#12886,#12894,#12895,#12896));
#12886 = ORIENTED_EDGE('',*,*,#12887,.F.);
#12887 = EDGE_CURVE('',#10586,#12888,#12890,.T.);
#12888 = VERTEX_POINT('',#12889);
#12889 = CARTESIAN_POINT('',(-0.16,-7.46,8.54));
#12890 = LINE('',#12891,#12892);
#12891 = CARTESIAN_POINT('',(-0.16,-7.46,8.54));
#12892 = VECTOR('',#12893,1.);
#12893 = DIRECTION('',(0.57735026919,-0.57735026919,0.57735026919));
#12894 = ORIENTED_EDGE('',*,*,#10593,.T.);
#12895 = ORIENTED_EDGE('',*,*,#12865,.T.);
#12896 = ORIENTED_EDGE('',*,*,#12897,.F.);
#12897 = EDGE_CURVE('',#12888,#12866,#12898,.T.);
#12898 = LINE('',#12899,#12900);
#12899 = CARTESIAN_POINT('',(-0.32,-7.46,8.54));
#12900 = VECTOR('',#12901,1.);
#12901 = DIRECTION('',(1.,0.,0.));
#12902 = PLANE('',#12903);
#12903 = AXIS2_PLACEMENT_3D('',#12904,#12905,#12906);
#12904 = CARTESIAN_POINT('',(-0.32,-7.38,8.46));
#12905 = DIRECTION('',(1.735167508357E-18,0.707106781187,0.707106781187)
  );
#12906 = DIRECTION('',(-1.,1.226948711654E-18,1.226948711654E-18));
#12907 = ADVANCED_FACE('',(#12908),#12919,.F.);
#12908 = FACE_BOUND('',#12909,.F.);
#12909 = EDGE_LOOP('',(#12910,#12911,#12912,#12913));
#12910 = ORIENTED_EDGE('',*,*,#12832,.F.);
#12911 = ORIENTED_EDGE('',*,*,#10610,.T.);
#12912 = ORIENTED_EDGE('',*,*,#12887,.T.);
#12913 = ORIENTED_EDGE('',*,*,#12914,.F.);
#12914 = EDGE_CURVE('',#12833,#12888,#12915,.T.);
#12915 = LINE('',#12916,#12917);
#12916 = CARTESIAN_POINT('',(-0.16,-7.94,8.54));
#12917 = VECTOR('',#12918,1.);
#12918 = DIRECTION('',(0.,1.,0.));
#12919 = PLANE('',#12920);
#12920 = AXIS2_PLACEMENT_3D('',#12921,#12922,#12923);
#12921 = CARTESIAN_POINT('',(-0.24,-7.94,8.46));
#12922 = DIRECTION('',(0.707106781187,1.735167508357E-18,-0.707106781187
    ));
#12923 = DIRECTION('',(-1.226948711654E-18,1.,1.226948711654E-18));
#12924 = ADVANCED_FACE('',(#12925),#12950,.F.);
#12925 = FACE_BOUND('',#12926,.T.);
#12926 = EDGE_LOOP('',(#12927,#12935,#12936,#12944));
#12927 = ORIENTED_EDGE('',*,*,#12928,.F.);
#12928 = EDGE_CURVE('',#10634,#12929,#12931,.T.);
#12929 = VERTEX_POINT('',#12930);
#12930 = CARTESIAN_POINT('',(-0.16,-12.86,8.54));
#12931 = LINE('',#12932,#12933);
#12932 = CARTESIAN_POINT('',(-0.266666666667,-12.96666666666,
    8.433333333333));
#12933 = VECTOR('',#12934,1.);
#12934 = DIRECTION('',(0.57735026919,0.57735026919,0.57735026919));
#12935 = ORIENTED_EDGE('',*,*,#10641,.T.);
#12936 = ORIENTED_EDGE('',*,*,#12937,.T.);
#12937 = EDGE_CURVE('',#10625,#12938,#12940,.T.);
#12938 = VERTEX_POINT('',#12939);
#12939 = CARTESIAN_POINT('',(0.16,-12.86,8.54));
#12940 = LINE('',#12941,#12942);
#12941 = CARTESIAN_POINT('',(0.16,-12.86,8.54));
#12942 = VECTOR('',#12943,1.);
#12943 = DIRECTION('',(-0.57735026919,0.57735026919,0.57735026919));
#12944 = ORIENTED_EDGE('',*,*,#12945,.F.);
#12945 = EDGE_CURVE('',#12929,#12938,#12946,.T.);
#12946 = LINE('',#12947,#12948);
#12947 = CARTESIAN_POINT('',(-0.32,-12.86,8.54));
#12948 = VECTOR('',#12949,1.);
#12949 = DIRECTION('',(1.,0.,0.));
#12950 = PLANE('',#12951);
#12951 = AXIS2_PLACEMENT_3D('',#12952,#12953,#12954);
#12952 = CARTESIAN_POINT('',(-0.32,-12.94,8.46));
#12953 = DIRECTION('',(-1.735167508357E-18,0.707106781187,
    -0.707106781187));
#12954 = DIRECTION('',(-1.,-1.226948711654E-18,1.226948711654E-18));
#12955 = ADVANCED_FACE('',(#12956),#12974,.T.);
#12956 = FACE_BOUND('',#12957,.T.);
#12957 = EDGE_LOOP('',(#12958,#12959,#12960,#12968));
#12958 = ORIENTED_EDGE('',*,*,#12937,.F.);
#12959 = ORIENTED_EDGE('',*,*,#10665,.T.);
#12960 = ORIENTED_EDGE('',*,*,#12961,.T.);
#12961 = EDGE_CURVE('',#10658,#12962,#12964,.T.);
#12962 = VERTEX_POINT('',#12963);
#12963 = CARTESIAN_POINT('',(0.16,-12.54,8.54));
#12964 = LINE('',#12965,#12966);
#12965 = CARTESIAN_POINT('',(5.333333333333E-02,-12.64666666666,
    8.646666666667));
#12966 = VECTOR('',#12967,1.);
#12967 = DIRECTION('',(-0.57735026919,-0.57735026919,0.57735026919));
#12968 = ORIENTED_EDGE('',*,*,#12969,.F.);
#12969 = EDGE_CURVE('',#12938,#12962,#12970,.T.);
#12970 = LINE('',#12971,#12972);
#12971 = CARTESIAN_POINT('',(0.16,-13.02,8.54));
#12972 = VECTOR('',#12973,1.);
#12973 = DIRECTION('',(0.,1.,0.));
#12974 = PLANE('',#12975);
#12975 = AXIS2_PLACEMENT_3D('',#12976,#12977,#12978);
#12976 = CARTESIAN_POINT('',(0.24,-13.02,8.46));
#12977 = DIRECTION('',(0.707106781187,-1.735167508357E-18,0.707106781187
    ));
#12978 = DIRECTION('',(1.226948711654E-18,1.,1.226948711654E-18));
#12979 = ADVANCED_FACE('',(#12980),#12998,.T.);
#12980 = FACE_BOUND('',#12981,.F.);
#12981 = EDGE_LOOP('',(#12982,#12990,#12991,#12992));
#12982 = ORIENTED_EDGE('',*,*,#12983,.F.);
#12983 = EDGE_CURVE('',#10682,#12984,#12986,.T.);
#12984 = VERTEX_POINT('',#12985);
#12985 = CARTESIAN_POINT('',(-0.16,-12.54,8.54));
#12986 = LINE('',#12987,#12988);
#12987 = CARTESIAN_POINT('',(-0.16,-12.54,8.54));
#12988 = VECTOR('',#12989,1.);
#12989 = DIRECTION('',(0.57735026919,-0.57735026919,0.57735026919));
#12990 = ORIENTED_EDGE('',*,*,#10689,.T.);
#12991 = ORIENTED_EDGE('',*,*,#12961,.T.);
#12992 = ORIENTED_EDGE('',*,*,#12993,.F.);
#12993 = EDGE_CURVE('',#12984,#12962,#12994,.T.);
#12994 = LINE('',#12995,#12996);
#12995 = CARTESIAN_POINT('',(-0.32,-12.54,8.54));
#12996 = VECTOR('',#12997,1.);
#12997 = DIRECTION('',(1.,0.,0.));
#12998 = PLANE('',#12999);
#12999 = AXIS2_PLACEMENT_3D('',#13000,#13001,#13002);
#13000 = CARTESIAN_POINT('',(-0.32,-12.46,8.46));
#13001 = DIRECTION('',(1.735167508357E-18,0.707106781187,0.707106781187)
  );
#13002 = DIRECTION('',(-1.,1.226948711654E-18,1.226948711654E-18));
#13003 = ADVANCED_FACE('',(#13004),#13015,.F.);
#13004 = FACE_BOUND('',#13005,.F.);
#13005 = EDGE_LOOP('',(#13006,#13007,#13008,#13009));
#13006 = ORIENTED_EDGE('',*,*,#12928,.F.);
#13007 = ORIENTED_EDGE('',*,*,#10706,.T.);
#13008 = ORIENTED_EDGE('',*,*,#12983,.T.);
#13009 = ORIENTED_EDGE('',*,*,#13010,.F.);
#13010 = EDGE_CURVE('',#12929,#12984,#13011,.T.);
#13011 = LINE('',#13012,#13013);
#13012 = CARTESIAN_POINT('',(-0.16,-13.02,8.54));
#13013 = VECTOR('',#13014,1.);
#13014 = DIRECTION('',(0.,1.,0.));
#13015 = PLANE('',#13016);
#13016 = AXIS2_PLACEMENT_3D('',#13017,#13018,#13019);
#13017 = CARTESIAN_POINT('',(-0.24,-13.02,8.46));
#13018 = DIRECTION('',(0.707106781187,1.735167508357E-18,-0.707106781187
    ));
#13019 = DIRECTION('',(-1.226948711654E-18,1.,1.226948711654E-18));
#13020 = ADVANCED_FACE('',(#13021),#13046,.T.);
#13021 = FACE_BOUND('',#13022,.T.);
#13022 = EDGE_LOOP('',(#13023,#13031,#13032,#13040));
#13023 = ORIENTED_EDGE('',*,*,#13024,.F.);
#13024 = EDGE_CURVE('',#10721,#13025,#13027,.T.);
#13025 = VERTEX_POINT('',#13026);
#13026 = CARTESIAN_POINT('',(0.16,-10.32,8.54));
#13027 = LINE('',#13028,#13029);
#13028 = CARTESIAN_POINT('',(0.16,-10.32,8.54));
#13029 = VECTOR('',#13030,1.);
#13030 = DIRECTION('',(-0.57735026919,0.57735026919,0.57735026919));
#13031 = ORIENTED_EDGE('',*,*,#10737,.T.);
#13032 = ORIENTED_EDGE('',*,*,#13033,.T.);
#13033 = EDGE_CURVE('',#10730,#13034,#13036,.T.);
#13034 = VERTEX_POINT('',#13035);
#13035 = CARTESIAN_POINT('',(0.16,-10.,8.54));
#13036 = LINE('',#13037,#13038);
#13037 = CARTESIAN_POINT('',(5.333333333333E-02,-10.10666666666,
    8.646666666667));
#13038 = VECTOR('',#13039,1.);
#13039 = DIRECTION('',(-0.57735026919,-0.57735026919,0.57735026919));
#13040 = ORIENTED_EDGE('',*,*,#13041,.F.);
#13041 = EDGE_CURVE('',#13025,#13034,#13042,.T.);
#13042 = LINE('',#13043,#13044);
#13043 = CARTESIAN_POINT('',(0.16,-10.48,8.54));
#13044 = VECTOR('',#13045,1.);
#13045 = DIRECTION('',(0.,1.,0.));
#13046 = PLANE('',#13047);
#13047 = AXIS2_PLACEMENT_3D('',#13048,#13049,#13050);
#13048 = CARTESIAN_POINT('',(0.24,-10.48,8.46));
#13049 = DIRECTION('',(0.707106781187,-1.735167508357E-18,0.707106781187
    ));
#13050 = DIRECTION('',(1.226948711654E-18,1.,1.226948711654E-18));
#13051 = ADVANCED_FACE('',(#13052),#13070,.T.);
#13052 = FACE_BOUND('',#13053,.F.);
#13053 = EDGE_LOOP('',(#13054,#13062,#13063,#13064));
#13054 = ORIENTED_EDGE('',*,*,#13055,.F.);
#13055 = EDGE_CURVE('',#10754,#13056,#13058,.T.);
#13056 = VERTEX_POINT('',#13057);
#13057 = CARTESIAN_POINT('',(-0.16,-10.,8.54));
#13058 = LINE('',#13059,#13060);
#13059 = CARTESIAN_POINT('',(-0.16,-10.,8.54));
#13060 = VECTOR('',#13061,1.);
#13061 = DIRECTION('',(0.57735026919,-0.57735026919,0.57735026919));
#13062 = ORIENTED_EDGE('',*,*,#10761,.T.);
#13063 = ORIENTED_EDGE('',*,*,#13033,.T.);
#13064 = ORIENTED_EDGE('',*,*,#13065,.F.);
#13065 = EDGE_CURVE('',#13056,#13034,#13066,.T.);
#13066 = LINE('',#13067,#13068);
#13067 = CARTESIAN_POINT('',(-0.32,-10.,8.54));
#13068 = VECTOR('',#13069,1.);
#13069 = DIRECTION('',(1.,0.,0.));
#13070 = PLANE('',#13071);
#13071 = AXIS2_PLACEMENT_3D('',#13072,#13073,#13074);
#13072 = CARTESIAN_POINT('',(-0.32,-9.92,8.46));
#13073 = DIRECTION('',(1.735167508357E-18,0.707106781187,0.707106781187)
  );
#13074 = DIRECTION('',(-1.,1.226948711654E-18,1.226948711654E-18));
#13075 = ADVANCED_FACE('',(#13076),#13094,.F.);
#13076 = FACE_BOUND('',#13077,.F.);
#13077 = EDGE_LOOP('',(#13078,#13086,#13087,#13088));
#13078 = ORIENTED_EDGE('',*,*,#13079,.F.);
#13079 = EDGE_CURVE('',#10776,#13080,#13082,.T.);
#13080 = VERTEX_POINT('',#13081);
#13081 = CARTESIAN_POINT('',(-0.16,-10.32,8.54));
#13082 = LINE('',#13083,#13084);
#13083 = CARTESIAN_POINT('',(-0.266666666667,-10.42666666666,
    8.433333333333));
#13084 = VECTOR('',#13085,1.);
#13085 = DIRECTION('',(0.57735026919,0.57735026919,0.57735026919));
#13086 = ORIENTED_EDGE('',*,*,#10785,.T.);
#13087 = ORIENTED_EDGE('',*,*,#13055,.T.);
#13088 = ORIENTED_EDGE('',*,*,#13089,.F.);
#13089 = EDGE_CURVE('',#13080,#13056,#13090,.T.);
#13090 = LINE('',#13091,#13092);
#13091 = CARTESIAN_POINT('',(-0.16,-10.48,8.54));
#13092 = VECTOR('',#13093,1.);
#13093 = DIRECTION('',(0.,1.,0.));
#13094 = PLANE('',#13095);
#13095 = AXIS2_PLACEMENT_3D('',#13096,#13097,#13098);
#13096 = CARTESIAN_POINT('',(-0.24,-10.48,8.46));
#13097 = DIRECTION('',(0.707106781187,1.735167508357E-18,-0.707106781187
    ));
#13098 = DIRECTION('',(-1.226948711654E-18,1.,1.226948711654E-18));
#13099 = ADVANCED_FACE('',(#13100),#13111,.F.);
#13100 = FACE_BOUND('',#13101,.T.);
#13101 = EDGE_LOOP('',(#13102,#13103,#13104,#13105));
#13102 = ORIENTED_EDGE('',*,*,#13079,.F.);
#13103 = ORIENTED_EDGE('',*,*,#10802,.T.);
#13104 = ORIENTED_EDGE('',*,*,#13024,.T.);
#13105 = ORIENTED_EDGE('',*,*,#13106,.F.);
#13106 = EDGE_CURVE('',#13080,#13025,#13107,.T.);
#13107 = LINE('',#13108,#13109);
#13108 = CARTESIAN_POINT('',(-0.32,-10.32,8.54));
#13109 = VECTOR('',#13110,1.);
#13110 = DIRECTION('',(1.,0.,0.));
#13111 = PLANE('',#13112);
#13112 = AXIS2_PLACEMENT_3D('',#13113,#13114,#13115);
#13113 = CARTESIAN_POINT('',(-0.32,-10.4,8.46));
#13114 = DIRECTION('',(-1.735167508357E-18,0.707106781187,
    -0.707106781187));
#13115 = DIRECTION('',(-1.,-1.226948711654E-18,1.226948711654E-18));
#13116 = ADVANCED_FACE('',(#13117),#13142,.T.);
#13117 = FACE_BOUND('',#13118,.F.);
#13118 = EDGE_LOOP('',(#13119,#13127,#13128,#13136));
#13119 = ORIENTED_EDGE('',*,*,#13120,.F.);
#13120 = EDGE_CURVE('',#10826,#13121,#13123,.T.);
#13121 = VERTEX_POINT('',#13122);
#13122 = CARTESIAN_POINT('',(-0.16,-20.16,8.54));
#13123 = LINE('',#13124,#13125);
#13124 = CARTESIAN_POINT('',(-0.16,-20.16,8.54));
#13125 = VECTOR('',#13126,1.);
#13126 = DIRECTION('',(0.57735026919,-0.57735026919,0.57735026919));
#13127 = ORIENTED_EDGE('',*,*,#10833,.T.);
#13128 = ORIENTED_EDGE('',*,*,#13129,.T.);
#13129 = EDGE_CURVE('',#10817,#13130,#13132,.T.);
#13130 = VERTEX_POINT('',#13131);
#13131 = CARTESIAN_POINT('',(0.16,-20.16,8.54));
#13132 = LINE('',#13133,#13134);
#13133 = CARTESIAN_POINT('',(5.333333333333E-02,-20.26666666666,
    8.646666666667));
#13134 = VECTOR('',#13135,1.);
#13135 = DIRECTION('',(-0.57735026919,-0.57735026919,0.57735026919));
#13136 = ORIENTED_EDGE('',*,*,#13137,.F.);
#13137 = EDGE_CURVE('',#13121,#13130,#13138,.T.);
#13138 = LINE('',#13139,#13140);
#13139 = CARTESIAN_POINT('',(-0.32,-20.16,8.54));
#13140 = VECTOR('',#13141,1.);
#13141 = DIRECTION('',(1.,0.,0.));
#13142 = PLANE('',#13143);
#13143 = AXIS2_PLACEMENT_3D('',#13144,#13145,#13146);
#13144 = CARTESIAN_POINT('',(-0.32,-20.08,8.46));
#13145 = DIRECTION('',(1.735167508357E-18,0.707106781187,0.707106781187)
  );
#13146 = DIRECTION('',(-1.,1.226948711654E-18,1.226948711654E-18));
#13147 = ADVANCED_FACE('',(#13148),#13166,.F.);
#13148 = FACE_BOUND('',#13149,.F.);
#13149 = EDGE_LOOP('',(#13150,#13158,#13159,#13160));
#13150 = ORIENTED_EDGE('',*,*,#13151,.F.);
#13151 = EDGE_CURVE('',#10848,#13152,#13154,.T.);
#13152 = VERTEX_POINT('',#13153);
#13153 = CARTESIAN_POINT('',(-0.16,-20.48,8.54));
#13154 = LINE('',#13155,#13156);
#13155 = CARTESIAN_POINT('',(-0.266666666667,-20.58666666666,
    8.433333333333));
#13156 = VECTOR('',#13157,1.);
#13157 = DIRECTION('',(0.57735026919,0.57735026919,0.57735026919));
#13158 = ORIENTED_EDGE('',*,*,#10857,.T.);
#13159 = ORIENTED_EDGE('',*,*,#13120,.T.);
#13160 = ORIENTED_EDGE('',*,*,#13161,.F.);
#13161 = EDGE_CURVE('',#13152,#13121,#13162,.T.);
#13162 = LINE('',#13163,#13164);
#13163 = CARTESIAN_POINT('',(-0.16,-20.64,8.54));
#13164 = VECTOR('',#13165,1.);
#13165 = DIRECTION('',(0.,1.,0.));
#13166 = PLANE('',#13167);
#13167 = AXIS2_PLACEMENT_3D('',#13168,#13169,#13170);
#13168 = CARTESIAN_POINT('',(-0.24,-20.64,8.46));
#13169 = DIRECTION('',(0.707106781187,1.735167508357E-18,-0.707106781187
    ));
#13170 = DIRECTION('',(-1.226948711654E-18,1.,1.226948711654E-18));
#13171 = ADVANCED_FACE('',(#13172),#13190,.F.);
#13172 = FACE_BOUND('',#13173,.T.);
#13173 = EDGE_LOOP('',(#13174,#13175,#13176,#13184));
#13174 = ORIENTED_EDGE('',*,*,#13151,.F.);
#13175 = ORIENTED_EDGE('',*,*,#10881,.T.);
#13176 = ORIENTED_EDGE('',*,*,#13177,.T.);
#13177 = EDGE_CURVE('',#10872,#13178,#13180,.T.);
#13178 = VERTEX_POINT('',#13179);
#13179 = CARTESIAN_POINT('',(0.16,-20.48,8.54));
#13180 = LINE('',#13181,#13182);
#13181 = CARTESIAN_POINT('',(0.16,-20.48,8.54));
#13182 = VECTOR('',#13183,1.);
#13183 = DIRECTION('',(-0.57735026919,0.57735026919,0.57735026919));
#13184 = ORIENTED_EDGE('',*,*,#13185,.F.);
#13185 = EDGE_CURVE('',#13152,#13178,#13186,.T.);
#13186 = LINE('',#13187,#13188);
#13187 = CARTESIAN_POINT('',(-0.32,-20.48,8.54));
#13188 = VECTOR('',#13189,1.);
#13189 = DIRECTION('',(1.,0.,0.));
#13190 = PLANE('',#13191);
#13191 = AXIS2_PLACEMENT_3D('',#13192,#13193,#13194);
#13192 = CARTESIAN_POINT('',(-0.32,-20.56,8.46));
#13193 = DIRECTION('',(-1.735167508357E-18,0.707106781187,
    -0.707106781187));
#13194 = DIRECTION('',(-1.,-1.226948711654E-18,1.226948711654E-18));
#13195 = ADVANCED_FACE('',(#13196),#13207,.T.);
#13196 = FACE_BOUND('',#13197,.T.);
#13197 = EDGE_LOOP('',(#13198,#13199,#13200,#13201));
#13198 = ORIENTED_EDGE('',*,*,#13177,.F.);
#13199 = ORIENTED_EDGE('',*,*,#10898,.T.);
#13200 = ORIENTED_EDGE('',*,*,#13129,.T.);
#13201 = ORIENTED_EDGE('',*,*,#13202,.F.);
#13202 = EDGE_CURVE('',#13178,#13130,#13203,.T.);
#13203 = LINE('',#13204,#13205);
#13204 = CARTESIAN_POINT('',(0.16,-20.64,8.54));
#13205 = VECTOR('',#13206,1.);
#13206 = DIRECTION('',(0.,1.,0.));
#13207 = PLANE('',#13208);
#13208 = AXIS2_PLACEMENT_3D('',#13209,#13210,#13211);
#13209 = CARTESIAN_POINT('',(0.24,-20.64,8.46));
#13210 = DIRECTION('',(0.707106781187,-1.735167508357E-18,0.707106781187
    ));
#13211 = DIRECTION('',(1.226948711654E-18,1.,1.226948711654E-18));
#13212 = ADVANCED_FACE('',(#13213),#13238,.T.);
#13213 = FACE_BOUND('',#13214,.T.);
#13214 = EDGE_LOOP('',(#13215,#13223,#13224,#13232));
#13215 = ORIENTED_EDGE('',*,*,#13216,.F.);
#13216 = EDGE_CURVE('',#10913,#13217,#13219,.T.);
#13217 = VERTEX_POINT('',#13218);
#13218 = CARTESIAN_POINT('',(0.16,-17.94,8.54));
#13219 = LINE('',#13220,#13221);
#13220 = CARTESIAN_POINT('',(0.16,-17.94,8.54));
#13221 = VECTOR('',#13222,1.);
#13222 = DIRECTION('',(-0.57735026919,0.57735026919,0.57735026919));
#13223 = ORIENTED_EDGE('',*,*,#10929,.T.);
#13224 = ORIENTED_EDGE('',*,*,#13225,.T.);
#13225 = EDGE_CURVE('',#10922,#13226,#13228,.T.);
#13226 = VERTEX_POINT('',#13227);
#13227 = CARTESIAN_POINT('',(0.16,-17.62,8.54));
#13228 = LINE('',#13229,#13230);
#13229 = CARTESIAN_POINT('',(5.333333333333E-02,-17.72666666666,
    8.646666666667));
#13230 = VECTOR('',#13231,1.);
#13231 = DIRECTION('',(-0.57735026919,-0.57735026919,0.57735026919));
#13232 = ORIENTED_EDGE('',*,*,#13233,.F.);
#13233 = EDGE_CURVE('',#13217,#13226,#13234,.T.);
#13234 = LINE('',#13235,#13236);
#13235 = CARTESIAN_POINT('',(0.16,-18.1,8.54));
#13236 = VECTOR('',#13237,1.);
#13237 = DIRECTION('',(0.,1.,0.));
#13238 = PLANE('',#13239);
#13239 = AXIS2_PLACEMENT_3D('',#13240,#13241,#13242);
#13240 = CARTESIAN_POINT('',(0.24,-18.1,8.46));
#13241 = DIRECTION('',(0.707106781187,-1.735167508357E-18,0.707106781187
    ));
#13242 = DIRECTION('',(1.226948711654E-18,1.,1.226948711654E-18));
#13243 = ADVANCED_FACE('',(#13244),#13262,.T.);
#13244 = FACE_BOUND('',#13245,.F.);
#13245 = EDGE_LOOP('',(#13246,#13254,#13255,#13256));
#13246 = ORIENTED_EDGE('',*,*,#13247,.F.);
#13247 = EDGE_CURVE('',#10946,#13248,#13250,.T.);
#13248 = VERTEX_POINT('',#13249);
#13249 = CARTESIAN_POINT('',(-0.16,-17.62,8.54));
#13250 = LINE('',#13251,#13252);
#13251 = CARTESIAN_POINT('',(-0.16,-17.62,8.54));
#13252 = VECTOR('',#13253,1.);
#13253 = DIRECTION('',(0.57735026919,-0.57735026919,0.57735026919));
#13254 = ORIENTED_EDGE('',*,*,#10953,.T.);
#13255 = ORIENTED_EDGE('',*,*,#13225,.T.);
#13256 = ORIENTED_EDGE('',*,*,#13257,.F.);
#13257 = EDGE_CURVE('',#13248,#13226,#13258,.T.);
#13258 = LINE('',#13259,#13260);
#13259 = CARTESIAN_POINT('',(-0.32,-17.62,8.54));
#13260 = VECTOR('',#13261,1.);
#13261 = DIRECTION('',(1.,0.,0.));
#13262 = PLANE('',#13263);
#13263 = AXIS2_PLACEMENT_3D('',#13264,#13265,#13266);
#13264 = CARTESIAN_POINT('',(-0.32,-17.54,8.46));
#13265 = DIRECTION('',(1.735167508357E-18,0.707106781187,0.707106781187)
  );
#13266 = DIRECTION('',(-1.,1.226948711654E-18,1.226948711654E-18));
#13267 = ADVANCED_FACE('',(#13268),#13286,.F.);
#13268 = FACE_BOUND('',#13269,.F.);
#13269 = EDGE_LOOP('',(#13270,#13278,#13279,#13280));
#13270 = ORIENTED_EDGE('',*,*,#13271,.F.);
#13271 = EDGE_CURVE('',#10968,#13272,#13274,.T.);
#13272 = VERTEX_POINT('',#13273);
#13273 = CARTESIAN_POINT('',(-0.16,-17.94,8.54));
#13274 = LINE('',#13275,#13276);
#13275 = CARTESIAN_POINT('',(-0.266666666667,-18.04666666666,
    8.433333333333));
#13276 = VECTOR('',#13277,1.);
#13277 = DIRECTION('',(0.57735026919,0.57735026919,0.57735026919));
#13278 = ORIENTED_EDGE('',*,*,#10977,.T.);
#13279 = ORIENTED_EDGE('',*,*,#13247,.T.);
#13280 = ORIENTED_EDGE('',*,*,#13281,.F.);
#13281 = EDGE_CURVE('',#13272,#13248,#13282,.T.);
#13282 = LINE('',#13283,#13284);
#13283 = CARTESIAN_POINT('',(-0.16,-18.1,8.54));
#13284 = VECTOR('',#13285,1.);
#13285 = DIRECTION('',(0.,1.,0.));
#13286 = PLANE('',#13287);
#13287 = AXIS2_PLACEMENT_3D('',#13288,#13289,#13290);
#13288 = CARTESIAN_POINT('',(-0.24,-18.1,8.46));
#13289 = DIRECTION('',(0.707106781187,1.735167508357E-18,-0.707106781187
    ));
#13290 = DIRECTION('',(-1.226948711654E-18,1.,1.226948711654E-18));
#13291 = ADVANCED_FACE('',(#13292),#13303,.F.);
#13292 = FACE_BOUND('',#13293,.T.);
#13293 = EDGE_LOOP('',(#13294,#13295,#13296,#13297));
#13294 = ORIENTED_EDGE('',*,*,#13271,.F.);
#13295 = ORIENTED_EDGE('',*,*,#10994,.T.);
#13296 = ORIENTED_EDGE('',*,*,#13216,.T.);
#13297 = ORIENTED_EDGE('',*,*,#13298,.F.);
#13298 = EDGE_CURVE('',#13272,#13217,#13299,.T.);
#13299 = LINE('',#13300,#13301);
#13300 = CARTESIAN_POINT('',(-0.32,-17.94,8.54));
#13301 = VECTOR('',#13302,1.);
#13302 = DIRECTION('',(1.,0.,0.));
#13303 = PLANE('',#13304);
#13304 = AXIS2_PLACEMENT_3D('',#13305,#13306,#13307);
#13305 = CARTESIAN_POINT('',(-0.32,-18.02,8.46));
#13306 = DIRECTION('',(-1.735167508357E-18,0.707106781187,
    -0.707106781187));
#13307 = DIRECTION('',(-1.,-1.226948711654E-18,1.226948711654E-18));
#13308 = ADVANCED_FACE('',(#13309),#13334,.T.);
#13309 = FACE_BOUND('',#13310,.F.);
#13310 = EDGE_LOOP('',(#13311,#13319,#13320,#13328));
#13311 = ORIENTED_EDGE('',*,*,#13312,.F.);
#13312 = EDGE_CURVE('',#11018,#13313,#13315,.T.);
#13313 = VERTEX_POINT('',#13314);
#13314 = CARTESIAN_POINT('',(-0.16,-15.08,8.54));
#13315 = LINE('',#13316,#13317);
#13316 = CARTESIAN_POINT('',(-0.16,-15.08,8.54));
#13317 = VECTOR('',#13318,1.);
#13318 = DIRECTION('',(0.57735026919,-0.57735026919,0.57735026919));
#13319 = ORIENTED_EDGE('',*,*,#11025,.T.);
#13320 = ORIENTED_EDGE('',*,*,#13321,.T.);
#13321 = EDGE_CURVE('',#11009,#13322,#13324,.T.);
#13322 = VERTEX_POINT('',#13323);
#13323 = CARTESIAN_POINT('',(0.16,-15.08,8.54));
#13324 = LINE('',#13325,#13326);
#13325 = CARTESIAN_POINT('',(5.333333333333E-02,-15.18666666666,
    8.646666666667));
#13326 = VECTOR('',#13327,1.);
#13327 = DIRECTION('',(-0.57735026919,-0.57735026919,0.57735026919));
#13328 = ORIENTED_EDGE('',*,*,#13329,.F.);
#13329 = EDGE_CURVE('',#13313,#13322,#13330,.T.);
#13330 = LINE('',#13331,#13332);
#13331 = CARTESIAN_POINT('',(-0.32,-15.08,8.54));
#13332 = VECTOR('',#13333,1.);
#13333 = DIRECTION('',(1.,0.,0.));
#13334 = PLANE('',#13335);
#13335 = AXIS2_PLACEMENT_3D('',#13336,#13337,#13338);
#13336 = CARTESIAN_POINT('',(-0.32,-15.,8.46));
#13337 = DIRECTION('',(1.735167508357E-18,0.707106781187,0.707106781187)
  );
#13338 = DIRECTION('',(-1.,1.226948711654E-18,1.226948711654E-18));
#13339 = ADVANCED_FACE('',(#13340),#13358,.F.);
#13340 = FACE_BOUND('',#13341,.F.);
#13341 = EDGE_LOOP('',(#13342,#13350,#13351,#13352));
#13342 = ORIENTED_EDGE('',*,*,#13343,.F.);
#13343 = EDGE_CURVE('',#11040,#13344,#13346,.T.);
#13344 = VERTEX_POINT('',#13345);
#13345 = CARTESIAN_POINT('',(-0.16,-15.4,8.54));
#13346 = LINE('',#13347,#13348);
#13347 = CARTESIAN_POINT('',(-0.266666666667,-15.50666666666,
    8.433333333333));
#13348 = VECTOR('',#13349,1.);
#13349 = DIRECTION('',(0.57735026919,0.57735026919,0.57735026919));
#13350 = ORIENTED_EDGE('',*,*,#11049,.T.);
#13351 = ORIENTED_EDGE('',*,*,#13312,.T.);
#13352 = ORIENTED_EDGE('',*,*,#13353,.F.);
#13353 = EDGE_CURVE('',#13344,#13313,#13354,.T.);
#13354 = LINE('',#13355,#13356);
#13355 = CARTESIAN_POINT('',(-0.16,-15.56,8.54));
#13356 = VECTOR('',#13357,1.);
#13357 = DIRECTION('',(0.,1.,0.));
#13358 = PLANE('',#13359);
#13359 = AXIS2_PLACEMENT_3D('',#13360,#13361,#13362);
#13360 = CARTESIAN_POINT('',(-0.24,-15.56,8.46));
#13361 = DIRECTION('',(0.707106781187,1.735167508357E-18,-0.707106781187
    ));
#13362 = DIRECTION('',(-1.226948711654E-18,1.,1.226948711654E-18));
#13363 = ADVANCED_FACE('',(#13364),#13382,.F.);
#13364 = FACE_BOUND('',#13365,.T.);
#13365 = EDGE_LOOP('',(#13366,#13367,#13368,#13376));
#13366 = ORIENTED_EDGE('',*,*,#13343,.F.);
#13367 = ORIENTED_EDGE('',*,*,#11073,.T.);
#13368 = ORIENTED_EDGE('',*,*,#13369,.T.);
#13369 = EDGE_CURVE('',#11064,#13370,#13372,.T.);
#13370 = VERTEX_POINT('',#13371);
#13371 = CARTESIAN_POINT('',(0.16,-15.4,8.54));
#13372 = LINE('',#13373,#13374);
#13373 = CARTESIAN_POINT('',(0.16,-15.4,8.54));
#13374 = VECTOR('',#13375,1.);
#13375 = DIRECTION('',(-0.57735026919,0.57735026919,0.57735026919));
#13376 = ORIENTED_EDGE('',*,*,#13377,.F.);
#13377 = EDGE_CURVE('',#13344,#13370,#13378,.T.);
#13378 = LINE('',#13379,#13380);
#13379 = CARTESIAN_POINT('',(-0.32,-15.4,8.54));
#13380 = VECTOR('',#13381,1.);
#13381 = DIRECTION('',(1.,0.,0.));
#13382 = PLANE('',#13383);
#13383 = AXIS2_PLACEMENT_3D('',#13384,#13385,#13386);
#13384 = CARTESIAN_POINT('',(-0.32,-15.48,8.46));
#13385 = DIRECTION('',(-1.735167508357E-18,0.707106781187,
    -0.707106781187));
#13386 = DIRECTION('',(-1.,-1.226948711654E-18,1.226948711654E-18));
#13387 = ADVANCED_FACE('',(#13388),#13399,.T.);
#13388 = FACE_BOUND('',#13389,.T.);
#13389 = EDGE_LOOP('',(#13390,#13391,#13392,#13393));
#13390 = ORIENTED_EDGE('',*,*,#13369,.F.);
#13391 = ORIENTED_EDGE('',*,*,#11090,.T.);
#13392 = ORIENTED_EDGE('',*,*,#13321,.T.);
#13393 = ORIENTED_EDGE('',*,*,#13394,.F.);
#13394 = EDGE_CURVE('',#13370,#13322,#13395,.T.);
#13395 = LINE('',#13396,#13397);
#13396 = CARTESIAN_POINT('',(0.16,-15.56,8.54));
#13397 = VECTOR('',#13398,1.);
#13398 = DIRECTION('',(0.,1.,0.));
#13399 = PLANE('',#13400);
#13400 = AXIS2_PLACEMENT_3D('',#13401,#13402,#13403);
#13401 = CARTESIAN_POINT('',(0.24,-15.56,8.46));
#13402 = DIRECTION('',(0.707106781187,-1.735167508357E-18,0.707106781187
    ));
#13403 = DIRECTION('',(1.226948711654E-18,1.,1.226948711654E-18));
#13404 = ADVANCED_FACE('',(#13405),#13430,.T.);
#13405 = FACE_BOUND('',#13406,.T.);
#13406 = EDGE_LOOP('',(#13407,#13415,#13416,#13424));
#13407 = ORIENTED_EDGE('',*,*,#13408,.F.);
#13408 = EDGE_CURVE('',#11105,#13409,#13411,.T.);
#13409 = VERTEX_POINT('',#13410);
#13410 = CARTESIAN_POINT('',(0.16,-0.16,8.54));
#13411 = LINE('',#13412,#13413);
#13412 = CARTESIAN_POINT('',(0.16,-0.16,8.54));
#13413 = VECTOR('',#13414,1.);
#13414 = DIRECTION('',(-0.57735026919,0.57735026919,0.57735026919));
#13415 = ORIENTED_EDGE('',*,*,#11121,.T.);
#13416 = ORIENTED_EDGE('',*,*,#13417,.T.);
#13417 = EDGE_CURVE('',#11114,#13418,#13420,.T.);
#13418 = VERTEX_POINT('',#13419);
#13419 = CARTESIAN_POINT('',(0.16,0.16,8.54));
#13420 = LINE('',#13421,#13422);
#13421 = CARTESIAN_POINT('',(5.333333333333E-02,5.333333333333E-02,
    8.646666666667));
#13422 = VECTOR('',#13423,1.);
#13423 = DIRECTION('',(-0.57735026919,-0.57735026919,0.57735026919));
#13424 = ORIENTED_EDGE('',*,*,#13425,.F.);
#13425 = EDGE_CURVE('',#13409,#13418,#13426,.T.);
#13426 = LINE('',#13427,#13428);
#13427 = CARTESIAN_POINT('',(0.16,-0.32,8.54));
#13428 = VECTOR('',#13429,1.);
#13429 = DIRECTION('',(0.,1.,0.));
#13430 = PLANE('',#13431);
#13431 = AXIS2_PLACEMENT_3D('',#13432,#13433,#13434);
#13432 = CARTESIAN_POINT('',(0.24,-0.32,8.46));
#13433 = DIRECTION('',(0.707106781187,-1.735167508357E-18,0.707106781187
    ));
#13434 = DIRECTION('',(1.226948711654E-18,1.,1.226948711654E-18));
#13435 = ADVANCED_FACE('',(#13436),#13454,.T.);
#13436 = FACE_BOUND('',#13437,.F.);
#13437 = EDGE_LOOP('',(#13438,#13446,#13447,#13448));
#13438 = ORIENTED_EDGE('',*,*,#13439,.F.);
#13439 = EDGE_CURVE('',#11138,#13440,#13442,.T.);
#13440 = VERTEX_POINT('',#13441);
#13441 = CARTESIAN_POINT('',(-0.16,0.16,8.54));
#13442 = LINE('',#13443,#13444);
#13443 = CARTESIAN_POINT('',(-0.16,0.16,8.54));
#13444 = VECTOR('',#13445,1.);
#13445 = DIRECTION('',(0.57735026919,-0.57735026919,0.57735026919));
#13446 = ORIENTED_EDGE('',*,*,#11145,.T.);
#13447 = ORIENTED_EDGE('',*,*,#13417,.T.);
#13448 = ORIENTED_EDGE('',*,*,#13449,.F.);
#13449 = EDGE_CURVE('',#13440,#13418,#13450,.T.);
#13450 = LINE('',#13451,#13452);
#13451 = CARTESIAN_POINT('',(-0.32,0.16,8.54));
#13452 = VECTOR('',#13453,1.);
#13453 = DIRECTION('',(1.,0.,0.));
#13454 = PLANE('',#13455);
#13455 = AXIS2_PLACEMENT_3D('',#13456,#13457,#13458);
#13456 = CARTESIAN_POINT('',(-0.32,0.24,8.46));
#13457 = DIRECTION('',(1.735167508357E-18,0.707106781187,0.707106781187)
  );
#13458 = DIRECTION('',(-1.,1.226948711654E-18,1.226948711654E-18));
#13459 = ADVANCED_FACE('',(#13460),#13478,.F.);
#13460 = FACE_BOUND('',#13461,.F.);
#13461 = EDGE_LOOP('',(#13462,#13470,#13471,#13472));
#13462 = ORIENTED_EDGE('',*,*,#13463,.F.);
#13463 = EDGE_CURVE('',#11160,#13464,#13466,.T.);
#13464 = VERTEX_POINT('',#13465);
#13465 = CARTESIAN_POINT('',(-0.16,-0.16,8.54));
#13466 = LINE('',#13467,#13468);
#13467 = CARTESIAN_POINT('',(-0.266666666667,-0.266666666667,
    8.433333333333));
#13468 = VECTOR('',#13469,1.);
#13469 = DIRECTION('',(0.57735026919,0.57735026919,0.57735026919));
#13470 = ORIENTED_EDGE('',*,*,#11169,.T.);
#13471 = ORIENTED_EDGE('',*,*,#13439,.T.);
#13472 = ORIENTED_EDGE('',*,*,#13473,.F.);
#13473 = EDGE_CURVE('',#13464,#13440,#13474,.T.);
#13474 = LINE('',#13475,#13476);
#13475 = CARTESIAN_POINT('',(-0.16,-0.32,8.54));
#13476 = VECTOR('',#13477,1.);
#13477 = DIRECTION('',(0.,1.,0.));
#13478 = PLANE('',#13479);
#13479 = AXIS2_PLACEMENT_3D('',#13480,#13481,#13482);
#13480 = CARTESIAN_POINT('',(-0.24,-0.32,8.46));
#13481 = DIRECTION('',(0.707106781187,1.735167508357E-18,-0.707106781187
    ));
#13482 = DIRECTION('',(-1.226948711654E-18,1.,1.226948711654E-18));
#13483 = ADVANCED_FACE('',(#13484),#13495,.F.);
#13484 = FACE_BOUND('',#13485,.T.);
#13485 = EDGE_LOOP('',(#13486,#13487,#13488,#13489));
#13486 = ORIENTED_EDGE('',*,*,#13463,.F.);
#13487 = ORIENTED_EDGE('',*,*,#11186,.T.);
#13488 = ORIENTED_EDGE('',*,*,#13408,.T.);
#13489 = ORIENTED_EDGE('',*,*,#13490,.F.);
#13490 = EDGE_CURVE('',#13464,#13409,#13491,.T.);
#13491 = LINE('',#13492,#13493);
#13492 = CARTESIAN_POINT('',(-0.32,-0.16,8.54));
#13493 = VECTOR('',#13494,1.);
#13494 = DIRECTION('',(1.,0.,0.));
#13495 = PLANE('',#13496);
#13496 = AXIS2_PLACEMENT_3D('',#13497,#13498,#13499);
#13497 = CARTESIAN_POINT('',(-0.32,-0.24,8.46));
#13498 = DIRECTION('',(-1.735167508357E-18,0.707106781187,
    -0.707106781187));
#13499 = DIRECTION('',(-1.,-1.226948711654E-18,1.226948711654E-18));
#13500 = ADVANCED_FACE('',(#13501),#13526,.T.);
#13501 = FACE_BOUND('',#13502,.T.);
#13502 = EDGE_LOOP('',(#13503,#13511,#13512,#13520));
#13503 = ORIENTED_EDGE('',*,*,#13504,.F.);
#13504 = EDGE_CURVE('',#11201,#13505,#13507,.T.);
#13505 = VERTEX_POINT('',#13506);
#13506 = CARTESIAN_POINT('',(0.16,-2.7,8.54));
#13507 = LINE('',#13508,#13509);
#13508 = CARTESIAN_POINT('',(0.16,-2.7,8.54));
#13509 = VECTOR('',#13510,1.);
#13510 = DIRECTION('',(-0.57735026919,0.57735026919,0.57735026919));
#13511 = ORIENTED_EDGE('',*,*,#11217,.T.);
#13512 = ORIENTED_EDGE('',*,*,#13513,.T.);
#13513 = EDGE_CURVE('',#11210,#13514,#13516,.T.);
#13514 = VERTEX_POINT('',#13515);
#13515 = CARTESIAN_POINT('',(0.16,-2.38,8.54));
#13516 = LINE('',#13517,#13518);
#13517 = CARTESIAN_POINT('',(5.333333333333E-02,-2.486666666667,
    8.646666666667));
#13518 = VECTOR('',#13519,1.);
#13519 = DIRECTION('',(-0.57735026919,-0.57735026919,0.57735026919));
#13520 = ORIENTED_EDGE('',*,*,#13521,.F.);
#13521 = EDGE_CURVE('',#13505,#13514,#13522,.T.);
#13522 = LINE('',#13523,#13524);
#13523 = CARTESIAN_POINT('',(0.16,-2.86,8.54));
#13524 = VECTOR('',#13525,1.);
#13525 = DIRECTION('',(0.,1.,0.));
#13526 = PLANE('',#13527);
#13527 = AXIS2_PLACEMENT_3D('',#13528,#13529,#13530);
#13528 = CARTESIAN_POINT('',(0.24,-2.86,8.46));
#13529 = DIRECTION('',(0.707106781187,-1.735167508357E-18,0.707106781187
    ));
#13530 = DIRECTION('',(1.226948711654E-18,1.,1.226948711654E-18));
#13531 = ADVANCED_FACE('',(#13532),#13550,.T.);
#13532 = FACE_BOUND('',#13533,.F.);
#13533 = EDGE_LOOP('',(#13534,#13542,#13543,#13544));
#13534 = ORIENTED_EDGE('',*,*,#13535,.F.);
#13535 = EDGE_CURVE('',#11234,#13536,#13538,.T.);
#13536 = VERTEX_POINT('',#13537);
#13537 = CARTESIAN_POINT('',(-0.16,-2.38,8.54));
#13538 = LINE('',#13539,#13540);
#13539 = CARTESIAN_POINT('',(-0.16,-2.38,8.54));
#13540 = VECTOR('',#13541,1.);
#13541 = DIRECTION('',(0.57735026919,-0.57735026919,0.57735026919));
#13542 = ORIENTED_EDGE('',*,*,#11241,.T.);
#13543 = ORIENTED_EDGE('',*,*,#13513,.T.);
#13544 = ORIENTED_EDGE('',*,*,#13545,.F.);
#13545 = EDGE_CURVE('',#13536,#13514,#13546,.T.);
#13546 = LINE('',#13547,#13548);
#13547 = CARTESIAN_POINT('',(-0.32,-2.38,8.54));
#13548 = VECTOR('',#13549,1.);
#13549 = DIRECTION('',(1.,0.,0.));
#13550 = PLANE('',#13551);
#13551 = AXIS2_PLACEMENT_3D('',#13552,#13553,#13554);
#13552 = CARTESIAN_POINT('',(-0.32,-2.3,8.46));
#13553 = DIRECTION('',(1.735167508357E-18,0.707106781187,0.707106781187)
  );
#13554 = DIRECTION('',(-1.,1.226948711654E-18,1.226948711654E-18));
#13555 = ADVANCED_FACE('',(#13556),#13574,.F.);
#13556 = FACE_BOUND('',#13557,.F.);
#13557 = EDGE_LOOP('',(#13558,#13566,#13567,#13568));
#13558 = ORIENTED_EDGE('',*,*,#13559,.F.);
#13559 = EDGE_CURVE('',#11256,#13560,#13562,.T.);
#13560 = VERTEX_POINT('',#13561);
#13561 = CARTESIAN_POINT('',(-0.16,-2.7,8.54));
#13562 = LINE('',#13563,#13564);
#13563 = CARTESIAN_POINT('',(-0.266666666667,-2.806666666667,
    8.433333333333));
#13564 = VECTOR('',#13565,1.);
#13565 = DIRECTION('',(0.57735026919,0.57735026919,0.57735026919));
#13566 = ORIENTED_EDGE('',*,*,#11265,.T.);
#13567 = ORIENTED_EDGE('',*,*,#13535,.T.);
#13568 = ORIENTED_EDGE('',*,*,#13569,.F.);
#13569 = EDGE_CURVE('',#13560,#13536,#13570,.T.);
#13570 = LINE('',#13571,#13572);
#13571 = CARTESIAN_POINT('',(-0.16,-2.86,8.54));
#13572 = VECTOR('',#13573,1.);
#13573 = DIRECTION('',(0.,1.,0.));
#13574 = PLANE('',#13575);
#13575 = AXIS2_PLACEMENT_3D('',#13576,#13577,#13578);
#13576 = CARTESIAN_POINT('',(-0.24,-2.86,8.46));
#13577 = DIRECTION('',(0.707106781187,1.735167508357E-18,-0.707106781187
    ));
#13578 = DIRECTION('',(-1.226948711654E-18,1.,1.226948711654E-18));
#13579 = ADVANCED_FACE('',(#13580),#13591,.F.);
#13580 = FACE_BOUND('',#13581,.T.);
#13581 = EDGE_LOOP('',(#13582,#13583,#13584,#13585));
#13582 = ORIENTED_EDGE('',*,*,#13559,.F.);
#13583 = ORIENTED_EDGE('',*,*,#11282,.T.);
#13584 = ORIENTED_EDGE('',*,*,#13504,.T.);
#13585 = ORIENTED_EDGE('',*,*,#13586,.F.);
#13586 = EDGE_CURVE('',#13560,#13505,#13587,.T.);
#13587 = LINE('',#13588,#13589);
#13588 = CARTESIAN_POINT('',(-0.32,-2.7,8.54));
#13589 = VECTOR('',#13590,1.);
#13590 = DIRECTION('',(1.,0.,0.));
#13591 = PLANE('',#13592);
#13592 = AXIS2_PLACEMENT_3D('',#13593,#13594,#13595);
#13593 = CARTESIAN_POINT('',(-0.32,-2.78,8.46));
#13594 = DIRECTION('',(-1.735167508357E-18,0.707106781187,
    -0.707106781187));
#13595 = DIRECTION('',(-1.,-1.226948711654E-18,1.226948711654E-18));
#13596 = ADVANCED_FACE('',(#13597),#13622,.T.);
#13597 = FACE_BOUND('',#13598,.F.);
#13598 = EDGE_LOOP('',(#13599,#13607,#13608,#13616));
#13599 = ORIENTED_EDGE('',*,*,#13600,.F.);
#13600 = EDGE_CURVE('',#11306,#13601,#13603,.T.);
#13601 = VERTEX_POINT('',#13602);
#13602 = CARTESIAN_POINT('',(-0.16,-27.78,8.54));
#13603 = LINE('',#13604,#13605);
#13604 = CARTESIAN_POINT('',(-0.16,-27.78,8.54));
#13605 = VECTOR('',#13606,1.);
#13606 = DIRECTION('',(0.57735026919,-0.57735026919,0.57735026919));
#13607 = ORIENTED_EDGE('',*,*,#11313,.T.);
#13608 = ORIENTED_EDGE('',*,*,#13609,.T.);
#13609 = EDGE_CURVE('',#11297,#13610,#13612,.T.);
#13610 = VERTEX_POINT('',#13611);
#13611 = CARTESIAN_POINT('',(0.16,-27.78,8.54));
#13612 = LINE('',#13613,#13614);
#13613 = CARTESIAN_POINT('',(5.333333333333E-02,-27.88666666666,
    8.646666666667));
#13614 = VECTOR('',#13615,1.);
#13615 = DIRECTION('',(-0.57735026919,-0.57735026919,0.57735026919));
#13616 = ORIENTED_EDGE('',*,*,#13617,.F.);
#13617 = EDGE_CURVE('',#13601,#13610,#13618,.T.);
#13618 = LINE('',#13619,#13620);
#13619 = CARTESIAN_POINT('',(-0.32,-27.78,8.54));
#13620 = VECTOR('',#13621,1.);
#13621 = DIRECTION('',(1.,0.,0.));
#13622 = PLANE('',#13623);
#13623 = AXIS2_PLACEMENT_3D('',#13624,#13625,#13626);
#13624 = CARTESIAN_POINT('',(-0.32,-27.7,8.46));
#13625 = DIRECTION('',(1.735167508357E-18,0.707106781187,0.707106781187)
  );
#13626 = DIRECTION('',(-1.,1.226948711654E-18,1.226948711654E-18));
#13627 = ADVANCED_FACE('',(#13628),#13646,.F.);
#13628 = FACE_BOUND('',#13629,.F.);
#13629 = EDGE_LOOP('',(#13630,#13638,#13639,#13640));
#13630 = ORIENTED_EDGE('',*,*,#13631,.F.);
#13631 = EDGE_CURVE('',#11328,#13632,#13634,.T.);
#13632 = VERTEX_POINT('',#13633);
#13633 = CARTESIAN_POINT('',(-0.16,-28.1,8.54));
#13634 = LINE('',#13635,#13636);
#13635 = CARTESIAN_POINT('',(-0.266666666667,-28.20666666666,
    8.433333333333));
#13636 = VECTOR('',#13637,1.);
#13637 = DIRECTION('',(0.57735026919,0.57735026919,0.57735026919));
#13638 = ORIENTED_EDGE('',*,*,#11337,.T.);
#13639 = ORIENTED_EDGE('',*,*,#13600,.T.);
#13640 = ORIENTED_EDGE('',*,*,#13641,.F.);
#13641 = EDGE_CURVE('',#13632,#13601,#13642,.T.);
#13642 = LINE('',#13643,#13644);
#13643 = CARTESIAN_POINT('',(-0.16,-28.26,8.54));
#13644 = VECTOR('',#13645,1.);
#13645 = DIRECTION('',(0.,1.,0.));
#13646 = PLANE('',#13647);
#13647 = AXIS2_PLACEMENT_3D('',#13648,#13649,#13650);
#13648 = CARTESIAN_POINT('',(-0.24,-28.26,8.46));
#13649 = DIRECTION('',(0.707106781187,1.735167508357E-18,-0.707106781187
    ));
#13650 = DIRECTION('',(-1.226948711654E-18,1.,1.226948711654E-18));
#13651 = ADVANCED_FACE('',(#13652),#13670,.F.);
#13652 = FACE_BOUND('',#13653,.T.);
#13653 = EDGE_LOOP('',(#13654,#13655,#13656,#13664));
#13654 = ORIENTED_EDGE('',*,*,#13631,.F.);
#13655 = ORIENTED_EDGE('',*,*,#11361,.T.);
#13656 = ORIENTED_EDGE('',*,*,#13657,.T.);
#13657 = EDGE_CURVE('',#11352,#13658,#13660,.T.);
#13658 = VERTEX_POINT('',#13659);
#13659 = CARTESIAN_POINT('',(0.16,-28.1,8.54));
#13660 = LINE('',#13661,#13662);
#13661 = CARTESIAN_POINT('',(0.16,-28.1,8.54));
#13662 = VECTOR('',#13663,1.);
#13663 = DIRECTION('',(-0.57735026919,0.57735026919,0.57735026919));
#13664 = ORIENTED_EDGE('',*,*,#13665,.F.);
#13665 = EDGE_CURVE('',#13632,#13658,#13666,.T.);
#13666 = LINE('',#13667,#13668);
#13667 = CARTESIAN_POINT('',(-0.32,-28.1,8.54));
#13668 = VECTOR('',#13669,1.);
#13669 = DIRECTION('',(1.,0.,0.));
#13670 = PLANE('',#13671);
#13671 = AXIS2_PLACEMENT_3D('',#13672,#13673,#13674);
#13672 = CARTESIAN_POINT('',(-0.32,-28.18,8.46));
#13673 = DIRECTION('',(-1.735167508357E-18,0.707106781187,
    -0.707106781187));
#13674 = DIRECTION('',(-1.,-1.226948711654E-18,1.226948711654E-18));
#13675 = ADVANCED_FACE('',(#13676),#13687,.T.);
#13676 = FACE_BOUND('',#13677,.T.);
#13677 = EDGE_LOOP('',(#13678,#13679,#13680,#13681));
#13678 = ORIENTED_EDGE('',*,*,#13657,.F.);
#13679 = ORIENTED_EDGE('',*,*,#11378,.T.);
#13680 = ORIENTED_EDGE('',*,*,#13609,.T.);
#13681 = ORIENTED_EDGE('',*,*,#13682,.F.);
#13682 = EDGE_CURVE('',#13658,#13610,#13683,.T.);
#13683 = LINE('',#13684,#13685);
#13684 = CARTESIAN_POINT('',(0.16,-28.26,8.54));
#13685 = VECTOR('',#13686,1.);
#13686 = DIRECTION('',(0.,1.,0.));
#13687 = PLANE('',#13688);
#13688 = AXIS2_PLACEMENT_3D('',#13689,#13690,#13691);
#13689 = CARTESIAN_POINT('',(0.24,-28.26,8.46));
#13690 = DIRECTION('',(0.707106781187,-1.735167508357E-18,0.707106781187
    ));
#13691 = DIRECTION('',(1.226948711654E-18,1.,1.226948711654E-18));
#13692 = ADVANCED_FACE('',(#13693),#13718,.T.);
#13693 = FACE_BOUND('',#13694,.T.);
#13694 = EDGE_LOOP('',(#13695,#13703,#13704,#13712));
#13695 = ORIENTED_EDGE('',*,*,#13696,.F.);
#13696 = EDGE_CURVE('',#11393,#13697,#13699,.T.);
#13697 = VERTEX_POINT('',#13698);
#13698 = CARTESIAN_POINT('',(0.16,-23.02,8.54));
#13699 = LINE('',#13700,#13701);
#13700 = CARTESIAN_POINT('',(0.16,-23.02,8.54));
#13701 = VECTOR('',#13702,1.);
#13702 = DIRECTION('',(-0.57735026919,0.57735026919,0.57735026919));
#13703 = ORIENTED_EDGE('',*,*,#11409,.T.);
#13704 = ORIENTED_EDGE('',*,*,#13705,.T.);
#13705 = EDGE_CURVE('',#11402,#13706,#13708,.T.);
#13706 = VERTEX_POINT('',#13707);
#13707 = CARTESIAN_POINT('',(0.16,-22.7,8.54));
#13708 = LINE('',#13709,#13710);
#13709 = CARTESIAN_POINT('',(5.333333333333E-02,-22.80666666666,
    8.646666666667));
#13710 = VECTOR('',#13711,1.);
#13711 = DIRECTION('',(-0.57735026919,-0.57735026919,0.57735026919));
#13712 = ORIENTED_EDGE('',*,*,#13713,.F.);
#13713 = EDGE_CURVE('',#13697,#13706,#13714,.T.);
#13714 = LINE('',#13715,#13716);
#13715 = CARTESIAN_POINT('',(0.16,-23.18,8.54));
#13716 = VECTOR('',#13717,1.);
#13717 = DIRECTION('',(0.,1.,0.));
#13718 = PLANE('',#13719);
#13719 = AXIS2_PLACEMENT_3D('',#13720,#13721,#13722);
#13720 = CARTESIAN_POINT('',(0.24,-23.18,8.46));
#13721 = DIRECTION('',(0.707106781187,-1.735167508357E-18,0.707106781187
    ));
#13722 = DIRECTION('',(1.226948711654E-18,1.,1.226948711654E-18));
#13723 = ADVANCED_FACE('',(#13724),#13742,.T.);
#13724 = FACE_BOUND('',#13725,.F.);
#13725 = EDGE_LOOP('',(#13726,#13734,#13735,#13736));
#13726 = ORIENTED_EDGE('',*,*,#13727,.F.);
#13727 = EDGE_CURVE('',#11426,#13728,#13730,.T.);
#13728 = VERTEX_POINT('',#13729);
#13729 = CARTESIAN_POINT('',(-0.16,-22.7,8.54));
#13730 = LINE('',#13731,#13732);
#13731 = CARTESIAN_POINT('',(-0.16,-22.7,8.54));
#13732 = VECTOR('',#13733,1.);
#13733 = DIRECTION('',(0.57735026919,-0.57735026919,0.57735026919));
#13734 = ORIENTED_EDGE('',*,*,#11433,.T.);
#13735 = ORIENTED_EDGE('',*,*,#13705,.T.);
#13736 = ORIENTED_EDGE('',*,*,#13737,.F.);
#13737 = EDGE_CURVE('',#13728,#13706,#13738,.T.);
#13738 = LINE('',#13739,#13740);
#13739 = CARTESIAN_POINT('',(-0.32,-22.7,8.54));
#13740 = VECTOR('',#13741,1.);
#13741 = DIRECTION('',(1.,0.,0.));
#13742 = PLANE('',#13743);
#13743 = AXIS2_PLACEMENT_3D('',#13744,#13745,#13746);
#13744 = CARTESIAN_POINT('',(-0.32,-22.62,8.46));
#13745 = DIRECTION('',(1.735167508357E-18,0.707106781187,0.707106781187)
  );
#13746 = DIRECTION('',(-1.,1.226948711654E-18,1.226948711654E-18));
#13747 = ADVANCED_FACE('',(#13748),#13766,.F.);
#13748 = FACE_BOUND('',#13749,.F.);
#13749 = EDGE_LOOP('',(#13750,#13758,#13759,#13760));
#13750 = ORIENTED_EDGE('',*,*,#13751,.F.);
#13751 = EDGE_CURVE('',#11448,#13752,#13754,.T.);
#13752 = VERTEX_POINT('',#13753);
#13753 = CARTESIAN_POINT('',(-0.16,-23.02,8.54));
#13754 = LINE('',#13755,#13756);
#13755 = CARTESIAN_POINT('',(-0.266666666667,-23.12666666666,
    8.433333333333));
#13756 = VECTOR('',#13757,1.);
#13757 = DIRECTION('',(0.57735026919,0.57735026919,0.57735026919));
#13758 = ORIENTED_EDGE('',*,*,#11457,.T.);
#13759 = ORIENTED_EDGE('',*,*,#13727,.T.);
#13760 = ORIENTED_EDGE('',*,*,#13761,.F.);
#13761 = EDGE_CURVE('',#13752,#13728,#13762,.T.);
#13762 = LINE('',#13763,#13764);
#13763 = CARTESIAN_POINT('',(-0.16,-23.18,8.54));
#13764 = VECTOR('',#13765,1.);
#13765 = DIRECTION('',(0.,1.,0.));
#13766 = PLANE('',#13767);
#13767 = AXIS2_PLACEMENT_3D('',#13768,#13769,#13770);
#13768 = CARTESIAN_POINT('',(-0.24,-23.18,8.46));
#13769 = DIRECTION('',(0.707106781187,1.735167508357E-18,-0.707106781187
    ));
#13770 = DIRECTION('',(-1.226948711654E-18,1.,1.226948711654E-18));
#13771 = ADVANCED_FACE('',(#13772),#13783,.F.);
#13772 = FACE_BOUND('',#13773,.T.);
#13773 = EDGE_LOOP('',(#13774,#13775,#13776,#13777));
#13774 = ORIENTED_EDGE('',*,*,#13751,.F.);
#13775 = ORIENTED_EDGE('',*,*,#11474,.T.);
#13776 = ORIENTED_EDGE('',*,*,#13696,.T.);
#13777 = ORIENTED_EDGE('',*,*,#13778,.F.);
#13778 = EDGE_CURVE('',#13752,#13697,#13779,.T.);
#13779 = LINE('',#13780,#13781);
#13780 = CARTESIAN_POINT('',(-0.32,-23.02,8.54));
#13781 = VECTOR('',#13782,1.);
#13782 = DIRECTION('',(1.,0.,0.));
#13783 = PLANE('',#13784);
#13784 = AXIS2_PLACEMENT_3D('',#13785,#13786,#13787);
#13785 = CARTESIAN_POINT('',(-0.32,-23.1,8.46));
#13786 = DIRECTION('',(-1.735167508357E-18,0.707106781187,
    -0.707106781187));
#13787 = DIRECTION('',(-1.,-1.226948711654E-18,1.226948711654E-18));
#13788 = ADVANCED_FACE('',(#13789),#13814,.T.);
#13789 = FACE_BOUND('',#13790,.T.);
#13790 = EDGE_LOOP('',(#13791,#13799,#13800,#13808));
#13791 = ORIENTED_EDGE('',*,*,#13792,.F.);
#13792 = EDGE_CURVE('',#11489,#13793,#13795,.T.);
#13793 = VERTEX_POINT('',#13794);
#13794 = CARTESIAN_POINT('',(0.16,-25.56,8.54));
#13795 = LINE('',#13796,#13797);
#13796 = CARTESIAN_POINT('',(0.16,-25.56,8.54));
#13797 = VECTOR('',#13798,1.);
#13798 = DIRECTION('',(-0.57735026919,0.57735026919,0.57735026919));
#13799 = ORIENTED_EDGE('',*,*,#11505,.T.);
#13800 = ORIENTED_EDGE('',*,*,#13801,.T.);
#13801 = EDGE_CURVE('',#11498,#13802,#13804,.T.);
#13802 = VERTEX_POINT('',#13803);
#13803 = CARTESIAN_POINT('',(0.16,-25.24,8.54));
#13804 = LINE('',#13805,#13806);
#13805 = CARTESIAN_POINT('',(5.333333333333E-02,-25.34666666666,
    8.646666666667));
#13806 = VECTOR('',#13807,1.);
#13807 = DIRECTION('',(-0.57735026919,-0.57735026919,0.57735026919));
#13808 = ORIENTED_EDGE('',*,*,#13809,.F.);
#13809 = EDGE_CURVE('',#13793,#13802,#13810,.T.);
#13810 = LINE('',#13811,#13812);
#13811 = CARTESIAN_POINT('',(0.16,-25.72,8.54));
#13812 = VECTOR('',#13813,1.);
#13813 = DIRECTION('',(0.,1.,0.));
#13814 = PLANE('',#13815);
#13815 = AXIS2_PLACEMENT_3D('',#13816,#13817,#13818);
#13816 = CARTESIAN_POINT('',(0.24,-25.72,8.46));
#13817 = DIRECTION('',(0.707106781187,-1.735167508357E-18,0.707106781187
    ));
#13818 = DIRECTION('',(1.226948711654E-18,1.,1.226948711654E-18));
#13819 = ADVANCED_FACE('',(#13820),#13838,.T.);
#13820 = FACE_BOUND('',#13821,.F.);
#13821 = EDGE_LOOP('',(#13822,#13830,#13831,#13832));
#13822 = ORIENTED_EDGE('',*,*,#13823,.F.);
#13823 = EDGE_CURVE('',#11522,#13824,#13826,.T.);
#13824 = VERTEX_POINT('',#13825);
#13825 = CARTESIAN_POINT('',(-0.16,-25.24,8.54));
#13826 = LINE('',#13827,#13828);
#13827 = CARTESIAN_POINT('',(-0.16,-25.24,8.54));
#13828 = VECTOR('',#13829,1.);
#13829 = DIRECTION('',(0.57735026919,-0.57735026919,0.57735026919));
#13830 = ORIENTED_EDGE('',*,*,#11529,.T.);
#13831 = ORIENTED_EDGE('',*,*,#13801,.T.);
#13832 = ORIENTED_EDGE('',*,*,#13833,.F.);
#13833 = EDGE_CURVE('',#13824,#13802,#13834,.T.);
#13834 = LINE('',#13835,#13836);
#13835 = CARTESIAN_POINT('',(-0.32,-25.24,8.54));
#13836 = VECTOR('',#13837,1.);
#13837 = DIRECTION('',(1.,0.,0.));
#13838 = PLANE('',#13839);
#13839 = AXIS2_PLACEMENT_3D('',#13840,#13841,#13842);
#13840 = CARTESIAN_POINT('',(-0.32,-25.16,8.46));
#13841 = DIRECTION('',(1.735167508357E-18,0.707106781187,0.707106781187)
  );
#13842 = DIRECTION('',(-1.,1.226948711654E-18,1.226948711654E-18));
#13843 = ADVANCED_FACE('',(#13844),#13862,.F.);
#13844 = FACE_BOUND('',#13845,.F.);
#13845 = EDGE_LOOP('',(#13846,#13854,#13855,#13856));
#13846 = ORIENTED_EDGE('',*,*,#13847,.F.);
#13847 = EDGE_CURVE('',#11544,#13848,#13850,.T.);
#13848 = VERTEX_POINT('',#13849);
#13849 = CARTESIAN_POINT('',(-0.16,-25.56,8.54));
#13850 = LINE('',#13851,#13852);
#13851 = CARTESIAN_POINT('',(-0.266666666667,-25.66666666666,
    8.433333333333));
#13852 = VECTOR('',#13853,1.);
#13853 = DIRECTION('',(0.57735026919,0.57735026919,0.57735026919));
#13854 = ORIENTED_EDGE('',*,*,#11553,.T.);
#13855 = ORIENTED_EDGE('',*,*,#13823,.T.);
#13856 = ORIENTED_EDGE('',*,*,#13857,.F.);
#13857 = EDGE_CURVE('',#13848,#13824,#13858,.T.);
#13858 = LINE('',#13859,#13860);
#13859 = CARTESIAN_POINT('',(-0.16,-25.72,8.54));
#13860 = VECTOR('',#13861,1.);
#13861 = DIRECTION('',(0.,1.,0.));
#13862 = PLANE('',#13863);
#13863 = AXIS2_PLACEMENT_3D('',#13864,#13865,#13866);
#13864 = CARTESIAN_POINT('',(-0.24,-25.72,8.46));
#13865 = DIRECTION('',(0.707106781187,1.735167508357E-18,-0.707106781187
    ));
#13866 = DIRECTION('',(-1.226948711654E-18,1.,1.226948711654E-18));
#13867 = ADVANCED_FACE('',(#13868),#13879,.F.);
#13868 = FACE_BOUND('',#13869,.T.);
#13869 = EDGE_LOOP('',(#13870,#13871,#13872,#13873));
#13870 = ORIENTED_EDGE('',*,*,#13847,.F.);
#13871 = ORIENTED_EDGE('',*,*,#11570,.T.);
#13872 = ORIENTED_EDGE('',*,*,#13792,.T.);
#13873 = ORIENTED_EDGE('',*,*,#13874,.F.);
#13874 = EDGE_CURVE('',#13848,#13793,#13875,.T.);
#13875 = LINE('',#13876,#13877);
#13876 = CARTESIAN_POINT('',(-0.32,-25.56,8.54));
#13877 = VECTOR('',#13878,1.);
#13878 = DIRECTION('',(1.,0.,0.));
#13879 = PLANE('',#13880);
#13880 = AXIS2_PLACEMENT_3D('',#13881,#13882,#13883);
#13881 = CARTESIAN_POINT('',(-0.32,-25.64,8.46));
#13882 = DIRECTION('',(-1.735167508357E-18,0.707106781187,
    -0.707106781187));
#13883 = DIRECTION('',(-1.,-1.226948711654E-18,1.226948711654E-18));
#13884 = ADVANCED_FACE('',(#13885),#13891,.F.);
#13885 = FACE_BOUND('',#13886,.F.);
#13886 = EDGE_LOOP('',(#13887,#13888,#13889,#13890));
#13887 = ORIENTED_EDGE('',*,*,#11649,.F.);
#13888 = ORIENTED_EDGE('',*,*,#11666,.T.);
#13889 = ORIENTED_EDGE('',*,*,#11601,.T.);
#13890 = ORIENTED_EDGE('',*,*,#11625,.F.);
#13891 = PLANE('',#13892);
#13892 = AXIS2_PLACEMENT_3D('',#13893,#13894,#13895);
#13893 = CARTESIAN_POINT('',(-0.32,-5.4,-3.));
#13894 = DIRECTION('',(0.,0.,1.));
#13895 = DIRECTION('',(1.,0.,-0.));
#13896 = ADVANCED_FACE('',(#13897),#13903,.F.);
#13897 = FACE_BOUND('',#13898,.F.);
#13898 = EDGE_LOOP('',(#13899,#13900,#13901,#13902));
#13899 = ORIENTED_EDGE('',*,*,#11762,.F.);
#13900 = ORIENTED_EDGE('',*,*,#11697,.T.);
#13901 = ORIENTED_EDGE('',*,*,#11721,.T.);
#13902 = ORIENTED_EDGE('',*,*,#11745,.F.);
#13903 = PLANE('',#13904);
#13904 = AXIS2_PLACEMENT_3D('',#13905,#13906,#13907);
#13905 = CARTESIAN_POINT('',(-0.32,-7.94,-3.));
#13906 = DIRECTION('',(0.,0.,1.));
#13907 = DIRECTION('',(1.,0.,-0.));
#13908 = ADVANCED_FACE('',(#13909),#13915,.F.);
#13909 = FACE_BOUND('',#13910,.F.);
#13910 = EDGE_LOOP('',(#13911,#13912,#13913,#13914));
#13911 = ORIENTED_EDGE('',*,*,#11858,.F.);
#13912 = ORIENTED_EDGE('',*,*,#11793,.T.);
#13913 = ORIENTED_EDGE('',*,*,#11817,.T.);
#13914 = ORIENTED_EDGE('',*,*,#11841,.F.);
#13915 = PLANE('',#13916);
#13916 = AXIS2_PLACEMENT_3D('',#13917,#13918,#13919);
#13917 = CARTESIAN_POINT('',(-0.32,-13.02,-3.));
#13918 = DIRECTION('',(0.,0.,1.));
#13919 = DIRECTION('',(1.,0.,-0.));
#13920 = ADVANCED_FACE('',(#13921),#13927,.F.);
#13921 = FACE_BOUND('',#13922,.F.);
#13922 = EDGE_LOOP('',(#13923,#13924,#13925,#13926));
#13923 = ORIENTED_EDGE('',*,*,#11937,.F.);
#13924 = ORIENTED_EDGE('',*,*,#11954,.T.);
#13925 = ORIENTED_EDGE('',*,*,#11889,.T.);
#13926 = ORIENTED_EDGE('',*,*,#11913,.F.);
#13927 = PLANE('',#13928);
#13928 = AXIS2_PLACEMENT_3D('',#13929,#13930,#13931);
#13929 = CARTESIAN_POINT('',(-0.32,-10.48,-3.));
#13930 = DIRECTION('',(0.,0.,1.));
#13931 = DIRECTION('',(1.,0.,-0.));
#13932 = ADVANCED_FACE('',(#13933),#13939,.F.);
#13933 = FACE_BOUND('',#13934,.F.);
#13934 = EDGE_LOOP('',(#13935,#13936,#13937,#13938));
#13935 = ORIENTED_EDGE('',*,*,#12009,.F.);
#13936 = ORIENTED_EDGE('',*,*,#12033,.T.);
#13937 = ORIENTED_EDGE('',*,*,#12050,.T.);
#13938 = ORIENTED_EDGE('',*,*,#11985,.F.);
#13939 = PLANE('',#13940);
#13940 = AXIS2_PLACEMENT_3D('',#13941,#13942,#13943);
#13941 = CARTESIAN_POINT('',(-0.32,-20.64,-3.));
#13942 = DIRECTION('',(0.,0.,1.));
#13943 = DIRECTION('',(1.,0.,-0.));
#13944 = ADVANCED_FACE('',(#13945),#13951,.F.);
#13945 = FACE_BOUND('',#13946,.F.);
#13946 = EDGE_LOOP('',(#13947,#13948,#13949,#13950));
#13947 = ORIENTED_EDGE('',*,*,#12129,.F.);
#13948 = ORIENTED_EDGE('',*,*,#12146,.T.);
#13949 = ORIENTED_EDGE('',*,*,#12081,.T.);
#13950 = ORIENTED_EDGE('',*,*,#12105,.F.);
#13951 = PLANE('',#13952);
#13952 = AXIS2_PLACEMENT_3D('',#13953,#13954,#13955);
#13953 = CARTESIAN_POINT('',(-0.32,-18.1,-3.));
#13954 = DIRECTION('',(0.,0.,1.));
#13955 = DIRECTION('',(1.,0.,-0.));
#13956 = ADVANCED_FACE('',(#13957),#13963,.F.);
#13957 = FACE_BOUND('',#13958,.F.);
#13958 = EDGE_LOOP('',(#13959,#13960,#13961,#13962));
#13959 = ORIENTED_EDGE('',*,*,#12201,.F.);
#13960 = ORIENTED_EDGE('',*,*,#12225,.T.);
#13961 = ORIENTED_EDGE('',*,*,#12242,.T.);
#13962 = ORIENTED_EDGE('',*,*,#12177,.F.);
#13963 = PLANE('',#13964);
#13964 = AXIS2_PLACEMENT_3D('',#13965,#13966,#13967);
#13965 = CARTESIAN_POINT('',(-0.32,-15.56,-3.));
#13966 = DIRECTION('',(0.,0.,1.));
#13967 = DIRECTION('',(1.,0.,-0.));
#13968 = ADVANCED_FACE('',(#13969),#13975,.F.);
#13969 = FACE_BOUND('',#13970,.F.);
#13970 = EDGE_LOOP('',(#13971,#13972,#13973,#13974));
#13971 = ORIENTED_EDGE('',*,*,#12321,.F.);
#13972 = ORIENTED_EDGE('',*,*,#12338,.T.);
#13973 = ORIENTED_EDGE('',*,*,#12273,.T.);
#13974 = ORIENTED_EDGE('',*,*,#12297,.F.);
#13975 = PLANE('',#13976);
#13976 = AXIS2_PLACEMENT_3D('',#13977,#13978,#13979);
#13977 = CARTESIAN_POINT('',(-0.32,-0.32,-3.));
#13978 = DIRECTION('',(0.,0.,1.));
#13979 = DIRECTION('',(1.,0.,-0.));
#13980 = ADVANCED_FACE('',(#13981),#13987,.F.);
#13981 = FACE_BOUND('',#13982,.F.);
#13982 = EDGE_LOOP('',(#13983,#13984,#13985,#13986));
#13983 = ORIENTED_EDGE('',*,*,#12417,.F.);
#13984 = ORIENTED_EDGE('',*,*,#12434,.T.);
#13985 = ORIENTED_EDGE('',*,*,#12369,.T.);
#13986 = ORIENTED_EDGE('',*,*,#12393,.F.);
#13987 = PLANE('',#13988);
#13988 = AXIS2_PLACEMENT_3D('',#13989,#13990,#13991);
#13989 = CARTESIAN_POINT('',(-0.32,-2.86,-3.));
#13990 = DIRECTION('',(0.,0.,1.));
#13991 = DIRECTION('',(1.,0.,-0.));
#13992 = ADVANCED_FACE('',(#13993),#13999,.F.);
#13993 = FACE_BOUND('',#13994,.F.);
#13994 = EDGE_LOOP('',(#13995,#13996,#13997,#13998));
#13995 = ORIENTED_EDGE('',*,*,#12489,.F.);
#13996 = ORIENTED_EDGE('',*,*,#12513,.T.);
#13997 = ORIENTED_EDGE('',*,*,#12530,.T.);
#13998 = ORIENTED_EDGE('',*,*,#12465,.F.);
#13999 = PLANE('',#14000);
#14000 = AXIS2_PLACEMENT_3D('',#14001,#14002,#14003);
#14001 = CARTESIAN_POINT('',(-0.32,-28.26,-3.));
#14002 = DIRECTION('',(0.,0.,1.));
#14003 = DIRECTION('',(1.,0.,-0.));
#14004 = ADVANCED_FACE('',(#14005),#14011,.F.);
#14005 = FACE_BOUND('',#14006,.F.);
#14006 = EDGE_LOOP('',(#14007,#14008,#14009,#14010));
#14007 = ORIENTED_EDGE('',*,*,#12609,.F.);
#14008 = ORIENTED_EDGE('',*,*,#12626,.T.);
#14009 = ORIENTED_EDGE('',*,*,#12561,.T.);
#14010 = ORIENTED_EDGE('',*,*,#12585,.F.);
#14011 = PLANE('',#14012);
#14012 = AXIS2_PLACEMENT_3D('',#14013,#14014,#14015);
#14013 = CARTESIAN_POINT('',(-0.32,-23.18,-3.));
#14014 = DIRECTION('',(0.,0.,1.));
#14015 = DIRECTION('',(1.,0.,-0.));
#14016 = ADVANCED_FACE('',(#14017),#14023,.F.);
#14017 = FACE_BOUND('',#14018,.F.);
#14018 = EDGE_LOOP('',(#14019,#14020,#14021,#14022));
#14019 = ORIENTED_EDGE('',*,*,#12705,.F.);
#14020 = ORIENTED_EDGE('',*,*,#12722,.T.);
#14021 = ORIENTED_EDGE('',*,*,#12657,.T.);
#14022 = ORIENTED_EDGE('',*,*,#12681,.F.);
#14023 = PLANE('',#14024);
#14024 = AXIS2_PLACEMENT_3D('',#14025,#14026,#14027);
#14025 = CARTESIAN_POINT('',(-0.32,-25.72,-3.));
#14026 = DIRECTION('',(0.,0.,1.));
#14027 = DIRECTION('',(1.,0.,-0.));
#14028 = ADVANCED_FACE('',(#14029),#14035,.T.);
#14029 = FACE_BOUND('',#14030,.T.);
#14030 = EDGE_LOOP('',(#14031,#14032,#14033,#14034));
#14031 = ORIENTED_EDGE('',*,*,#12801,.F.);
#14032 = ORIENTED_EDGE('',*,*,#12818,.T.);
#14033 = ORIENTED_EDGE('',*,*,#12753,.T.);
#14034 = ORIENTED_EDGE('',*,*,#12777,.F.);
#14035 = PLANE('',#14036);
#14036 = AXIS2_PLACEMENT_3D('',#14037,#14038,#14039);
#14037 = CARTESIAN_POINT('',(-0.32,-5.4,8.54));
#14038 = DIRECTION('',(0.,0.,1.));
#14039 = DIRECTION('',(1.,0.,-0.));
#14040 = ADVANCED_FACE('',(#14041),#14047,.T.);
#14041 = FACE_BOUND('',#14042,.T.);
#14042 = EDGE_LOOP('',(#14043,#14044,#14045,#14046));
#14043 = ORIENTED_EDGE('',*,*,#12914,.F.);
#14044 = ORIENTED_EDGE('',*,*,#12849,.T.);
#14045 = ORIENTED_EDGE('',*,*,#12873,.T.);
#14046 = ORIENTED_EDGE('',*,*,#12897,.F.);
#14047 = PLANE('',#14048);
#14048 = AXIS2_PLACEMENT_3D('',#14049,#14050,#14051);
#14049 = CARTESIAN_POINT('',(-0.32,-7.94,8.54));
#14050 = DIRECTION('',(0.,0.,1.));
#14051 = DIRECTION('',(1.,0.,-0.));
#14052 = ADVANCED_FACE('',(#14053),#14059,.T.);
#14053 = FACE_BOUND('',#14054,.T.);
#14054 = EDGE_LOOP('',(#14055,#14056,#14057,#14058));
#14055 = ORIENTED_EDGE('',*,*,#13010,.F.);
#14056 = ORIENTED_EDGE('',*,*,#12945,.T.);
#14057 = ORIENTED_EDGE('',*,*,#12969,.T.);
#14058 = ORIENTED_EDGE('',*,*,#12993,.F.);
#14059 = PLANE('',#14060);
#14060 = AXIS2_PLACEMENT_3D('',#14061,#14062,#14063);
#14061 = CARTESIAN_POINT('',(-0.32,-13.02,8.54));
#14062 = DIRECTION('',(0.,0.,1.));
#14063 = DIRECTION('',(1.,0.,-0.));
#14064 = ADVANCED_FACE('',(#14065),#14071,.T.);
#14065 = FACE_BOUND('',#14066,.T.);
#14066 = EDGE_LOOP('',(#14067,#14068,#14069,#14070));
#14067 = ORIENTED_EDGE('',*,*,#13089,.F.);
#14068 = ORIENTED_EDGE('',*,*,#13106,.T.);
#14069 = ORIENTED_EDGE('',*,*,#13041,.T.);
#14070 = ORIENTED_EDGE('',*,*,#13065,.F.);
#14071 = PLANE('',#14072);
#14072 = AXIS2_PLACEMENT_3D('',#14073,#14074,#14075);
#14073 = CARTESIAN_POINT('',(-0.32,-10.48,8.54));
#14074 = DIRECTION('',(0.,0.,1.));
#14075 = DIRECTION('',(1.,0.,-0.));
#14076 = ADVANCED_FACE('',(#14077),#14083,.T.);
#14077 = FACE_BOUND('',#14078,.T.);
#14078 = EDGE_LOOP('',(#14079,#14080,#14081,#14082));
#14079 = ORIENTED_EDGE('',*,*,#13161,.F.);
#14080 = ORIENTED_EDGE('',*,*,#13185,.T.);
#14081 = ORIENTED_EDGE('',*,*,#13202,.T.);
#14082 = ORIENTED_EDGE('',*,*,#13137,.F.);
#14083 = PLANE('',#14084);
#14084 = AXIS2_PLACEMENT_3D('',#14085,#14086,#14087);
#14085 = CARTESIAN_POINT('',(-0.32,-20.64,8.54));
#14086 = DIRECTION('',(0.,0.,1.));
#14087 = DIRECTION('',(1.,0.,-0.));
#14088 = ADVANCED_FACE('',(#14089),#14095,.T.);
#14089 = FACE_BOUND('',#14090,.T.);
#14090 = EDGE_LOOP('',(#14091,#14092,#14093,#14094));
#14091 = ORIENTED_EDGE('',*,*,#13281,.F.);
#14092 = ORIENTED_EDGE('',*,*,#13298,.T.);
#14093 = ORIENTED_EDGE('',*,*,#13233,.T.);
#14094 = ORIENTED_EDGE('',*,*,#13257,.F.);
#14095 = PLANE('',#14096);
#14096 = AXIS2_PLACEMENT_3D('',#14097,#14098,#14099);
#14097 = CARTESIAN_POINT('',(-0.32,-18.1,8.54));
#14098 = DIRECTION('',(0.,0.,1.));
#14099 = DIRECTION('',(1.,0.,-0.));
#14100 = ADVANCED_FACE('',(#14101),#14107,.T.);
#14101 = FACE_BOUND('',#14102,.T.);
#14102 = EDGE_LOOP('',(#14103,#14104,#14105,#14106));
#14103 = ORIENTED_EDGE('',*,*,#13353,.F.);
#14104 = ORIENTED_EDGE('',*,*,#13377,.T.);
#14105 = ORIENTED_EDGE('',*,*,#13394,.T.);
#14106 = ORIENTED_EDGE('',*,*,#13329,.F.);
#14107 = PLANE('',#14108);
#14108 = AXIS2_PLACEMENT_3D('',#14109,#14110,#14111);
#14109 = CARTESIAN_POINT('',(-0.32,-15.56,8.54));
#14110 = DIRECTION('',(0.,0.,1.));
#14111 = DIRECTION('',(1.,0.,-0.));
#14112 = ADVANCED_FACE('',(#14113),#14119,.T.);
#14113 = FACE_BOUND('',#14114,.T.);
#14114 = EDGE_LOOP('',(#14115,#14116,#14117,#14118));
#14115 = ORIENTED_EDGE('',*,*,#13473,.F.);
#14116 = ORIENTED_EDGE('',*,*,#13490,.T.);
#14117 = ORIENTED_EDGE('',*,*,#13425,.T.);
#14118 = ORIENTED_EDGE('',*,*,#13449,.F.);
#14119 = PLANE('',#14120);
#14120 = AXIS2_PLACEMENT_3D('',#14121,#14122,#14123);
#14121 = CARTESIAN_POINT('',(-0.32,-0.32,8.54));
#14122 = DIRECTION('',(0.,0.,1.));
#14123 = DIRECTION('',(1.,0.,-0.));
#14124 = ADVANCED_FACE('',(#14125),#14131,.T.);
#14125 = FACE_BOUND('',#14126,.T.);
#14126 = EDGE_LOOP('',(#14127,#14128,#14129,#14130));
#14127 = ORIENTED_EDGE('',*,*,#13569,.F.);
#14128 = ORIENTED_EDGE('',*,*,#13586,.T.);
#14129 = ORIENTED_EDGE('',*,*,#13521,.T.);
#14130 = ORIENTED_EDGE('',*,*,#13545,.F.);
#14131 = PLANE('',#14132);
#14132 = AXIS2_PLACEMENT_3D('',#14133,#14134,#14135);
#14133 = CARTESIAN_POINT('',(-0.32,-2.86,8.54));
#14134 = DIRECTION('',(0.,0.,1.));
#14135 = DIRECTION('',(1.,0.,-0.));
#14136 = ADVANCED_FACE('',(#14137),#14143,.T.);
#14137 = FACE_BOUND('',#14138,.T.);
#14138 = EDGE_LOOP('',(#14139,#14140,#14141,#14142));
#14139 = ORIENTED_EDGE('',*,*,#13641,.F.);
#14140 = ORIENTED_EDGE('',*,*,#13665,.T.);
#14141 = ORIENTED_EDGE('',*,*,#13682,.T.);
#14142 = ORIENTED_EDGE('',*,*,#13617,.F.);
#14143 = PLANE('',#14144);
#14144 = AXIS2_PLACEMENT_3D('',#14145,#14146,#14147);
#14145 = CARTESIAN_POINT('',(-0.32,-28.26,8.54));
#14146 = DIRECTION('',(0.,0.,1.));
#14147 = DIRECTION('',(1.,0.,-0.));
#14148 = ADVANCED_FACE('',(#14149),#14155,.T.);
#14149 = FACE_BOUND('',#14150,.T.);
#14150 = EDGE_LOOP('',(#14151,#14152,#14153,#14154));
#14151 = ORIENTED_EDGE('',*,*,#13761,.F.);
#14152 = ORIENTED_EDGE('',*,*,#13778,.T.);
#14153 = ORIENTED_EDGE('',*,*,#13713,.T.);
#14154 = ORIENTED_EDGE('',*,*,#13737,.F.);
#14155 = PLANE('',#14156);
#14156 = AXIS2_PLACEMENT_3D('',#14157,#14158,#14159);
#14157 = CARTESIAN_POINT('',(-0.32,-23.18,8.54));
#14158 = DIRECTION('',(0.,0.,1.));
#14159 = DIRECTION('',(1.,0.,-0.));
#14160 = ADVANCED_FACE('',(#14161),#14167,.T.);
#14161 = FACE_BOUND('',#14162,.T.);
#14162 = EDGE_LOOP('',(#14163,#14164,#14165,#14166));
#14163 = ORIENTED_EDGE('',*,*,#13857,.F.);
#14164 = ORIENTED_EDGE('',*,*,#13874,.T.);
#14165 = ORIENTED_EDGE('',*,*,#13809,.T.);
#14166 = ORIENTED_EDGE('',*,*,#13833,.F.);
#14167 = PLANE('',#14168);
#14168 = AXIS2_PLACEMENT_3D('',#14169,#14170,#14171);
#14169 = CARTESIAN_POINT('',(-0.32,-25.72,8.54));
#14170 = DIRECTION('',(0.,0.,1.));
#14171 = DIRECTION('',(1.,0.,-0.));
#14172 = ( GEOMETRIC_REPRESENTATION_CONTEXT(3) 
GLOBAL_UNCERTAINTY_ASSIGNED_CONTEXT((#14176)) 
GLOBAL_UNIT_ASSIGNED_CONTEXT((#14173,#14174,#14175)) 
REPRESENTATION_CONTEXT('Context #1',
  '3D Context with UNIT and UNCERTAINTY') );
#14173 = ( LENGTH_UNIT() NAMED_UNIT(*) SI_UNIT(.MILLI.,.METRE.) );
#14174 = ( NAMED_UNIT(*) PLANE_ANGLE_UNIT() SI_UNIT($,.RADIAN.) );
#14175 = ( NAMED_UNIT(*) SI_UNIT($,.STERADIAN.) SOLID_ANGLE_UNIT() );
#14176 = UNCERTAINTY_MEASURE_WITH_UNIT(LENGTH_MEASURE(1.E-07),#14173,
  'distance_accuracy_value','confusion accuracy');
#14177 = CONTEXT_DEPENDENT_SHAPE_REPRESENTATION(#14178,#14180);
#14178 = ( REPRESENTATION_RELATIONSHIP('','',#5999,#5976) 
REPRESENTATION_RELATIONSHIP_WITH_TRANSFORMATION(#14179) 
SHAPE_REPRESENTATION_RELATIONSHIP() );
#14179 = ITEM_DEFINED_TRANSFORMATION('','',#11,#5977);
#14180 = PRODUCT_DEFINITION_SHAPE('Placement','Placement of an item',
  #14181);
#14181 = NEXT_ASSEMBLY_USAGE_OCCURRENCE('11','=>[0:1:1:11]','',#5971,
  #5994,$);
#14182 = PRODUCT_RELATED_PRODUCT_CATEGORY('part',$,(#5996));
#14183 = CONTEXT_DEPENDENT_SHAPE_REPRESENTATION(#14184,#14186);
#14184 = ( REPRESENTATION_RELATIONSHIP('','',#5976,#10) 
REPRESENTATION_RELATIONSHIP_WITH_TRANSFORMATION(#14185) 
SHAPE_REPRESENTATION_RELATIONSHIP() );
#14185 = ITEM_DEFINED_TRANSFORMATION('','',#11,#43);
#14186 = PRODUCT_DEFINITION_SHAPE('Placement','Placement of an item',
  #14187);
#14187 = NEXT_ASSEMBLY_USAGE_OCCURRENCE('13','J6','',#5,#5971,$);
#14188 = SHAPE_DEFINITION_REPRESENTATION(#14189,#14195);
#14189 = PRODUCT_DEFINITION_SHAPE('','',#14190);
#14190 = PRODUCT_DEFINITION('design','',#14191,#14194);
#14191 = PRODUCT_DEFINITION_FORMATION('','',#14192);
#14192 = PRODUCT('Motor PCB_PCB','Motor PCB_PCB','',(#14193));
#14193 = PRODUCT_CONTEXT('',#2,'mechanical');
#14194 = PRODUCT_DEFINITION_CONTEXT('part definition',#2,'design');
#14195 = ADVANCED_BREP_SHAPE_REPRESENTATION('',(#11,#14196),#15984);
#14196 = MANIFOLD_SOLID_BREP('',#14197);
#14197 = CLOSED_SHELL('',(#14198,#14238,#14269,#14300,#14779,#15258,
    #15270,#15287,#15304,#15321,#15338,#15355,#15372,#15389,#15406,
    #15423,#15440,#15457,#15474,#15491,#15508,#15525,#15542,#15559,
    #15576,#15593,#15610,#15627,#15644,#15661,#15678,#15695,#15712,
    #15729,#15746,#15763,#15780,#15797,#15814,#15831,#15848,#15865,
    #15882,#15899,#15916,#15933,#15950,#15967));
#14198 = ADVANCED_FACE('',(#14199),#14233,.T.);
#14199 = FACE_BOUND('',#14200,.T.);
#14200 = EDGE_LOOP('',(#14201,#14211,#14219,#14227));
#14201 = ORIENTED_EDGE('',*,*,#14202,.T.);
#14202 = EDGE_CURVE('',#14203,#14205,#14207,.T.);
#14203 = VERTEX_POINT('',#14204);
#14204 = CARTESIAN_POINT('',(34.,-0.8,0.));
#14205 = VERTEX_POINT('',#14206);
#14206 = CARTESIAN_POINT('',(34.,-0.8,0.8));
#14207 = LINE('',#14208,#14209);
#14208 = CARTESIAN_POINT('',(34.,-0.8,0.));
#14209 = VECTOR('',#14210,1.);
#14210 = DIRECTION('',(0.,0.,1.));
#14211 = ORIENTED_EDGE('',*,*,#14212,.T.);
#14212 = EDGE_CURVE('',#14205,#14213,#14215,.T.);
#14213 = VERTEX_POINT('',#14214);
#14214 = CARTESIAN_POINT('',(1.7,-0.8,0.8));
#14215 = LINE('',#14216,#14217);
#14216 = CARTESIAN_POINT('',(34.,-0.8,0.8));
#14217 = VECTOR('',#14218,1.);
#14218 = DIRECTION('',(-1.,0.,0.));
#14219 = ORIENTED_EDGE('',*,*,#14220,.F.);
#14220 = EDGE_CURVE('',#14221,#14213,#14223,.T.);
#14221 = VERTEX_POINT('',#14222);
#14222 = CARTESIAN_POINT('',(1.7,-0.8,0.));
#14223 = LINE('',#14224,#14225);
#14224 = CARTESIAN_POINT('',(1.7,-0.8,0.));
#14225 = VECTOR('',#14226,1.);
#14226 = DIRECTION('',(0.,0.,1.));
#14227 = ORIENTED_EDGE('',*,*,#14228,.F.);
#14228 = EDGE_CURVE('',#14203,#14221,#14229,.T.);
#14229 = LINE('',#14230,#14231);
#14230 = CARTESIAN_POINT('',(34.,-0.8,0.));
#14231 = VECTOR('',#14232,1.);
#14232 = DIRECTION('',(-1.,0.,0.));
#14233 = PLANE('',#14234);
#14234 = AXIS2_PLACEMENT_3D('',#14235,#14236,#14237);
#14235 = CARTESIAN_POINT('',(34.,-0.8,0.));
#14236 = DIRECTION('',(0.,-1.,0.));
#14237 = DIRECTION('',(-1.,0.,0.));
#14238 = ADVANCED_FACE('',(#14239),#14264,.T.);
#14239 = FACE_BOUND('',#14240,.T.);
#14240 = EDGE_LOOP('',(#14241,#14251,#14257,#14258));
#14241 = ORIENTED_EDGE('',*,*,#14242,.T.);
#14242 = EDGE_CURVE('',#14243,#14245,#14247,.T.);
#14243 = VERTEX_POINT('',#14244);
#14244 = CARTESIAN_POINT('',(34.,29.1,0.));
#14245 = VERTEX_POINT('',#14246);
#14246 = CARTESIAN_POINT('',(34.,29.1,0.8));
#14247 = LINE('',#14248,#14249);
#14248 = CARTESIAN_POINT('',(34.,29.1,0.));
#14249 = VECTOR('',#14250,1.);
#14250 = DIRECTION('',(0.,0.,1.));
#14251 = ORIENTED_EDGE('',*,*,#14252,.T.);
#14252 = EDGE_CURVE('',#14245,#14205,#14253,.T.);
#14253 = LINE('',#14254,#14255);
#14254 = CARTESIAN_POINT('',(34.,29.1,0.8));
#14255 = VECTOR('',#14256,1.);
#14256 = DIRECTION('',(0.,-1.,0.));
#14257 = ORIENTED_EDGE('',*,*,#14202,.F.);
#14258 = ORIENTED_EDGE('',*,*,#14259,.F.);
#14259 = EDGE_CURVE('',#14243,#14203,#14260,.T.);
#14260 = LINE('',#14261,#14262);
#14261 = CARTESIAN_POINT('',(34.,29.1,0.));
#14262 = VECTOR('',#14263,1.);
#14263 = DIRECTION('',(0.,-1.,0.));
#14264 = PLANE('',#14265);
#14265 = AXIS2_PLACEMENT_3D('',#14266,#14267,#14268);
#14266 = CARTESIAN_POINT('',(34.,29.1,0.));
#14267 = DIRECTION('',(1.,0.,-0.));
#14268 = DIRECTION('',(0.,-1.,0.));
#14269 = ADVANCED_FACE('',(#14270),#14295,.T.);
#14270 = FACE_BOUND('',#14271,.T.);
#14271 = EDGE_LOOP('',(#14272,#14273,#14281,#14289));
#14272 = ORIENTED_EDGE('',*,*,#14220,.T.);
#14273 = ORIENTED_EDGE('',*,*,#14274,.T.);
#14274 = EDGE_CURVE('',#14213,#14275,#14277,.T.);
#14275 = VERTEX_POINT('',#14276);
#14276 = CARTESIAN_POINT('',(1.7,29.1,0.8));
#14277 = LINE('',#14278,#14279);
#14278 = CARTESIAN_POINT('',(1.7,-0.8,0.8));
#14279 = VECTOR('',#14280,1.);
#14280 = DIRECTION('',(0.,1.,0.));
#14281 = ORIENTED_EDGE('',*,*,#14282,.F.);
#14282 = EDGE_CURVE('',#14283,#14275,#14285,.T.);
#14283 = VERTEX_POINT('',#14284);
#14284 = CARTESIAN_POINT('',(1.7,29.1,0.));
#14285 = LINE('',#14286,#14287);
#14286 = CARTESIAN_POINT('',(1.7,29.1,0.));
#14287 = VECTOR('',#14288,1.);
#14288 = DIRECTION('',(0.,0.,1.));
#14289 = ORIENTED_EDGE('',*,*,#14290,.F.);
#14290 = EDGE_CURVE('',#14221,#14283,#14291,.T.);
#14291 = LINE('',#14292,#14293);
#14292 = CARTESIAN_POINT('',(1.7,-0.8,0.));
#14293 = VECTOR('',#14294,1.);
#14294 = DIRECTION('',(0.,1.,0.));
#14295 = PLANE('',#14296);
#14296 = AXIS2_PLACEMENT_3D('',#14297,#14298,#14299);
#14297 = CARTESIAN_POINT('',(1.7,-0.8,0.));
#14298 = DIRECTION('',(-1.,0.,0.));
#14299 = DIRECTION('',(0.,1.,0.));
#14300 = ADVANCED_FACE('',(#14301,#14312,#14323,#14334,#14345,#14356,
    #14367,#14378,#14389,#14400,#14411,#14422,#14433,#14444,#14455,
    #14466,#14477,#14488,#14499,#14510,#14521,#14532,#14543,#14554,
    #14565,#14576,#14587,#14598,#14609,#14620,#14631,#14642,#14653,
    #14664,#14675,#14686,#14697,#14708,#14719,#14730,#14741,#14752,
    #14763),#14774,.F.);
#14301 = FACE_BOUND('',#14302,.F.);
#14302 = EDGE_LOOP('',(#14303,#14304,#14305,#14311));
#14303 = ORIENTED_EDGE('',*,*,#14228,.F.);
#14304 = ORIENTED_EDGE('',*,*,#14259,.F.);
#14305 = ORIENTED_EDGE('',*,*,#14306,.F.);
#14306 = EDGE_CURVE('',#14283,#14243,#14307,.T.);
#14307 = LINE('',#14308,#14309);
#14308 = CARTESIAN_POINT('',(1.7,29.1,0.));
#14309 = VECTOR('',#14310,1.);
#14310 = DIRECTION('',(1.,0.,0.));
#14311 = ORIENTED_EDGE('',*,*,#14290,.F.);
#14312 = FACE_BOUND('',#14313,.F.);
#14313 = EDGE_LOOP('',(#14314));
#14314 = ORIENTED_EDGE('',*,*,#14315,.T.);
#14315 = EDGE_CURVE('',#14316,#14316,#14318,.T.);
#14316 = VERTEX_POINT('',#14317);
#14317 = CARTESIAN_POINT('',(3.81,0.77,0.));
#14318 = CIRCLE('',#14319,0.5);
#14319 = AXIS2_PLACEMENT_3D('',#14320,#14321,#14322);
#14320 = CARTESIAN_POINT('',(3.81,1.27,0.));
#14321 = DIRECTION('',(-0.,0.,-1.));
#14322 = DIRECTION('',(8.881784197001E-16,-1.,-0.));
#14323 = FACE_BOUND('',#14324,.F.);
#14324 = EDGE_LOOP('',(#14325));
#14325 = ORIENTED_EDGE('',*,*,#14326,.T.);
#14326 = EDGE_CURVE('',#14327,#14327,#14329,.T.);
#14327 = VERTEX_POINT('',#14328);
#14328 = CARTESIAN_POINT('',(6.35,0.77,0.));
#14329 = CIRCLE('',#14330,0.5);
#14330 = AXIS2_PLACEMENT_3D('',#14331,#14332,#14333);
#14331 = CARTESIAN_POINT('',(6.35,1.27,0.));
#14332 = DIRECTION('',(-0.,0.,-1.));
#14333 = DIRECTION('',(-0.,-1.,0.));
#14334 = FACE_BOUND('',#14335,.F.);
#14335 = EDGE_LOOP('',(#14336));
#14336 = ORIENTED_EDGE('',*,*,#14337,.T.);
#14337 = EDGE_CURVE('',#14338,#14338,#14340,.T.);
#14338 = VERTEX_POINT('',#14339);
#14339 = CARTESIAN_POINT('',(8.89,0.77,0.));
#14340 = CIRCLE('',#14341,0.5);
#14341 = AXIS2_PLACEMENT_3D('',#14342,#14343,#14344);
#14342 = CARTESIAN_POINT('',(8.89,1.27,0.));
#14343 = DIRECTION('',(-0.,0.,-1.));
#14344 = DIRECTION('',(-0.,-1.,0.));
#14345 = FACE_BOUND('',#14346,.F.);
#14346 = EDGE_LOOP('',(#14347));
#14347 = ORIENTED_EDGE('',*,*,#14348,.T.);
#14348 = EDGE_CURVE('',#14349,#14349,#14351,.T.);
#14349 = VERTEX_POINT('',#14350);
#14350 = CARTESIAN_POINT('',(4.,4.4,0.));
#14351 = CIRCLE('',#14352,1.1);
#14352 = AXIS2_PLACEMENT_3D('',#14353,#14354,#14355);
#14353 = CARTESIAN_POINT('',(4.,5.5,0.));
#14354 = DIRECTION('',(-0.,0.,-1.));
#14355 = DIRECTION('',(-0.,-1.,0.));
#14356 = FACE_BOUND('',#14357,.F.);
#14357 = EDGE_LOOP('',(#14358));
#14358 = ORIENTED_EDGE('',*,*,#14359,.T.);
#14359 = EDGE_CURVE('',#14360,#14360,#14362,.T.);
#14360 = VERTEX_POINT('',#14361);
#14361 = CARTESIAN_POINT('',(11.43,0.77,0.));
#14362 = CIRCLE('',#14363,0.5);
#14363 = AXIS2_PLACEMENT_3D('',#14364,#14365,#14366);
#14364 = CARTESIAN_POINT('',(11.43,1.27,0.));
#14365 = DIRECTION('',(-0.,0.,-1.));
#14366 = DIRECTION('',(-0.,-1.,0.));
#14367 = FACE_BOUND('',#14368,.F.);
#14368 = EDGE_LOOP('',(#14369));
#14369 = ORIENTED_EDGE('',*,*,#14370,.T.);
#14370 = EDGE_CURVE('',#14371,#14371,#14373,.T.);
#14371 = VERTEX_POINT('',#14372);
#14372 = CARTESIAN_POINT('',(13.97,0.77,0.));
#14373 = CIRCLE('',#14374,0.5);
#14374 = AXIS2_PLACEMENT_3D('',#14375,#14376,#14377);
#14375 = CARTESIAN_POINT('',(13.97,1.27,0.));
#14376 = DIRECTION('',(-0.,0.,-1.));
#14377 = DIRECTION('',(-0.,-1.,0.));
#14378 = FACE_BOUND('',#14379,.F.);
#14379 = EDGE_LOOP('',(#14380));
#14380 = ORIENTED_EDGE('',*,*,#14381,.T.);
#14381 = EDGE_CURVE('',#14382,#14382,#14384,.T.);
#14382 = VERTEX_POINT('',#14383);
#14383 = CARTESIAN_POINT('',(16.51,0.77,0.));
#14384 = CIRCLE('',#14385,0.5);
#14385 = AXIS2_PLACEMENT_3D('',#14386,#14387,#14388);
#14386 = CARTESIAN_POINT('',(16.51,1.27,0.));
#14387 = DIRECTION('',(-0.,0.,-1.));
#14388 = DIRECTION('',(-0.,-1.,0.));
#14389 = FACE_BOUND('',#14390,.F.);
#14390 = EDGE_LOOP('',(#14391));
#14391 = ORIENTED_EDGE('',*,*,#14392,.T.);
#14392 = EDGE_CURVE('',#14393,#14393,#14395,.T.);
#14393 = VERTEX_POINT('',#14394);
#14394 = CARTESIAN_POINT('',(19.05,0.77,0.));
#14395 = CIRCLE('',#14396,0.5);
#14396 = AXIS2_PLACEMENT_3D('',#14397,#14398,#14399);
#14397 = CARTESIAN_POINT('',(19.05,1.27,0.));
#14398 = DIRECTION('',(-0.,0.,-1.));
#14399 = DIRECTION('',(-0.,-1.,0.));
#14400 = FACE_BOUND('',#14401,.F.);
#14401 = EDGE_LOOP('',(#14402));
#14402 = ORIENTED_EDGE('',*,*,#14403,.T.);
#14403 = EDGE_CURVE('',#14404,#14404,#14406,.T.);
#14404 = VERTEX_POINT('',#14405);
#14405 = CARTESIAN_POINT('',(21.59,0.77,0.));
#14406 = CIRCLE('',#14407,0.5);
#14407 = AXIS2_PLACEMENT_3D('',#14408,#14409,#14410);
#14408 = CARTESIAN_POINT('',(21.59,1.27,0.));
#14409 = DIRECTION('',(-0.,0.,-1.));
#14410 = DIRECTION('',(-0.,-1.,0.));
#14411 = FACE_BOUND('',#14412,.F.);
#14412 = EDGE_LOOP('',(#14413));
#14413 = ORIENTED_EDGE('',*,*,#14414,.T.);
#14414 = EDGE_CURVE('',#14415,#14415,#14417,.T.);
#14415 = VERTEX_POINT('',#14416);
#14416 = CARTESIAN_POINT('',(24.13,0.77,0.));
#14417 = CIRCLE('',#14418,0.5);
#14418 = AXIS2_PLACEMENT_3D('',#14419,#14420,#14421);
#14419 = CARTESIAN_POINT('',(24.13,1.27,0.));
#14420 = DIRECTION('',(-0.,0.,-1.));
#14421 = DIRECTION('',(-0.,-1.,0.));
#14422 = FACE_BOUND('',#14423,.F.);
#14423 = EDGE_LOOP('',(#14424));
#14424 = ORIENTED_EDGE('',*,*,#14425,.T.);
#14425 = EDGE_CURVE('',#14426,#14426,#14428,.T.);
#14426 = VERTEX_POINT('',#14427);
#14427 = CARTESIAN_POINT('',(26.67,0.77,0.));
#14428 = CIRCLE('',#14429,0.5);
#14429 = AXIS2_PLACEMENT_3D('',#14430,#14431,#14432);
#14430 = CARTESIAN_POINT('',(26.67,1.27,0.));
#14431 = DIRECTION('',(-0.,0.,-1.));
#14432 = DIRECTION('',(-0.,-1.,0.));
#14433 = FACE_BOUND('',#14434,.F.);
#14434 = EDGE_LOOP('',(#14435));
#14435 = ORIENTED_EDGE('',*,*,#14436,.T.);
#14436 = EDGE_CURVE('',#14437,#14437,#14439,.T.);
#14437 = VERTEX_POINT('',#14438);
#14438 = CARTESIAN_POINT('',(29.21,0.77,0.));
#14439 = CIRCLE('',#14440,0.5);
#14440 = AXIS2_PLACEMENT_3D('',#14441,#14442,#14443);
#14441 = CARTESIAN_POINT('',(29.21,1.27,0.));
#14442 = DIRECTION('',(-0.,0.,-1.));
#14443 = DIRECTION('',(-0.,-1.,0.));
#14444 = FACE_BOUND('',#14445,.F.);
#14445 = EDGE_LOOP('',(#14446));
#14446 = ORIENTED_EDGE('',*,*,#14447,.T.);
#14447 = EDGE_CURVE('',#14448,#14448,#14450,.T.);
#14448 = VERTEX_POINT('',#14449);
#14449 = CARTESIAN_POINT('',(31.75,0.77,0.));
#14450 = CIRCLE('',#14451,0.5);
#14451 = AXIS2_PLACEMENT_3D('',#14452,#14453,#14454);
#14452 = CARTESIAN_POINT('',(31.75,1.27,0.));
#14453 = DIRECTION('',(-0.,0.,-1.));
#14454 = DIRECTION('',(-0.,-1.,0.));
#14455 = FACE_BOUND('',#14456,.F.);
#14456 = EDGE_LOOP('',(#14457));
#14457 = ORIENTED_EDGE('',*,*,#14458,.T.);
#14458 = EDGE_CURVE('',#14459,#14459,#14461,.T.);
#14459 = VERTEX_POINT('',#14460);
#14460 = CARTESIAN_POINT('',(31.5,4.4,0.));
#14461 = CIRCLE('',#14462,1.1);
#14462 = AXIS2_PLACEMENT_3D('',#14463,#14464,#14465);
#14463 = CARTESIAN_POINT('',(31.5,5.5,0.));
#14464 = DIRECTION('',(-0.,0.,-1.));
#14465 = DIRECTION('',(-0.,-1.,0.));
#14466 = FACE_BOUND('',#14467,.F.);
#14467 = EDGE_LOOP('',(#14468));
#14468 = ORIENTED_EDGE('',*,*,#14469,.T.);
#14469 = EDGE_CURVE('',#14470,#14470,#14472,.T.);
#14470 = VERTEX_POINT('',#14471);
#14471 = CARTESIAN_POINT('',(3.81,16.01,0.));
#14472 = CIRCLE('',#14473,0.5);
#14473 = AXIS2_PLACEMENT_3D('',#14474,#14475,#14476);
#14474 = CARTESIAN_POINT('',(3.81,16.51,0.));
#14475 = DIRECTION('',(-0.,0.,-1.));
#14476 = DIRECTION('',(8.881784197001E-16,-1.,-0.));
#14477 = FACE_BOUND('',#14478,.F.);
#14478 = EDGE_LOOP('',(#14479));
#14479 = ORIENTED_EDGE('',*,*,#14480,.T.);
#14480 = EDGE_CURVE('',#14481,#14481,#14483,.T.);
#14481 = VERTEX_POINT('',#14482);
#14482 = CARTESIAN_POINT('',(6.35,16.01,0.));
#14483 = CIRCLE('',#14484,0.5);
#14484 = AXIS2_PLACEMENT_3D('',#14485,#14486,#14487);
#14485 = CARTESIAN_POINT('',(6.35,16.51,0.));
#14486 = DIRECTION('',(-0.,0.,-1.));
#14487 = DIRECTION('',(-0.,-1.,0.));
#14488 = FACE_BOUND('',#14489,.F.);
#14489 = EDGE_LOOP('',(#14490));
#14490 = ORIENTED_EDGE('',*,*,#14491,.T.);
#14491 = EDGE_CURVE('',#14492,#14492,#14494,.T.);
#14492 = VERTEX_POINT('',#14493);
#14493 = CARTESIAN_POINT('',(8.89,16.01,0.));
#14494 = CIRCLE('',#14495,0.5);
#14495 = AXIS2_PLACEMENT_3D('',#14496,#14497,#14498);
#14496 = CARTESIAN_POINT('',(8.89,16.51,0.));
#14497 = DIRECTION('',(-0.,0.,-1.));
#14498 = DIRECTION('',(-0.,-1.,0.));
#14499 = FACE_BOUND('',#14500,.F.);
#14500 = EDGE_LOOP('',(#14501));
#14501 = ORIENTED_EDGE('',*,*,#14502,.T.);
#14502 = EDGE_CURVE('',#14503,#14503,#14505,.T.);
#14503 = VERTEX_POINT('',#14504);
#14504 = CARTESIAN_POINT('',(3.7,19.9,0.));
#14505 = CIRCLE('',#14506,0.5);
#14506 = AXIS2_PLACEMENT_3D('',#14507,#14508,#14509);
#14507 = CARTESIAN_POINT('',(3.7,20.4,0.));
#14508 = DIRECTION('',(-0.,0.,-1.));
#14509 = DIRECTION('',(-0.,-1.,0.));
#14510 = FACE_BOUND('',#14511,.F.);
#14511 = EDGE_LOOP('',(#14512));
#14512 = ORIENTED_EDGE('',*,*,#14513,.T.);
#14513 = EDGE_CURVE('',#14514,#14514,#14516,.T.);
#14514 = VERTEX_POINT('',#14515);
#14515 = CARTESIAN_POINT('',(8.5,20.3,0.));
#14516 = CIRCLE('',#14517,0.4);
#14517 = AXIS2_PLACEMENT_3D('',#14518,#14519,#14520);
#14518 = CARTESIAN_POINT('',(8.5,20.7,0.));
#14519 = DIRECTION('',(-0.,0.,-1.));
#14520 = DIRECTION('',(-0.,-1.,0.));
#14521 = FACE_BOUND('',#14522,.F.);
#14522 = EDGE_LOOP('',(#14523));
#14523 = ORIENTED_EDGE('',*,*,#14524,.T.);
#14524 = EDGE_CURVE('',#14525,#14525,#14527,.T.);
#14525 = VERTEX_POINT('',#14526);
#14526 = CARTESIAN_POINT('',(11.43,16.01,0.));
#14527 = CIRCLE('',#14528,0.5);
#14528 = AXIS2_PLACEMENT_3D('',#14529,#14530,#14531);
#14529 = CARTESIAN_POINT('',(11.43,16.51,0.));
#14530 = DIRECTION('',(-0.,0.,-1.));
#14531 = DIRECTION('',(-0.,-1.,0.));
#14532 = FACE_BOUND('',#14533,.F.);
#14533 = EDGE_LOOP('',(#14534));
#14534 = ORIENTED_EDGE('',*,*,#14535,.T.);
#14535 = EDGE_CURVE('',#14536,#14536,#14538,.T.);
#14536 = VERTEX_POINT('',#14537);
#14537 = CARTESIAN_POINT('',(13.97,16.01,0.));
#14538 = CIRCLE('',#14539,0.5);
#14539 = AXIS2_PLACEMENT_3D('',#14540,#14541,#14542);
#14540 = CARTESIAN_POINT('',(13.97,16.51,0.));
#14541 = DIRECTION('',(-0.,0.,-1.));
#14542 = DIRECTION('',(-0.,-1.,0.));
#14543 = FACE_BOUND('',#14544,.F.);
#14544 = EDGE_LOOP('',(#14545));
#14545 = ORIENTED_EDGE('',*,*,#14546,.T.);
#14546 = EDGE_CURVE('',#14547,#14547,#14549,.T.);
#14547 = VERTEX_POINT('',#14548);
#14548 = CARTESIAN_POINT('',(16.51,16.01,0.));
#14549 = CIRCLE('',#14550,0.5);
#14550 = AXIS2_PLACEMENT_3D('',#14551,#14552,#14553);
#14551 = CARTESIAN_POINT('',(16.51,16.51,0.));
#14552 = DIRECTION('',(-0.,0.,-1.));
#14553 = DIRECTION('',(-0.,-1.,0.));
#14554 = FACE_BOUND('',#14555,.F.);
#14555 = EDGE_LOOP('',(#14556));
#14556 = ORIENTED_EDGE('',*,*,#14557,.T.);
#14557 = EDGE_CURVE('',#14558,#14558,#14560,.T.);
#14558 = VERTEX_POINT('',#14559);
#14559 = CARTESIAN_POINT('',(3.7,22.44,0.));
#14560 = CIRCLE('',#14561,0.5);
#14561 = AXIS2_PLACEMENT_3D('',#14562,#14563,#14564);
#14562 = CARTESIAN_POINT('',(3.7,22.94,0.));
#14563 = DIRECTION('',(-0.,0.,-1.));
#14564 = DIRECTION('',(-0.,-1.,0.));
#14565 = FACE_BOUND('',#14566,.F.);
#14566 = EDGE_LOOP('',(#14567));
#14567 = ORIENTED_EDGE('',*,*,#14568,.T.);
#14568 = EDGE_CURVE('',#14569,#14569,#14571,.T.);
#14569 = VERTEX_POINT('',#14570);
#14570 = CARTESIAN_POINT('',(8.5,22.8,0.));
#14571 = CIRCLE('',#14572,0.4);
#14572 = AXIS2_PLACEMENT_3D('',#14573,#14574,#14575);
#14573 = CARTESIAN_POINT('',(8.5,23.2,0.));
#14574 = DIRECTION('',(-0.,0.,-1.));
#14575 = DIRECTION('',(-0.,-1.,0.));
#14576 = FACE_BOUND('',#14577,.F.);
#14577 = EDGE_LOOP('',(#14578));
#14578 = ORIENTED_EDGE('',*,*,#14579,.T.);
#14579 = EDGE_CURVE('',#14580,#14580,#14582,.T.);
#14580 = VERTEX_POINT('',#14581);
#14581 = CARTESIAN_POINT('',(4.,26.2,0.));
#14582 = CIRCLE('',#14583,1.1);
#14583 = AXIS2_PLACEMENT_3D('',#14584,#14585,#14586);
#14584 = CARTESIAN_POINT('',(4.,27.3,0.));
#14585 = DIRECTION('',(-0.,0.,-1.));
#14586 = DIRECTION('',(-0.,-1.,0.));
#14587 = FACE_BOUND('',#14588,.F.);
#14588 = EDGE_LOOP('',(#14589));
#14589 = ORIENTED_EDGE('',*,*,#14590,.T.);
#14590 = EDGE_CURVE('',#14591,#14591,#14593,.T.);
#14591 = VERTEX_POINT('',#14592);
#14592 = CARTESIAN_POINT('',(13.1,22.3,0.));
#14593 = CIRCLE('',#14594,0.4);
#14594 = AXIS2_PLACEMENT_3D('',#14595,#14596,#14597);
#14595 = CARTESIAN_POINT('',(13.1,22.7,0.));
#14596 = DIRECTION('',(-0.,0.,-1.));
#14597 = DIRECTION('',(-0.,-1.,0.));
#14598 = FACE_BOUND('',#14599,.F.);
#14599 = EDGE_LOOP('',(#14600));
#14600 = ORIENTED_EDGE('',*,*,#14601,.T.);
#14601 = EDGE_CURVE('',#14602,#14602,#14604,.T.);
#14602 = VERTEX_POINT('',#14603);
#14603 = CARTESIAN_POINT('',(15.6,22.3,0.));
#14604 = CIRCLE('',#14605,0.4);
#14605 = AXIS2_PLACEMENT_3D('',#14606,#14607,#14608);
#14606 = CARTESIAN_POINT('',(15.6,22.7,0.));
#14607 = DIRECTION('',(-0.,0.,-1.));
#14608 = DIRECTION('',(-0.,-1.,0.));
#14609 = FACE_BOUND('',#14610,.F.);
#14610 = EDGE_LOOP('',(#14611));
#14611 = ORIENTED_EDGE('',*,*,#14612,.T.);
#14612 = EDGE_CURVE('',#14613,#14613,#14615,.T.);
#14613 = VERTEX_POINT('',#14614);
#14614 = CARTESIAN_POINT('',(19.05,16.01,0.));
#14615 = CIRCLE('',#14616,0.5);
#14616 = AXIS2_PLACEMENT_3D('',#14617,#14618,#14619);
#14617 = CARTESIAN_POINT('',(19.05,16.51,0.));
#14618 = DIRECTION('',(-0.,0.,-1.));
#14619 = DIRECTION('',(-0.,-1.,0.));
#14620 = FACE_BOUND('',#14621,.F.);
#14621 = EDGE_LOOP('',(#14622));
#14622 = ORIENTED_EDGE('',*,*,#14623,.T.);
#14623 = EDGE_CURVE('',#14624,#14624,#14626,.T.);
#14624 = VERTEX_POINT('',#14625);
#14625 = CARTESIAN_POINT('',(21.59,16.01,0.));
#14626 = CIRCLE('',#14627,0.5);
#14627 = AXIS2_PLACEMENT_3D('',#14628,#14629,#14630);
#14628 = CARTESIAN_POINT('',(21.59,16.51,0.));
#14629 = DIRECTION('',(-0.,0.,-1.));
#14630 = DIRECTION('',(-0.,-1.,0.));
#14631 = FACE_BOUND('',#14632,.F.);
#14632 = EDGE_LOOP('',(#14633));
#14633 = ORIENTED_EDGE('',*,*,#14634,.T.);
#14634 = EDGE_CURVE('',#14635,#14635,#14637,.T.);
#14635 = VERTEX_POINT('',#14636);
#14636 = CARTESIAN_POINT('',(24.13,16.01,0.));
#14637 = CIRCLE('',#14638,0.5);
#14638 = AXIS2_PLACEMENT_3D('',#14639,#14640,#14641);
#14639 = CARTESIAN_POINT('',(24.13,16.51,0.));
#14640 = DIRECTION('',(-0.,0.,-1.));
#14641 = DIRECTION('',(-0.,-1.,0.));
#14642 = FACE_BOUND('',#14643,.F.);
#14643 = EDGE_LOOP('',(#14644));
#14644 = ORIENTED_EDGE('',*,*,#14645,.T.);
#14645 = EDGE_CURVE('',#14646,#14646,#14648,.T.);
#14646 = VERTEX_POINT('',#14647);
#14647 = CARTESIAN_POINT('',(19.6,20.2,0.));
#14648 = CIRCLE('',#14649,0.5);
#14649 = AXIS2_PLACEMENT_3D('',#14650,#14651,#14652);
#14650 = CARTESIAN_POINT('',(19.6,20.7,0.));
#14651 = DIRECTION('',(-0.,0.,-1.));
#14652 = DIRECTION('',(-0.,-1.,0.));
#14653 = FACE_BOUND('',#14654,.F.);
#14654 = EDGE_LOOP('',(#14655));
#14655 = ORIENTED_EDGE('',*,*,#14656,.T.);
#14656 = EDGE_CURVE('',#14657,#14657,#14659,.T.);
#14657 = VERTEX_POINT('',#14658);
#14658 = CARTESIAN_POINT('',(23.82,20.5,0.));
#14659 = CIRCLE('',#14660,0.5);
#14660 = AXIS2_PLACEMENT_3D('',#14661,#14662,#14663);
#14661 = CARTESIAN_POINT('',(23.82,21.,0.));
#14662 = DIRECTION('',(-0.,0.,-1.));
#14663 = DIRECTION('',(-0.,-1.,0.));
#14664 = FACE_BOUND('',#14665,.F.);
#14665 = EDGE_LOOP('',(#14666));
#14666 = ORIENTED_EDGE('',*,*,#14667,.T.);
#14667 = EDGE_CURVE('',#14668,#14668,#14670,.T.);
#14668 = VERTEX_POINT('',#14669);
#14669 = CARTESIAN_POINT('',(26.67,16.01,0.));
#14670 = CIRCLE('',#14671,0.5);
#14671 = AXIS2_PLACEMENT_3D('',#14672,#14673,#14674);
#14672 = CARTESIAN_POINT('',(26.67,16.51,0.));
#14673 = DIRECTION('',(-0.,0.,-1.));
#14674 = DIRECTION('',(-0.,-1.,0.));
#14675 = FACE_BOUND('',#14676,.F.);
#14676 = EDGE_LOOP('',(#14677));
#14677 = ORIENTED_EDGE('',*,*,#14678,.T.);
#14678 = EDGE_CURVE('',#14679,#14679,#14681,.T.);
#14679 = VERTEX_POINT('',#14680);
#14680 = CARTESIAN_POINT('',(29.21,16.01,0.));
#14681 = CIRCLE('',#14682,0.5);
#14682 = AXIS2_PLACEMENT_3D('',#14683,#14684,#14685);
#14683 = CARTESIAN_POINT('',(29.21,16.51,0.));
#14684 = DIRECTION('',(-0.,0.,-1.));
#14685 = DIRECTION('',(-0.,-1.,0.));
#14686 = FACE_BOUND('',#14687,.F.);
#14687 = EDGE_LOOP('',(#14688));
#14688 = ORIENTED_EDGE('',*,*,#14689,.T.);
#14689 = EDGE_CURVE('',#14690,#14690,#14692,.T.);
#14690 = VERTEX_POINT('',#14691);
#14691 = CARTESIAN_POINT('',(31.75,16.01,0.));
#14692 = CIRCLE('',#14693,0.5);
#14693 = AXIS2_PLACEMENT_3D('',#14694,#14695,#14696);
#14694 = CARTESIAN_POINT('',(31.75,16.51,0.));
#14695 = DIRECTION('',(-0.,0.,-1.));
#14696 = DIRECTION('',(-0.,-1.,0.));
#14697 = FACE_BOUND('',#14698,.F.);
#14698 = EDGE_LOOP('',(#14699));
#14699 = ORIENTED_EDGE('',*,*,#14700,.T.);
#14700 = EDGE_CURVE('',#14701,#14701,#14703,.T.);
#14701 = VERTEX_POINT('',#14702);
#14702 = CARTESIAN_POINT('',(26.36,20.5,0.));
#14703 = CIRCLE('',#14704,0.5);
#14704 = AXIS2_PLACEMENT_3D('',#14705,#14706,#14707);
#14705 = CARTESIAN_POINT('',(26.36,21.,0.));
#14706 = DIRECTION('',(-0.,0.,-1.));
#14707 = DIRECTION('',(-0.,-1.,0.));
#14708 = FACE_BOUND('',#14709,.F.);
#14709 = EDGE_LOOP('',(#14710));
#14710 = ORIENTED_EDGE('',*,*,#14711,.T.);
#14711 = EDGE_CURVE('',#14712,#14712,#14714,.T.);
#14712 = VERTEX_POINT('',#14713);
#14713 = CARTESIAN_POINT('',(28.9,20.5,0.));
#14714 = CIRCLE('',#14715,0.5);
#14715 = AXIS2_PLACEMENT_3D('',#14716,#14717,#14718);
#14716 = CARTESIAN_POINT('',(28.9,21.,0.));
#14717 = DIRECTION('',(-0.,0.,-1.));
#14718 = DIRECTION('',(-0.,-1.,0.));
#14719 = FACE_BOUND('',#14720,.F.);
#14720 = EDGE_LOOP('',(#14721));
#14721 = ORIENTED_EDGE('',*,*,#14722,.T.);
#14722 = EDGE_CURVE('',#14723,#14723,#14725,.T.);
#14723 = VERTEX_POINT('',#14724);
#14724 = CARTESIAN_POINT('',(19.6,22.74,0.));
#14725 = CIRCLE('',#14726,0.5);
#14726 = AXIS2_PLACEMENT_3D('',#14727,#14728,#14729);
#14727 = CARTESIAN_POINT('',(19.6,23.24,0.));
#14728 = DIRECTION('',(-0.,0.,-1.));
#14729 = DIRECTION('',(-0.,-1.,0.));
#14730 = FACE_BOUND('',#14731,.F.);
#14731 = EDGE_LOOP('',(#14732));
#14732 = ORIENTED_EDGE('',*,*,#14733,.T.);
#14733 = EDGE_CURVE('',#14734,#14734,#14736,.T.);
#14734 = VERTEX_POINT('',#14735);
#14735 = CARTESIAN_POINT('',(19.6,25.28,0.));
#14736 = CIRCLE('',#14737,0.5);
#14737 = AXIS2_PLACEMENT_3D('',#14738,#14739,#14740);
#14738 = CARTESIAN_POINT('',(19.6,25.78,0.));
#14739 = DIRECTION('',(-0.,0.,-1.));
#14740 = DIRECTION('',(-0.,-1.,0.));
#14741 = FACE_BOUND('',#14742,.F.);
#14742 = EDGE_LOOP('',(#14743));
#14743 = ORIENTED_EDGE('',*,*,#14744,.T.);
#14744 = EDGE_CURVE('',#14745,#14745,#14747,.T.);
#14745 = VERTEX_POINT('',#14746);
#14746 = CARTESIAN_POINT('',(26.76,25.2,0.));
#14747 = CIRCLE('',#14748,0.5);
#14748 = AXIS2_PLACEMENT_3D('',#14749,#14750,#14751);
#14749 = CARTESIAN_POINT('',(26.76,25.7,0.));
#14750 = DIRECTION('',(-0.,0.,-1.));
#14751 = DIRECTION('',(-0.,-1.,0.));
#14752 = FACE_BOUND('',#14753,.F.);
#14753 = EDGE_LOOP('',(#14754));
#14754 = ORIENTED_EDGE('',*,*,#14755,.T.);
#14755 = EDGE_CURVE('',#14756,#14756,#14758,.T.);
#14756 = VERTEX_POINT('',#14757);
#14757 = CARTESIAN_POINT('',(29.3,25.2,0.));
#14758 = CIRCLE('',#14759,0.5);
#14759 = AXIS2_PLACEMENT_3D('',#14760,#14761,#14762);
#14760 = CARTESIAN_POINT('',(29.3,25.7,0.));
#14761 = DIRECTION('',(-0.,0.,-1.));
#14762 = DIRECTION('',(-0.,-1.,0.));
#14763 = FACE_BOUND('',#14764,.F.);
#14764 = EDGE_LOOP('',(#14765));
#14765 = ORIENTED_EDGE('',*,*,#14766,.T.);
#14766 = EDGE_CURVE('',#14767,#14767,#14769,.T.);
#14767 = VERTEX_POINT('',#14768);
#14768 = CARTESIAN_POINT('',(31.84,25.2,0.));
#14769 = CIRCLE('',#14770,0.5);
#14770 = AXIS2_PLACEMENT_3D('',#14771,#14772,#14773);
#14771 = CARTESIAN_POINT('',(31.84,25.7,0.));
#14772 = DIRECTION('',(-0.,0.,-1.));
#14773 = DIRECTION('',(-7.105427357601E-15,-1.,0.));
#14774 = PLANE('',#14775);
#14775 = AXIS2_PLACEMENT_3D('',#14776,#14777,#14778);
#14776 = CARTESIAN_POINT('',(0.,0.,0.));
#14777 = DIRECTION('',(0.,0.,1.));
#14778 = DIRECTION('',(1.,0.,-0.));
#14779 = ADVANCED_FACE('',(#14780,#14791,#14802,#14813,#14824,#14835,
    #14846,#14857,#14868,#14879,#14890,#14901,#14912,#14923,#14934,
    #14945,#14956,#14967,#14978,#14989,#15000,#15011,#15022,#15033,
    #15044,#15055,#15066,#15077,#15088,#15099,#15110,#15121,#15132,
    #15143,#15154,#15165,#15176,#15187,#15198,#15209,#15220,#15231,
    #15242),#15253,.T.);
#14780 = FACE_BOUND('',#14781,.T.);
#14781 = EDGE_LOOP('',(#14782,#14783,#14784,#14790));
#14782 = ORIENTED_EDGE('',*,*,#14212,.F.);
#14783 = ORIENTED_EDGE('',*,*,#14252,.F.);
#14784 = ORIENTED_EDGE('',*,*,#14785,.F.);
#14785 = EDGE_CURVE('',#14275,#14245,#14786,.T.);
#14786 = LINE('',#14787,#14788);
#14787 = CARTESIAN_POINT('',(1.7,29.1,0.8));
#14788 = VECTOR('',#14789,1.);
#14789 = DIRECTION('',(1.,0.,0.));
#14790 = ORIENTED_EDGE('',*,*,#14274,.F.);
#14791 = FACE_BOUND('',#14792,.T.);
#14792 = EDGE_LOOP('',(#14793));
#14793 = ORIENTED_EDGE('',*,*,#14794,.T.);
#14794 = EDGE_CURVE('',#14795,#14795,#14797,.T.);
#14795 = VERTEX_POINT('',#14796);
#14796 = CARTESIAN_POINT('',(3.81,0.77,0.8));
#14797 = CIRCLE('',#14798,0.5);
#14798 = AXIS2_PLACEMENT_3D('',#14799,#14800,#14801);
#14799 = CARTESIAN_POINT('',(3.81,1.27,0.8));
#14800 = DIRECTION('',(-0.,0.,-1.));
#14801 = DIRECTION('',(8.881784197001E-16,-1.,-0.));
#14802 = FACE_BOUND('',#14803,.T.);
#14803 = EDGE_LOOP('',(#14804));
#14804 = ORIENTED_EDGE('',*,*,#14805,.T.);
#14805 = EDGE_CURVE('',#14806,#14806,#14808,.T.);
#14806 = VERTEX_POINT('',#14807);
#14807 = CARTESIAN_POINT('',(6.35,0.77,0.8));
#14808 = CIRCLE('',#14809,0.5);
#14809 = AXIS2_PLACEMENT_3D('',#14810,#14811,#14812);
#14810 = CARTESIAN_POINT('',(6.35,1.27,0.8));
#14811 = DIRECTION('',(-0.,0.,-1.));
#14812 = DIRECTION('',(-0.,-1.,0.));
#14813 = FACE_BOUND('',#14814,.T.);
#14814 = EDGE_LOOP('',(#14815));
#14815 = ORIENTED_EDGE('',*,*,#14816,.T.);
#14816 = EDGE_CURVE('',#14817,#14817,#14819,.T.);
#14817 = VERTEX_POINT('',#14818);
#14818 = CARTESIAN_POINT('',(8.89,0.77,0.8));
#14819 = CIRCLE('',#14820,0.5);
#14820 = AXIS2_PLACEMENT_3D('',#14821,#14822,#14823);
#14821 = CARTESIAN_POINT('',(8.89,1.27,0.8));
#14822 = DIRECTION('',(-0.,0.,-1.));
#14823 = DIRECTION('',(-0.,-1.,0.));
#14824 = FACE_BOUND('',#14825,.T.);
#14825 = EDGE_LOOP('',(#14826));
#14826 = ORIENTED_EDGE('',*,*,#14827,.T.);
#14827 = EDGE_CURVE('',#14828,#14828,#14830,.T.);
#14828 = VERTEX_POINT('',#14829);
#14829 = CARTESIAN_POINT('',(4.,4.4,0.8));
#14830 = CIRCLE('',#14831,1.1);
#14831 = AXIS2_PLACEMENT_3D('',#14832,#14833,#14834);
#14832 = CARTESIAN_POINT('',(4.,5.5,0.8));
#14833 = DIRECTION('',(-0.,0.,-1.));
#14834 = DIRECTION('',(-0.,-1.,0.));
#14835 = FACE_BOUND('',#14836,.T.);
#14836 = EDGE_LOOP('',(#14837));
#14837 = ORIENTED_EDGE('',*,*,#14838,.T.);
#14838 = EDGE_CURVE('',#14839,#14839,#14841,.T.);
#14839 = VERTEX_POINT('',#14840);
#14840 = CARTESIAN_POINT('',(11.43,0.77,0.8));
#14841 = CIRCLE('',#14842,0.5);
#14842 = AXIS2_PLACEMENT_3D('',#14843,#14844,#14845);
#14843 = CARTESIAN_POINT('',(11.43,1.27,0.8));
#14844 = DIRECTION('',(-0.,0.,-1.));
#14845 = DIRECTION('',(-0.,-1.,0.));
#14846 = FACE_BOUND('',#14847,.T.);
#14847 = EDGE_LOOP('',(#14848));
#14848 = ORIENTED_EDGE('',*,*,#14849,.T.);
#14849 = EDGE_CURVE('',#14850,#14850,#14852,.T.);
#14850 = VERTEX_POINT('',#14851);
#14851 = CARTESIAN_POINT('',(13.97,0.77,0.8));
#14852 = CIRCLE('',#14853,0.5);
#14853 = AXIS2_PLACEMENT_3D('',#14854,#14855,#14856);
#14854 = CARTESIAN_POINT('',(13.97,1.27,0.8));
#14855 = DIRECTION('',(-0.,0.,-1.));
#14856 = DIRECTION('',(-0.,-1.,0.));
#14857 = FACE_BOUND('',#14858,.T.);
#14858 = EDGE_LOOP('',(#14859));
#14859 = ORIENTED_EDGE('',*,*,#14860,.T.);
#14860 = EDGE_CURVE('',#14861,#14861,#14863,.T.);
#14861 = VERTEX_POINT('',#14862);
#14862 = CARTESIAN_POINT('',(16.51,0.77,0.8));
#14863 = CIRCLE('',#14864,0.5);
#14864 = AXIS2_PLACEMENT_3D('',#14865,#14866,#14867);
#14865 = CARTESIAN_POINT('',(16.51,1.27,0.8));
#14866 = DIRECTION('',(-0.,0.,-1.));
#14867 = DIRECTION('',(-0.,-1.,0.));
#14868 = FACE_BOUND('',#14869,.T.);
#14869 = EDGE_LOOP('',(#14870));
#14870 = ORIENTED_EDGE('',*,*,#14871,.T.);
#14871 = EDGE_CURVE('',#14872,#14872,#14874,.T.);
#14872 = VERTEX_POINT('',#14873);
#14873 = CARTESIAN_POINT('',(19.05,0.77,0.8));
#14874 = CIRCLE('',#14875,0.5);
#14875 = AXIS2_PLACEMENT_3D('',#14876,#14877,#14878);
#14876 = CARTESIAN_POINT('',(19.05,1.27,0.8));
#14877 = DIRECTION('',(-0.,0.,-1.));
#14878 = DIRECTION('',(-0.,-1.,0.));
#14879 = FACE_BOUND('',#14880,.T.);
#14880 = EDGE_LOOP('',(#14881));
#14881 = ORIENTED_EDGE('',*,*,#14882,.T.);
#14882 = EDGE_CURVE('',#14883,#14883,#14885,.T.);
#14883 = VERTEX_POINT('',#14884);
#14884 = CARTESIAN_POINT('',(21.59,0.77,0.8));
#14885 = CIRCLE('',#14886,0.5);
#14886 = AXIS2_PLACEMENT_3D('',#14887,#14888,#14889);
#14887 = CARTESIAN_POINT('',(21.59,1.27,0.8));
#14888 = DIRECTION('',(-0.,0.,-1.));
#14889 = DIRECTION('',(-0.,-1.,0.));
#14890 = FACE_BOUND('',#14891,.T.);
#14891 = EDGE_LOOP('',(#14892));
#14892 = ORIENTED_EDGE('',*,*,#14893,.T.);
#14893 = EDGE_CURVE('',#14894,#14894,#14896,.T.);
#14894 = VERTEX_POINT('',#14895);
#14895 = CARTESIAN_POINT('',(24.13,0.77,0.8));
#14896 = CIRCLE('',#14897,0.5);
#14897 = AXIS2_PLACEMENT_3D('',#14898,#14899,#14900);
#14898 = CARTESIAN_POINT('',(24.13,1.27,0.8));
#14899 = DIRECTION('',(-0.,0.,-1.));
#14900 = DIRECTION('',(-0.,-1.,0.));
#14901 = FACE_BOUND('',#14902,.T.);
#14902 = EDGE_LOOP('',(#14903));
#14903 = ORIENTED_EDGE('',*,*,#14904,.T.);
#14904 = EDGE_CURVE('',#14905,#14905,#14907,.T.);
#14905 = VERTEX_POINT('',#14906);
#14906 = CARTESIAN_POINT('',(26.67,0.77,0.8));
#14907 = CIRCLE('',#14908,0.5);
#14908 = AXIS2_PLACEMENT_3D('',#14909,#14910,#14911);
#14909 = CARTESIAN_POINT('',(26.67,1.27,0.8));
#14910 = DIRECTION('',(-0.,0.,-1.));
#14911 = DIRECTION('',(-0.,-1.,0.));
#14912 = FACE_BOUND('',#14913,.T.);
#14913 = EDGE_LOOP('',(#14914));
#14914 = ORIENTED_EDGE('',*,*,#14915,.T.);
#14915 = EDGE_CURVE('',#14916,#14916,#14918,.T.);
#14916 = VERTEX_POINT('',#14917);
#14917 = CARTESIAN_POINT('',(29.21,0.77,0.8));
#14918 = CIRCLE('',#14919,0.5);
#14919 = AXIS2_PLACEMENT_3D('',#14920,#14921,#14922);
#14920 = CARTESIAN_POINT('',(29.21,1.27,0.8));
#14921 = DIRECTION('',(-0.,0.,-1.));
#14922 = DIRECTION('',(-0.,-1.,0.));
#14923 = FACE_BOUND('',#14924,.T.);
#14924 = EDGE_LOOP('',(#14925));
#14925 = ORIENTED_EDGE('',*,*,#14926,.T.);
#14926 = EDGE_CURVE('',#14927,#14927,#14929,.T.);
#14927 = VERTEX_POINT('',#14928);
#14928 = CARTESIAN_POINT('',(31.75,0.77,0.8));
#14929 = CIRCLE('',#14930,0.5);
#14930 = AXIS2_PLACEMENT_3D('',#14931,#14932,#14933);
#14931 = CARTESIAN_POINT('',(31.75,1.27,0.8));
#14932 = DIRECTION('',(-0.,0.,-1.));
#14933 = DIRECTION('',(-0.,-1.,0.));
#14934 = FACE_BOUND('',#14935,.T.);
#14935 = EDGE_LOOP('',(#14936));
#14936 = ORIENTED_EDGE('',*,*,#14937,.T.);
#14937 = EDGE_CURVE('',#14938,#14938,#14940,.T.);
#14938 = VERTEX_POINT('',#14939);
#14939 = CARTESIAN_POINT('',(31.5,4.4,0.8));
#14940 = CIRCLE('',#14941,1.1);
#14941 = AXIS2_PLACEMENT_3D('',#14942,#14943,#14944);
#14942 = CARTESIAN_POINT('',(31.5,5.5,0.8));
#14943 = DIRECTION('',(-0.,0.,-1.));
#14944 = DIRECTION('',(-0.,-1.,0.));
#14945 = FACE_BOUND('',#14946,.T.);
#14946 = EDGE_LOOP('',(#14947));
#14947 = ORIENTED_EDGE('',*,*,#14948,.T.);
#14948 = EDGE_CURVE('',#14949,#14949,#14951,.T.);
#14949 = VERTEX_POINT('',#14950);
#14950 = CARTESIAN_POINT('',(3.81,16.01,0.8));
#14951 = CIRCLE('',#14952,0.5);
#14952 = AXIS2_PLACEMENT_3D('',#14953,#14954,#14955);
#14953 = CARTESIAN_POINT('',(3.81,16.51,0.8));
#14954 = DIRECTION('',(-0.,0.,-1.));
#14955 = DIRECTION('',(8.881784197001E-16,-1.,-0.));
#14956 = FACE_BOUND('',#14957,.T.);
#14957 = EDGE_LOOP('',(#14958));
#14958 = ORIENTED_EDGE('',*,*,#14959,.T.);
#14959 = EDGE_CURVE('',#14960,#14960,#14962,.T.);
#14960 = VERTEX_POINT('',#14961);
#14961 = CARTESIAN_POINT('',(6.35,16.01,0.8));
#14962 = CIRCLE('',#14963,0.5);
#14963 = AXIS2_PLACEMENT_3D('',#14964,#14965,#14966);
#14964 = CARTESIAN_POINT('',(6.35,16.51,0.8));
#14965 = DIRECTION('',(-0.,0.,-1.));
#14966 = DIRECTION('',(-0.,-1.,0.));
#14967 = FACE_BOUND('',#14968,.T.);
#14968 = EDGE_LOOP('',(#14969));
#14969 = ORIENTED_EDGE('',*,*,#14970,.T.);
#14970 = EDGE_CURVE('',#14971,#14971,#14973,.T.);
#14971 = VERTEX_POINT('',#14972);
#14972 = CARTESIAN_POINT('',(8.89,16.01,0.8));
#14973 = CIRCLE('',#14974,0.5);
#14974 = AXIS2_PLACEMENT_3D('',#14975,#14976,#14977);
#14975 = CARTESIAN_POINT('',(8.89,16.51,0.8));
#14976 = DIRECTION('',(-0.,0.,-1.));
#14977 = DIRECTION('',(-0.,-1.,0.));
#14978 = FACE_BOUND('',#14979,.T.);
#14979 = EDGE_LOOP('',(#14980));
#14980 = ORIENTED_EDGE('',*,*,#14981,.T.);
#14981 = EDGE_CURVE('',#14982,#14982,#14984,.T.);
#14982 = VERTEX_POINT('',#14983);
#14983 = CARTESIAN_POINT('',(3.7,19.9,0.8));
#14984 = CIRCLE('',#14985,0.5);
#14985 = AXIS2_PLACEMENT_3D('',#14986,#14987,#14988);
#14986 = CARTESIAN_POINT('',(3.7,20.4,0.8));
#14987 = DIRECTION('',(-0.,0.,-1.));
#14988 = DIRECTION('',(-0.,-1.,0.));
#14989 = FACE_BOUND('',#14990,.T.);
#14990 = EDGE_LOOP('',(#14991));
#14991 = ORIENTED_EDGE('',*,*,#14992,.T.);
#14992 = EDGE_CURVE('',#14993,#14993,#14995,.T.);
#14993 = VERTEX_POINT('',#14994);
#14994 = CARTESIAN_POINT('',(8.5,20.3,0.8));
#14995 = CIRCLE('',#14996,0.4);
#14996 = AXIS2_PLACEMENT_3D('',#14997,#14998,#14999);
#14997 = CARTESIAN_POINT('',(8.5,20.7,0.8));
#14998 = DIRECTION('',(-0.,0.,-1.));
#14999 = DIRECTION('',(-0.,-1.,0.));
#15000 = FACE_BOUND('',#15001,.T.);
#15001 = EDGE_LOOP('',(#15002));
#15002 = ORIENTED_EDGE('',*,*,#15003,.T.);
#15003 = EDGE_CURVE('',#15004,#15004,#15006,.T.);
#15004 = VERTEX_POINT('',#15005);
#15005 = CARTESIAN_POINT('',(11.43,16.01,0.8));
#15006 = CIRCLE('',#15007,0.5);
#15007 = AXIS2_PLACEMENT_3D('',#15008,#15009,#15010);
#15008 = CARTESIAN_POINT('',(11.43,16.51,0.8));
#15009 = DIRECTION('',(-0.,0.,-1.));
#15010 = DIRECTION('',(-0.,-1.,0.));
#15011 = FACE_BOUND('',#15012,.T.);
#15012 = EDGE_LOOP('',(#15013));
#15013 = ORIENTED_EDGE('',*,*,#15014,.T.);
#15014 = EDGE_CURVE('',#15015,#15015,#15017,.T.);
#15015 = VERTEX_POINT('',#15016);
#15016 = CARTESIAN_POINT('',(13.97,16.01,0.8));
#15017 = CIRCLE('',#15018,0.5);
#15018 = AXIS2_PLACEMENT_3D('',#15019,#15020,#15021);
#15019 = CARTESIAN_POINT('',(13.97,16.51,0.8));
#15020 = DIRECTION('',(-0.,0.,-1.));
#15021 = DIRECTION('',(-0.,-1.,0.));
#15022 = FACE_BOUND('',#15023,.T.);
#15023 = EDGE_LOOP('',(#15024));
#15024 = ORIENTED_EDGE('',*,*,#15025,.T.);
#15025 = EDGE_CURVE('',#15026,#15026,#15028,.T.);
#15026 = VERTEX_POINT('',#15027);
#15027 = CARTESIAN_POINT('',(16.51,16.01,0.8));
#15028 = CIRCLE('',#15029,0.5);
#15029 = AXIS2_PLACEMENT_3D('',#15030,#15031,#15032);
#15030 = CARTESIAN_POINT('',(16.51,16.51,0.8));
#15031 = DIRECTION('',(-0.,0.,-1.));
#15032 = DIRECTION('',(-0.,-1.,0.));
#15033 = FACE_BOUND('',#15034,.T.);
#15034 = EDGE_LOOP('',(#15035));
#15035 = ORIENTED_EDGE('',*,*,#15036,.T.);
#15036 = EDGE_CURVE('',#15037,#15037,#15039,.T.);
#15037 = VERTEX_POINT('',#15038);
#15038 = CARTESIAN_POINT('',(3.7,22.44,0.8));
#15039 = CIRCLE('',#15040,0.5);
#15040 = AXIS2_PLACEMENT_3D('',#15041,#15042,#15043);
#15041 = CARTESIAN_POINT('',(3.7,22.94,0.8));
#15042 = DIRECTION('',(-0.,0.,-1.));
#15043 = DIRECTION('',(-0.,-1.,0.));
#15044 = FACE_BOUND('',#15045,.T.);
#15045 = EDGE_LOOP('',(#15046));
#15046 = ORIENTED_EDGE('',*,*,#15047,.T.);
#15047 = EDGE_CURVE('',#15048,#15048,#15050,.T.);
#15048 = VERTEX_POINT('',#15049);
#15049 = CARTESIAN_POINT('',(8.5,22.8,0.8));
#15050 = CIRCLE('',#15051,0.4);
#15051 = AXIS2_PLACEMENT_3D('',#15052,#15053,#15054);
#15052 = CARTESIAN_POINT('',(8.5,23.2,0.8));
#15053 = DIRECTION('',(-0.,0.,-1.));
#15054 = DIRECTION('',(-0.,-1.,0.));
#15055 = FACE_BOUND('',#15056,.T.);
#15056 = EDGE_LOOP('',(#15057));
#15057 = ORIENTED_EDGE('',*,*,#15058,.T.);
#15058 = EDGE_CURVE('',#15059,#15059,#15061,.T.);
#15059 = VERTEX_POINT('',#15060);
#15060 = CARTESIAN_POINT('',(4.,26.2,0.8));
#15061 = CIRCLE('',#15062,1.1);
#15062 = AXIS2_PLACEMENT_3D('',#15063,#15064,#15065);
#15063 = CARTESIAN_POINT('',(4.,27.3,0.8));
#15064 = DIRECTION('',(-0.,0.,-1.));
#15065 = DIRECTION('',(-0.,-1.,0.));
#15066 = FACE_BOUND('',#15067,.T.);
#15067 = EDGE_LOOP('',(#15068));
#15068 = ORIENTED_EDGE('',*,*,#15069,.T.);
#15069 = EDGE_CURVE('',#15070,#15070,#15072,.T.);
#15070 = VERTEX_POINT('',#15071);
#15071 = CARTESIAN_POINT('',(13.1,22.3,0.8));
#15072 = CIRCLE('',#15073,0.4);
#15073 = AXIS2_PLACEMENT_3D('',#15074,#15075,#15076);
#15074 = CARTESIAN_POINT('',(13.1,22.7,0.8));
#15075 = DIRECTION('',(-0.,0.,-1.));
#15076 = DIRECTION('',(-0.,-1.,0.));
#15077 = FACE_BOUND('',#15078,.T.);
#15078 = EDGE_LOOP('',(#15079));
#15079 = ORIENTED_EDGE('',*,*,#15080,.T.);
#15080 = EDGE_CURVE('',#15081,#15081,#15083,.T.);
#15081 = VERTEX_POINT('',#15082);
#15082 = CARTESIAN_POINT('',(15.6,22.3,0.8));
#15083 = CIRCLE('',#15084,0.4);
#15084 = AXIS2_PLACEMENT_3D('',#15085,#15086,#15087);
#15085 = CARTESIAN_POINT('',(15.6,22.7,0.8));
#15086 = DIRECTION('',(-0.,0.,-1.));
#15087 = DIRECTION('',(-0.,-1.,0.));
#15088 = FACE_BOUND('',#15089,.T.);
#15089 = EDGE_LOOP('',(#15090));
#15090 = ORIENTED_EDGE('',*,*,#15091,.T.);
#15091 = EDGE_CURVE('',#15092,#15092,#15094,.T.);
#15092 = VERTEX_POINT('',#15093);
#15093 = CARTESIAN_POINT('',(19.05,16.01,0.8));
#15094 = CIRCLE('',#15095,0.5);
#15095 = AXIS2_PLACEMENT_3D('',#15096,#15097,#15098);
#15096 = CARTESIAN_POINT('',(19.05,16.51,0.8));
#15097 = DIRECTION('',(-0.,0.,-1.));
#15098 = DIRECTION('',(-0.,-1.,0.));
#15099 = FACE_BOUND('',#15100,.T.);
#15100 = EDGE_LOOP('',(#15101));
#15101 = ORIENTED_EDGE('',*,*,#15102,.T.);
#15102 = EDGE_CURVE('',#15103,#15103,#15105,.T.);
#15103 = VERTEX_POINT('',#15104);
#15104 = CARTESIAN_POINT('',(21.59,16.01,0.8));
#15105 = CIRCLE('',#15106,0.5);
#15106 = AXIS2_PLACEMENT_3D('',#15107,#15108,#15109);
#15107 = CARTESIAN_POINT('',(21.59,16.51,0.8));
#15108 = DIRECTION('',(-0.,0.,-1.));
#15109 = DIRECTION('',(-0.,-1.,0.));
#15110 = FACE_BOUND('',#15111,.T.);
#15111 = EDGE_LOOP('',(#15112));
#15112 = ORIENTED_EDGE('',*,*,#15113,.T.);
#15113 = EDGE_CURVE('',#15114,#15114,#15116,.T.);
#15114 = VERTEX_POINT('',#15115);
#15115 = CARTESIAN_POINT('',(24.13,16.01,0.8));
#15116 = CIRCLE('',#15117,0.5);
#15117 = AXIS2_PLACEMENT_3D('',#15118,#15119,#15120);
#15118 = CARTESIAN_POINT('',(24.13,16.51,0.8));
#15119 = DIRECTION('',(-0.,0.,-1.));
#15120 = DIRECTION('',(-0.,-1.,0.));
#15121 = FACE_BOUND('',#15122,.T.);
#15122 = EDGE_LOOP('',(#15123));
#15123 = ORIENTED_EDGE('',*,*,#15124,.T.);
#15124 = EDGE_CURVE('',#15125,#15125,#15127,.T.);
#15125 = VERTEX_POINT('',#15126);
#15126 = CARTESIAN_POINT('',(19.6,20.2,0.8));
#15127 = CIRCLE('',#15128,0.5);
#15128 = AXIS2_PLACEMENT_3D('',#15129,#15130,#15131);
#15129 = CARTESIAN_POINT('',(19.6,20.7,0.8));
#15130 = DIRECTION('',(-0.,0.,-1.));
#15131 = DIRECTION('',(-0.,-1.,0.));
#15132 = FACE_BOUND('',#15133,.T.);
#15133 = EDGE_LOOP('',(#15134));
#15134 = ORIENTED_EDGE('',*,*,#15135,.T.);
#15135 = EDGE_CURVE('',#15136,#15136,#15138,.T.);
#15136 = VERTEX_POINT('',#15137);
#15137 = CARTESIAN_POINT('',(23.82,20.5,0.8));
#15138 = CIRCLE('',#15139,0.5);
#15139 = AXIS2_PLACEMENT_3D('',#15140,#15141,#15142);
#15140 = CARTESIAN_POINT('',(23.82,21.,0.8));
#15141 = DIRECTION('',(-0.,0.,-1.));
#15142 = DIRECTION('',(-0.,-1.,0.));
#15143 = FACE_BOUND('',#15144,.T.);
#15144 = EDGE_LOOP('',(#15145));
#15145 = ORIENTED_EDGE('',*,*,#15146,.T.);
#15146 = EDGE_CURVE('',#15147,#15147,#15149,.T.);
#15147 = VERTEX_POINT('',#15148);
#15148 = CARTESIAN_POINT('',(26.67,16.01,0.8));
#15149 = CIRCLE('',#15150,0.5);
#15150 = AXIS2_PLACEMENT_3D('',#15151,#15152,#15153);
#15151 = CARTESIAN_POINT('',(26.67,16.51,0.8));
#15152 = DIRECTION('',(-0.,0.,-1.));
#15153 = DIRECTION('',(-0.,-1.,0.));
#15154 = FACE_BOUND('',#15155,.T.);
#15155 = EDGE_LOOP('',(#15156));
#15156 = ORIENTED_EDGE('',*,*,#15157,.T.);
#15157 = EDGE_CURVE('',#15158,#15158,#15160,.T.);
#15158 = VERTEX_POINT('',#15159);
#15159 = CARTESIAN_POINT('',(29.21,16.01,0.8));
#15160 = CIRCLE('',#15161,0.5);
#15161 = AXIS2_PLACEMENT_3D('',#15162,#15163,#15164);
#15162 = CARTESIAN_POINT('',(29.21,16.51,0.8));
#15163 = DIRECTION('',(-0.,0.,-1.));
#15164 = DIRECTION('',(-0.,-1.,0.));
#15165 = FACE_BOUND('',#15166,.T.);
#15166 = EDGE_LOOP('',(#15167));
#15167 = ORIENTED_EDGE('',*,*,#15168,.T.);
#15168 = EDGE_CURVE('',#15169,#15169,#15171,.T.);
#15169 = VERTEX_POINT('',#15170);
#15170 = CARTESIAN_POINT('',(31.75,16.01,0.8));
#15171 = CIRCLE('',#15172,0.5);
#15172 = AXIS2_PLACEMENT_3D('',#15173,#15174,#15175);
#15173 = CARTESIAN_POINT('',(31.75,16.51,0.8));
#15174 = DIRECTION('',(-0.,0.,-1.));
#15175 = DIRECTION('',(-0.,-1.,0.));
#15176 = FACE_BOUND('',#15177,.T.);
#15177 = EDGE_LOOP('',(#15178));
#15178 = ORIENTED_EDGE('',*,*,#15179,.T.);
#15179 = EDGE_CURVE('',#15180,#15180,#15182,.T.);
#15180 = VERTEX_POINT('',#15181);
#15181 = CARTESIAN_POINT('',(26.36,20.5,0.8));
#15182 = CIRCLE('',#15183,0.5);
#15183 = AXIS2_PLACEMENT_3D('',#15184,#15185,#15186);
#15184 = CARTESIAN_POINT('',(26.36,21.,0.8));
#15185 = DIRECTION('',(-0.,0.,-1.));
#15186 = DIRECTION('',(-0.,-1.,0.));
#15187 = FACE_BOUND('',#15188,.T.);
#15188 = EDGE_LOOP('',(#15189));
#15189 = ORIENTED_EDGE('',*,*,#15190,.T.);
#15190 = EDGE_CURVE('',#15191,#15191,#15193,.T.);
#15191 = VERTEX_POINT('',#15192);
#15192 = CARTESIAN_POINT('',(28.9,20.5,0.8));
#15193 = CIRCLE('',#15194,0.5);
#15194 = AXIS2_PLACEMENT_3D('',#15195,#15196,#15197);
#15195 = CARTESIAN_POINT('',(28.9,21.,0.8));
#15196 = DIRECTION('',(-0.,0.,-1.));
#15197 = DIRECTION('',(-0.,-1.,0.));
#15198 = FACE_BOUND('',#15199,.T.);
#15199 = EDGE_LOOP('',(#15200));
#15200 = ORIENTED_EDGE('',*,*,#15201,.T.);
#15201 = EDGE_CURVE('',#15202,#15202,#15204,.T.);
#15202 = VERTEX_POINT('',#15203);
#15203 = CARTESIAN_POINT('',(19.6,22.74,0.8));
#15204 = CIRCLE('',#15205,0.5);
#15205 = AXIS2_PLACEMENT_3D('',#15206,#15207,#15208);
#15206 = CARTESIAN_POINT('',(19.6,23.24,0.8));
#15207 = DIRECTION('',(-0.,0.,-1.));
#15208 = DIRECTION('',(-0.,-1.,0.));
#15209 = FACE_BOUND('',#15210,.T.);
#15210 = EDGE_LOOP('',(#15211));
#15211 = ORIENTED_EDGE('',*,*,#15212,.T.);
#15212 = EDGE_CURVE('',#15213,#15213,#15215,.T.);
#15213 = VERTEX_POINT('',#15214);
#15214 = CARTESIAN_POINT('',(19.6,25.28,0.8));
#15215 = CIRCLE('',#15216,0.5);
#15216 = AXIS2_PLACEMENT_3D('',#15217,#15218,#15219);
#15217 = CARTESIAN_POINT('',(19.6,25.78,0.8));
#15218 = DIRECTION('',(-0.,0.,-1.));
#15219 = DIRECTION('',(-0.,-1.,0.));
#15220 = FACE_BOUND('',#15221,.T.);
#15221 = EDGE_LOOP('',(#15222));
#15222 = ORIENTED_EDGE('',*,*,#15223,.T.);
#15223 = EDGE_CURVE('',#15224,#15224,#15226,.T.);
#15224 = VERTEX_POINT('',#15225);
#15225 = CARTESIAN_POINT('',(26.76,25.2,0.8));
#15226 = CIRCLE('',#15227,0.5);
#15227 = AXIS2_PLACEMENT_3D('',#15228,#15229,#15230);
#15228 = CARTESIAN_POINT('',(26.76,25.7,0.8));
#15229 = DIRECTION('',(-0.,0.,-1.));
#15230 = DIRECTION('',(-0.,-1.,0.));
#15231 = FACE_BOUND('',#15232,.T.);
#15232 = EDGE_LOOP('',(#15233));
#15233 = ORIENTED_EDGE('',*,*,#15234,.T.);
#15234 = EDGE_CURVE('',#15235,#15235,#15237,.T.);
#15235 = VERTEX_POINT('',#15236);
#15236 = CARTESIAN_POINT('',(29.3,25.2,0.8));
#15237 = CIRCLE('',#15238,0.5);
#15238 = AXIS2_PLACEMENT_3D('',#15239,#15240,#15241);
#15239 = CARTESIAN_POINT('',(29.3,25.7,0.8));
#15240 = DIRECTION('',(-0.,0.,-1.));
#15241 = DIRECTION('',(-0.,-1.,0.));
#15242 = FACE_BOUND('',#15243,.T.);
#15243 = EDGE_LOOP('',(#15244));
#15244 = ORIENTED_EDGE('',*,*,#15245,.T.);
#15245 = EDGE_CURVE('',#15246,#15246,#15248,.T.);
#15246 = VERTEX_POINT('',#15247);
#15247 = CARTESIAN_POINT('',(31.84,25.2,0.8));
#15248 = CIRCLE('',#15249,0.5);
#15249 = AXIS2_PLACEMENT_3D('',#15250,#15251,#15252);
#15250 = CARTESIAN_POINT('',(31.84,25.7,0.8));
#15251 = DIRECTION('',(-0.,0.,-1.));
#15252 = DIRECTION('',(-7.105427357601E-15,-1.,0.));
#15253 = PLANE('',#15254);
#15254 = AXIS2_PLACEMENT_3D('',#15255,#15256,#15257);
#15255 = CARTESIAN_POINT('',(0.,0.,0.8));
#15256 = DIRECTION('',(0.,0.,1.));
#15257 = DIRECTION('',(1.,0.,-0.));
#15258 = ADVANCED_FACE('',(#15259),#15265,.T.);
#15259 = FACE_BOUND('',#15260,.T.);
#15260 = EDGE_LOOP('',(#15261,#15262,#15263,#15264));
#15261 = ORIENTED_EDGE('',*,*,#14282,.T.);
#15262 = ORIENTED_EDGE('',*,*,#14785,.T.);
#15263 = ORIENTED_EDGE('',*,*,#14242,.F.);
#15264 = ORIENTED_EDGE('',*,*,#14306,.F.);
#15265 = PLANE('',#15266);
#15266 = AXIS2_PLACEMENT_3D('',#15267,#15268,#15269);
#15267 = CARTESIAN_POINT('',(1.7,29.1,0.));
#15268 = DIRECTION('',(0.,1.,0.));
#15269 = DIRECTION('',(1.,0.,0.));
#15270 = ADVANCED_FACE('',(#15271),#15282,.F.);
#15271 = FACE_BOUND('',#15272,.T.);
#15272 = EDGE_LOOP('',(#15273,#15274,#15280,#15281));
#15273 = ORIENTED_EDGE('',*,*,#14315,.T.);
#15274 = ORIENTED_EDGE('',*,*,#15275,.T.);
#15275 = EDGE_CURVE('',#14316,#14795,#15276,.T.);
#15276 = LINE('',#15277,#15278);
#15277 = CARTESIAN_POINT('',(3.81,0.77,-4.6E-02));
#15278 = VECTOR('',#15279,1.);
#15279 = DIRECTION('',(0.,0.,1.));
#15280 = ORIENTED_EDGE('',*,*,#14794,.F.);
#15281 = ORIENTED_EDGE('',*,*,#15275,.F.);
#15282 = CYLINDRICAL_SURFACE('',#15283,0.5);
#15283 = AXIS2_PLACEMENT_3D('',#15284,#15285,#15286);
#15284 = CARTESIAN_POINT('',(3.81,1.27,-4.6E-02));
#15285 = DIRECTION('',(-0.,0.,-1.));
#15286 = DIRECTION('',(8.881784197001E-16,-1.,-0.));
#15287 = ADVANCED_FACE('',(#15288),#15299,.F.);
#15288 = FACE_BOUND('',#15289,.T.);
#15289 = EDGE_LOOP('',(#15290,#15291,#15297,#15298));
#15290 = ORIENTED_EDGE('',*,*,#14326,.T.);
#15291 = ORIENTED_EDGE('',*,*,#15292,.T.);
#15292 = EDGE_CURVE('',#14327,#14806,#15293,.T.);
#15293 = LINE('',#15294,#15295);
#15294 = CARTESIAN_POINT('',(6.35,0.77,-4.6E-02));
#15295 = VECTOR('',#15296,1.);
#15296 = DIRECTION('',(0.,0.,1.));
#15297 = ORIENTED_EDGE('',*,*,#14805,.F.);
#15298 = ORIENTED_EDGE('',*,*,#15292,.F.);
#15299 = CYLINDRICAL_SURFACE('',#15300,0.5);
#15300 = AXIS2_PLACEMENT_3D('',#15301,#15302,#15303);
#15301 = CARTESIAN_POINT('',(6.35,1.27,-4.6E-02));
#15302 = DIRECTION('',(-0.,-0.,-1.));
#15303 = DIRECTION('',(-0.,-1.,0.));
#15304 = ADVANCED_FACE('',(#15305),#15316,.F.);
#15305 = FACE_BOUND('',#15306,.T.);
#15306 = EDGE_LOOP('',(#15307,#15308,#15314,#15315));
#15307 = ORIENTED_EDGE('',*,*,#14337,.T.);
#15308 = ORIENTED_EDGE('',*,*,#15309,.T.);
#15309 = EDGE_CURVE('',#14338,#14817,#15310,.T.);
#15310 = LINE('',#15311,#15312);
#15311 = CARTESIAN_POINT('',(8.89,0.77,-4.6E-02));
#15312 = VECTOR('',#15313,1.);
#15313 = DIRECTION('',(0.,0.,1.));
#15314 = ORIENTED_EDGE('',*,*,#14816,.F.);
#15315 = ORIENTED_EDGE('',*,*,#15309,.F.);
#15316 = CYLINDRICAL_SURFACE('',#15317,0.5);
#15317 = AXIS2_PLACEMENT_3D('',#15318,#15319,#15320);
#15318 = CARTESIAN_POINT('',(8.89,1.27,-4.6E-02));
#15319 = DIRECTION('',(-0.,-0.,-1.));
#15320 = DIRECTION('',(-0.,-1.,0.));
#15321 = ADVANCED_FACE('',(#15322),#15333,.F.);
#15322 = FACE_BOUND('',#15323,.T.);
#15323 = EDGE_LOOP('',(#15324,#15325,#15331,#15332));
#15324 = ORIENTED_EDGE('',*,*,#14348,.T.);
#15325 = ORIENTED_EDGE('',*,*,#15326,.T.);
#15326 = EDGE_CURVE('',#14349,#14828,#15327,.T.);
#15327 = LINE('',#15328,#15329);
#15328 = CARTESIAN_POINT('',(4.,4.4,-4.6E-02));
#15329 = VECTOR('',#15330,1.);
#15330 = DIRECTION('',(0.,0.,1.));
#15331 = ORIENTED_EDGE('',*,*,#14827,.F.);
#15332 = ORIENTED_EDGE('',*,*,#15326,.F.);
#15333 = CYLINDRICAL_SURFACE('',#15334,1.1);
#15334 = AXIS2_PLACEMENT_3D('',#15335,#15336,#15337);
#15335 = CARTESIAN_POINT('',(4.,5.5,-4.6E-02));
#15336 = DIRECTION('',(-0.,-0.,-1.));
#15337 = DIRECTION('',(-0.,-1.,0.));
#15338 = ADVANCED_FACE('',(#15339),#15350,.F.);
#15339 = FACE_BOUND('',#15340,.T.);
#15340 = EDGE_LOOP('',(#15341,#15342,#15348,#15349));
#15341 = ORIENTED_EDGE('',*,*,#14359,.T.);
#15342 = ORIENTED_EDGE('',*,*,#15343,.T.);
#15343 = EDGE_CURVE('',#14360,#14839,#15344,.T.);
#15344 = LINE('',#15345,#15346);
#15345 = CARTESIAN_POINT('',(11.43,0.77,-4.6E-02));
#15346 = VECTOR('',#15347,1.);
#15347 = DIRECTION('',(0.,0.,1.));
#15348 = ORIENTED_EDGE('',*,*,#14838,.F.);
#15349 = ORIENTED_EDGE('',*,*,#15343,.F.);
#15350 = CYLINDRICAL_SURFACE('',#15351,0.5);
#15351 = AXIS2_PLACEMENT_3D('',#15352,#15353,#15354);
#15352 = CARTESIAN_POINT('',(11.43,1.27,-4.6E-02));
#15353 = DIRECTION('',(-0.,-0.,-1.));
#15354 = DIRECTION('',(-0.,-1.,0.));
#15355 = ADVANCED_FACE('',(#15356),#15367,.F.);
#15356 = FACE_BOUND('',#15357,.T.);
#15357 = EDGE_LOOP('',(#15358,#15359,#15365,#15366));
#15358 = ORIENTED_EDGE('',*,*,#14370,.T.);
#15359 = ORIENTED_EDGE('',*,*,#15360,.T.);
#15360 = EDGE_CURVE('',#14371,#14850,#15361,.T.);
#15361 = LINE('',#15362,#15363);
#15362 = CARTESIAN_POINT('',(13.97,0.77,-4.6E-02));
#15363 = VECTOR('',#15364,1.);
#15364 = DIRECTION('',(0.,0.,1.));
#15365 = ORIENTED_EDGE('',*,*,#14849,.F.);
#15366 = ORIENTED_EDGE('',*,*,#15360,.F.);
#15367 = CYLINDRICAL_SURFACE('',#15368,0.5);
#15368 = AXIS2_PLACEMENT_3D('',#15369,#15370,#15371);
#15369 = CARTESIAN_POINT('',(13.97,1.27,-4.6E-02));
#15370 = DIRECTION('',(-0.,-0.,-1.));
#15371 = DIRECTION('',(-0.,-1.,0.));
#15372 = ADVANCED_FACE('',(#15373),#15384,.F.);
#15373 = FACE_BOUND('',#15374,.T.);
#15374 = EDGE_LOOP('',(#15375,#15376,#15382,#15383));
#15375 = ORIENTED_EDGE('',*,*,#14381,.T.);
#15376 = ORIENTED_EDGE('',*,*,#15377,.T.);
#15377 = EDGE_CURVE('',#14382,#14861,#15378,.T.);
#15378 = LINE('',#15379,#15380);
#15379 = CARTESIAN_POINT('',(16.51,0.77,-4.6E-02));
#15380 = VECTOR('',#15381,1.);
#15381 = DIRECTION('',(0.,0.,1.));
#15382 = ORIENTED_EDGE('',*,*,#14860,.F.);
#15383 = ORIENTED_EDGE('',*,*,#15377,.F.);
#15384 = CYLINDRICAL_SURFACE('',#15385,0.5);
#15385 = AXIS2_PLACEMENT_3D('',#15386,#15387,#15388);
#15386 = CARTESIAN_POINT('',(16.51,1.27,-4.6E-02));
#15387 = DIRECTION('',(-0.,-0.,-1.));
#15388 = DIRECTION('',(-0.,-1.,0.));
#15389 = ADVANCED_FACE('',(#15390),#15401,.F.);
#15390 = FACE_BOUND('',#15391,.T.);
#15391 = EDGE_LOOP('',(#15392,#15393,#15399,#15400));
#15392 = ORIENTED_EDGE('',*,*,#14392,.T.);
#15393 = ORIENTED_EDGE('',*,*,#15394,.T.);
#15394 = EDGE_CURVE('',#14393,#14872,#15395,.T.);
#15395 = LINE('',#15396,#15397);
#15396 = CARTESIAN_POINT('',(19.05,0.77,-4.6E-02));
#15397 = VECTOR('',#15398,1.);
#15398 = DIRECTION('',(0.,0.,1.));
#15399 = ORIENTED_EDGE('',*,*,#14871,.F.);
#15400 = ORIENTED_EDGE('',*,*,#15394,.F.);
#15401 = CYLINDRICAL_SURFACE('',#15402,0.5);
#15402 = AXIS2_PLACEMENT_3D('',#15403,#15404,#15405);
#15403 = CARTESIAN_POINT('',(19.05,1.27,-4.6E-02));
#15404 = DIRECTION('',(-0.,-0.,-1.));
#15405 = DIRECTION('',(-0.,-1.,0.));
#15406 = ADVANCED_FACE('',(#15407),#15418,.F.);
#15407 = FACE_BOUND('',#15408,.T.);
#15408 = EDGE_LOOP('',(#15409,#15410,#15416,#15417));
#15409 = ORIENTED_EDGE('',*,*,#14403,.T.);
#15410 = ORIENTED_EDGE('',*,*,#15411,.T.);
#15411 = EDGE_CURVE('',#14404,#14883,#15412,.T.);
#15412 = LINE('',#15413,#15414);
#15413 = CARTESIAN_POINT('',(21.59,0.77,-4.6E-02));
#15414 = VECTOR('',#15415,1.);
#15415 = DIRECTION('',(0.,0.,1.));
#15416 = ORIENTED_EDGE('',*,*,#14882,.F.);
#15417 = ORIENTED_EDGE('',*,*,#15411,.F.);
#15418 = CYLINDRICAL_SURFACE('',#15419,0.5);
#15419 = AXIS2_PLACEMENT_3D('',#15420,#15421,#15422);
#15420 = CARTESIAN_POINT('',(21.59,1.27,-4.6E-02));
#15421 = DIRECTION('',(-0.,-0.,-1.));
#15422 = DIRECTION('',(-0.,-1.,0.));
#15423 = ADVANCED_FACE('',(#15424),#15435,.F.);
#15424 = FACE_BOUND('',#15425,.T.);
#15425 = EDGE_LOOP('',(#15426,#15427,#15433,#15434));
#15426 = ORIENTED_EDGE('',*,*,#14414,.T.);
#15427 = ORIENTED_EDGE('',*,*,#15428,.T.);
#15428 = EDGE_CURVE('',#14415,#14894,#15429,.T.);
#15429 = LINE('',#15430,#15431);
#15430 = CARTESIAN_POINT('',(24.13,0.77,-4.6E-02));
#15431 = VECTOR('',#15432,1.);
#15432 = DIRECTION('',(0.,0.,1.));
#15433 = ORIENTED_EDGE('',*,*,#14893,.F.);
#15434 = ORIENTED_EDGE('',*,*,#15428,.F.);
#15435 = CYLINDRICAL_SURFACE('',#15436,0.5);
#15436 = AXIS2_PLACEMENT_3D('',#15437,#15438,#15439);
#15437 = CARTESIAN_POINT('',(24.13,1.27,-4.6E-02));
#15438 = DIRECTION('',(-0.,-0.,-1.));
#15439 = DIRECTION('',(-0.,-1.,0.));
#15440 = ADVANCED_FACE('',(#15441),#15452,.F.);
#15441 = FACE_BOUND('',#15442,.T.);
#15442 = EDGE_LOOP('',(#15443,#15444,#15450,#15451));
#15443 = ORIENTED_EDGE('',*,*,#14425,.T.);
#15444 = ORIENTED_EDGE('',*,*,#15445,.T.);
#15445 = EDGE_CURVE('',#14426,#14905,#15446,.T.);
#15446 = LINE('',#15447,#15448);
#15447 = CARTESIAN_POINT('',(26.67,0.77,-4.6E-02));
#15448 = VECTOR('',#15449,1.);
#15449 = DIRECTION('',(0.,0.,1.));
#15450 = ORIENTED_EDGE('',*,*,#14904,.F.);
#15451 = ORIENTED_EDGE('',*,*,#15445,.F.);
#15452 = CYLINDRICAL_SURFACE('',#15453,0.5);
#15453 = AXIS2_PLACEMENT_3D('',#15454,#15455,#15456);
#15454 = CARTESIAN_POINT('',(26.67,1.27,-4.6E-02));
#15455 = DIRECTION('',(-0.,-0.,-1.));
#15456 = DIRECTION('',(-0.,-1.,0.));
#15457 = ADVANCED_FACE('',(#15458),#15469,.F.);
#15458 = FACE_BOUND('',#15459,.T.);
#15459 = EDGE_LOOP('',(#15460,#15461,#15467,#15468));
#15460 = ORIENTED_EDGE('',*,*,#14436,.T.);
#15461 = ORIENTED_EDGE('',*,*,#15462,.T.);
#15462 = EDGE_CURVE('',#14437,#14916,#15463,.T.);
#15463 = LINE('',#15464,#15465);
#15464 = CARTESIAN_POINT('',(29.21,0.77,-4.6E-02));
#15465 = VECTOR('',#15466,1.);
#15466 = DIRECTION('',(0.,0.,1.));
#15467 = ORIENTED_EDGE('',*,*,#14915,.F.);
#15468 = ORIENTED_EDGE('',*,*,#15462,.F.);
#15469 = CYLINDRICAL_SURFACE('',#15470,0.5);
#15470 = AXIS2_PLACEMENT_3D('',#15471,#15472,#15473);
#15471 = CARTESIAN_POINT('',(29.21,1.27,-4.6E-02));
#15472 = DIRECTION('',(-0.,-0.,-1.));
#15473 = DIRECTION('',(-0.,-1.,0.));
#15474 = ADVANCED_FACE('',(#15475),#15486,.F.);
#15475 = FACE_BOUND('',#15476,.T.);
#15476 = EDGE_LOOP('',(#15477,#15478,#15484,#15485));
#15477 = ORIENTED_EDGE('',*,*,#14447,.T.);
#15478 = ORIENTED_EDGE('',*,*,#15479,.T.);
#15479 = EDGE_CURVE('',#14448,#14927,#15480,.T.);
#15480 = LINE('',#15481,#15482);
#15481 = CARTESIAN_POINT('',(31.75,0.77,-4.6E-02));
#15482 = VECTOR('',#15483,1.);
#15483 = DIRECTION('',(0.,0.,1.));
#15484 = ORIENTED_EDGE('',*,*,#14926,.F.);
#15485 = ORIENTED_EDGE('',*,*,#15479,.F.);
#15486 = CYLINDRICAL_SURFACE('',#15487,0.5);
#15487 = AXIS2_PLACEMENT_3D('',#15488,#15489,#15490);
#15488 = CARTESIAN_POINT('',(31.75,1.27,-4.6E-02));
#15489 = DIRECTION('',(-0.,-0.,-1.));
#15490 = DIRECTION('',(-0.,-1.,0.));
#15491 = ADVANCED_FACE('',(#15492),#15503,.F.);
#15492 = FACE_BOUND('',#15493,.T.);
#15493 = EDGE_LOOP('',(#15494,#15495,#15501,#15502));
#15494 = ORIENTED_EDGE('',*,*,#14458,.T.);
#15495 = ORIENTED_EDGE('',*,*,#15496,.T.);
#15496 = EDGE_CURVE('',#14459,#14938,#15497,.T.);
#15497 = LINE('',#15498,#15499);
#15498 = CARTESIAN_POINT('',(31.5,4.4,-4.6E-02));
#15499 = VECTOR('',#15500,1.);
#15500 = DIRECTION('',(0.,0.,1.));
#15501 = ORIENTED_EDGE('',*,*,#14937,.F.);
#15502 = ORIENTED_EDGE('',*,*,#15496,.F.);
#15503 = CYLINDRICAL_SURFACE('',#15504,1.1);
#15504 = AXIS2_PLACEMENT_3D('',#15505,#15506,#15507);
#15505 = CARTESIAN_POINT('',(31.5,5.5,-4.6E-02));
#15506 = DIRECTION('',(-0.,-0.,-1.));
#15507 = DIRECTION('',(-0.,-1.,0.));
#15508 = ADVANCED_FACE('',(#15509),#15520,.F.);
#15509 = FACE_BOUND('',#15510,.T.);
#15510 = EDGE_LOOP('',(#15511,#15512,#15518,#15519));
#15511 = ORIENTED_EDGE('',*,*,#14469,.T.);
#15512 = ORIENTED_EDGE('',*,*,#15513,.T.);
#15513 = EDGE_CURVE('',#14470,#14949,#15514,.T.);
#15514 = LINE('',#15515,#15516);
#15515 = CARTESIAN_POINT('',(3.81,16.01,-4.6E-02));
#15516 = VECTOR('',#15517,1.);
#15517 = DIRECTION('',(0.,0.,1.));
#15518 = ORIENTED_EDGE('',*,*,#14948,.F.);
#15519 = ORIENTED_EDGE('',*,*,#15513,.F.);
#15520 = CYLINDRICAL_SURFACE('',#15521,0.5);
#15521 = AXIS2_PLACEMENT_3D('',#15522,#15523,#15524);
#15522 = CARTESIAN_POINT('',(3.81,16.51,-4.6E-02));
#15523 = DIRECTION('',(-0.,0.,-1.));
#15524 = DIRECTION('',(8.881784197001E-16,-1.,-0.));
#15525 = ADVANCED_FACE('',(#15526),#15537,.F.);
#15526 = FACE_BOUND('',#15527,.T.);
#15527 = EDGE_LOOP('',(#15528,#15529,#15535,#15536));
#15528 = ORIENTED_EDGE('',*,*,#14480,.T.);
#15529 = ORIENTED_EDGE('',*,*,#15530,.T.);
#15530 = EDGE_CURVE('',#14481,#14960,#15531,.T.);
#15531 = LINE('',#15532,#15533);
#15532 = CARTESIAN_POINT('',(6.35,16.01,-4.6E-02));
#15533 = VECTOR('',#15534,1.);
#15534 = DIRECTION('',(0.,0.,1.));
#15535 = ORIENTED_EDGE('',*,*,#14959,.F.);
#15536 = ORIENTED_EDGE('',*,*,#15530,.F.);
#15537 = CYLINDRICAL_SURFACE('',#15538,0.5);
#15538 = AXIS2_PLACEMENT_3D('',#15539,#15540,#15541);
#15539 = CARTESIAN_POINT('',(6.35,16.51,-4.6E-02));
#15540 = DIRECTION('',(-0.,-0.,-1.));
#15541 = DIRECTION('',(-0.,-1.,0.));
#15542 = ADVANCED_FACE('',(#15543),#15554,.F.);
#15543 = FACE_BOUND('',#15544,.T.);
#15544 = EDGE_LOOP('',(#15545,#15546,#15552,#15553));
#15545 = ORIENTED_EDGE('',*,*,#14491,.T.);
#15546 = ORIENTED_EDGE('',*,*,#15547,.T.);
#15547 = EDGE_CURVE('',#14492,#14971,#15548,.T.);
#15548 = LINE('',#15549,#15550);
#15549 = CARTESIAN_POINT('',(8.89,16.01,-4.6E-02));
#15550 = VECTOR('',#15551,1.);
#15551 = DIRECTION('',(0.,0.,1.));
#15552 = ORIENTED_EDGE('',*,*,#14970,.F.);
#15553 = ORIENTED_EDGE('',*,*,#15547,.F.);
#15554 = CYLINDRICAL_SURFACE('',#15555,0.5);
#15555 = AXIS2_PLACEMENT_3D('',#15556,#15557,#15558);
#15556 = CARTESIAN_POINT('',(8.89,16.51,-4.6E-02));
#15557 = DIRECTION('',(-0.,-0.,-1.));
#15558 = DIRECTION('',(-0.,-1.,0.));
#15559 = ADVANCED_FACE('',(#15560),#15571,.F.);
#15560 = FACE_BOUND('',#15561,.T.);
#15561 = EDGE_LOOP('',(#15562,#15563,#15569,#15570));
#15562 = ORIENTED_EDGE('',*,*,#14502,.T.);
#15563 = ORIENTED_EDGE('',*,*,#15564,.T.);
#15564 = EDGE_CURVE('',#14503,#14982,#15565,.T.);
#15565 = LINE('',#15566,#15567);
#15566 = CARTESIAN_POINT('',(3.7,19.9,-4.6E-02));
#15567 = VECTOR('',#15568,1.);
#15568 = DIRECTION('',(0.,0.,1.));
#15569 = ORIENTED_EDGE('',*,*,#14981,.F.);
#15570 = ORIENTED_EDGE('',*,*,#15564,.F.);
#15571 = CYLINDRICAL_SURFACE('',#15572,0.5);
#15572 = AXIS2_PLACEMENT_3D('',#15573,#15574,#15575);
#15573 = CARTESIAN_POINT('',(3.7,20.4,-4.6E-02));
#15574 = DIRECTION('',(-0.,-0.,-1.));
#15575 = DIRECTION('',(-0.,-1.,0.));
#15576 = ADVANCED_FACE('',(#15577),#15588,.F.);
#15577 = FACE_BOUND('',#15578,.T.);
#15578 = EDGE_LOOP('',(#15579,#15580,#15586,#15587));
#15579 = ORIENTED_EDGE('',*,*,#14513,.T.);
#15580 = ORIENTED_EDGE('',*,*,#15581,.T.);
#15581 = EDGE_CURVE('',#14514,#14993,#15582,.T.);
#15582 = LINE('',#15583,#15584);
#15583 = CARTESIAN_POINT('',(8.5,20.3,-4.6E-02));
#15584 = VECTOR('',#15585,1.);
#15585 = DIRECTION('',(0.,0.,1.));
#15586 = ORIENTED_EDGE('',*,*,#14992,.F.);
#15587 = ORIENTED_EDGE('',*,*,#15581,.F.);
#15588 = CYLINDRICAL_SURFACE('',#15589,0.4);
#15589 = AXIS2_PLACEMENT_3D('',#15590,#15591,#15592);
#15590 = CARTESIAN_POINT('',(8.5,20.7,-4.6E-02));
#15591 = DIRECTION('',(-0.,-0.,-1.));
#15592 = DIRECTION('',(-0.,-1.,0.));
#15593 = ADVANCED_FACE('',(#15594),#15605,.F.);
#15594 = FACE_BOUND('',#15595,.T.);
#15595 = EDGE_LOOP('',(#15596,#15597,#15603,#15604));
#15596 = ORIENTED_EDGE('',*,*,#14524,.T.);
#15597 = ORIENTED_EDGE('',*,*,#15598,.T.);
#15598 = EDGE_CURVE('',#14525,#15004,#15599,.T.);
#15599 = LINE('',#15600,#15601);
#15600 = CARTESIAN_POINT('',(11.43,16.01,-4.6E-02));
#15601 = VECTOR('',#15602,1.);
#15602 = DIRECTION('',(0.,0.,1.));
#15603 = ORIENTED_EDGE('',*,*,#15003,.F.);
#15604 = ORIENTED_EDGE('',*,*,#15598,.F.);
#15605 = CYLINDRICAL_SURFACE('',#15606,0.5);
#15606 = AXIS2_PLACEMENT_3D('',#15607,#15608,#15609);
#15607 = CARTESIAN_POINT('',(11.43,16.51,-4.6E-02));
#15608 = DIRECTION('',(-0.,-0.,-1.));
#15609 = DIRECTION('',(-0.,-1.,0.));
#15610 = ADVANCED_FACE('',(#15611),#15622,.F.);
#15611 = FACE_BOUND('',#15612,.T.);
#15612 = EDGE_LOOP('',(#15613,#15614,#15620,#15621));
#15613 = ORIENTED_EDGE('',*,*,#14535,.T.);
#15614 = ORIENTED_EDGE('',*,*,#15615,.T.);
#15615 = EDGE_CURVE('',#14536,#15015,#15616,.T.);
#15616 = LINE('',#15617,#15618);
#15617 = CARTESIAN_POINT('',(13.97,16.01,-4.6E-02));
#15618 = VECTOR('',#15619,1.);
#15619 = DIRECTION('',(0.,0.,1.));
#15620 = ORIENTED_EDGE('',*,*,#15014,.F.);
#15621 = ORIENTED_EDGE('',*,*,#15615,.F.);
#15622 = CYLINDRICAL_SURFACE('',#15623,0.5);
#15623 = AXIS2_PLACEMENT_3D('',#15624,#15625,#15626);
#15624 = CARTESIAN_POINT('',(13.97,16.51,-4.6E-02));
#15625 = DIRECTION('',(-0.,-0.,-1.));
#15626 = DIRECTION('',(-0.,-1.,0.));
#15627 = ADVANCED_FACE('',(#15628),#15639,.F.);
#15628 = FACE_BOUND('',#15629,.T.);
#15629 = EDGE_LOOP('',(#15630,#15631,#15637,#15638));
#15630 = ORIENTED_EDGE('',*,*,#14546,.T.);
#15631 = ORIENTED_EDGE('',*,*,#15632,.T.);
#15632 = EDGE_CURVE('',#14547,#15026,#15633,.T.);
#15633 = LINE('',#15634,#15635);
#15634 = CARTESIAN_POINT('',(16.51,16.01,-4.6E-02));
#15635 = VECTOR('',#15636,1.);
#15636 = DIRECTION('',(0.,0.,1.));
#15637 = ORIENTED_EDGE('',*,*,#15025,.F.);
#15638 = ORIENTED_EDGE('',*,*,#15632,.F.);
#15639 = CYLINDRICAL_SURFACE('',#15640,0.5);
#15640 = AXIS2_PLACEMENT_3D('',#15641,#15642,#15643);
#15641 = CARTESIAN_POINT('',(16.51,16.51,-4.6E-02));
#15642 = DIRECTION('',(-0.,-0.,-1.));
#15643 = DIRECTION('',(-0.,-1.,0.));
#15644 = ADVANCED_FACE('',(#15645),#15656,.F.);
#15645 = FACE_BOUND('',#15646,.T.);
#15646 = EDGE_LOOP('',(#15647,#15648,#15654,#15655));
#15647 = ORIENTED_EDGE('',*,*,#14557,.T.);
#15648 = ORIENTED_EDGE('',*,*,#15649,.T.);
#15649 = EDGE_CURVE('',#14558,#15037,#15650,.T.);
#15650 = LINE('',#15651,#15652);
#15651 = CARTESIAN_POINT('',(3.7,22.44,-4.6E-02));
#15652 = VECTOR('',#15653,1.);
#15653 = DIRECTION('',(0.,0.,1.));
#15654 = ORIENTED_EDGE('',*,*,#15036,.F.);
#15655 = ORIENTED_EDGE('',*,*,#15649,.F.);
#15656 = CYLINDRICAL_SURFACE('',#15657,0.5);
#15657 = AXIS2_PLACEMENT_3D('',#15658,#15659,#15660);
#15658 = CARTESIAN_POINT('',(3.7,22.94,-4.6E-02));
#15659 = DIRECTION('',(-0.,-0.,-1.));
#15660 = DIRECTION('',(-0.,-1.,0.));
#15661 = ADVANCED_FACE('',(#15662),#15673,.F.);
#15662 = FACE_BOUND('',#15663,.T.);
#15663 = EDGE_LOOP('',(#15664,#15665,#15671,#15672));
#15664 = ORIENTED_EDGE('',*,*,#14568,.T.);
#15665 = ORIENTED_EDGE('',*,*,#15666,.T.);
#15666 = EDGE_CURVE('',#14569,#15048,#15667,.T.);
#15667 = LINE('',#15668,#15669);
#15668 = CARTESIAN_POINT('',(8.5,22.8,-4.6E-02));
#15669 = VECTOR('',#15670,1.);
#15670 = DIRECTION('',(0.,0.,1.));
#15671 = ORIENTED_EDGE('',*,*,#15047,.F.);
#15672 = ORIENTED_EDGE('',*,*,#15666,.F.);
#15673 = CYLINDRICAL_SURFACE('',#15674,0.4);
#15674 = AXIS2_PLACEMENT_3D('',#15675,#15676,#15677);
#15675 = CARTESIAN_POINT('',(8.5,23.2,-4.6E-02));
#15676 = DIRECTION('',(-0.,-0.,-1.));
#15677 = DIRECTION('',(-0.,-1.,0.));
#15678 = ADVANCED_FACE('',(#15679),#15690,.F.);
#15679 = FACE_BOUND('',#15680,.T.);
#15680 = EDGE_LOOP('',(#15681,#15682,#15688,#15689));
#15681 = ORIENTED_EDGE('',*,*,#14579,.T.);
#15682 = ORIENTED_EDGE('',*,*,#15683,.T.);
#15683 = EDGE_CURVE('',#14580,#15059,#15684,.T.);
#15684 = LINE('',#15685,#15686);
#15685 = CARTESIAN_POINT('',(4.,26.2,-4.6E-02));
#15686 = VECTOR('',#15687,1.);
#15687 = DIRECTION('',(0.,0.,1.));
#15688 = ORIENTED_EDGE('',*,*,#15058,.F.);
#15689 = ORIENTED_EDGE('',*,*,#15683,.F.);
#15690 = CYLINDRICAL_SURFACE('',#15691,1.1);
#15691 = AXIS2_PLACEMENT_3D('',#15692,#15693,#15694);
#15692 = CARTESIAN_POINT('',(4.,27.3,-4.6E-02));
#15693 = DIRECTION('',(-0.,-0.,-1.));
#15694 = DIRECTION('',(-0.,-1.,0.));
#15695 = ADVANCED_FACE('',(#15696),#15707,.F.);
#15696 = FACE_BOUND('',#15697,.T.);
#15697 = EDGE_LOOP('',(#15698,#15699,#15705,#15706));
#15698 = ORIENTED_EDGE('',*,*,#14590,.T.);
#15699 = ORIENTED_EDGE('',*,*,#15700,.T.);
#15700 = EDGE_CURVE('',#14591,#15070,#15701,.T.);
#15701 = LINE('',#15702,#15703);
#15702 = CARTESIAN_POINT('',(13.1,22.3,-4.6E-02));
#15703 = VECTOR('',#15704,1.);
#15704 = DIRECTION('',(0.,0.,1.));
#15705 = ORIENTED_EDGE('',*,*,#15069,.F.);
#15706 = ORIENTED_EDGE('',*,*,#15700,.F.);
#15707 = CYLINDRICAL_SURFACE('',#15708,0.4);
#15708 = AXIS2_PLACEMENT_3D('',#15709,#15710,#15711);
#15709 = CARTESIAN_POINT('',(13.1,22.7,-4.6E-02));
#15710 = DIRECTION('',(-0.,-0.,-1.));
#15711 = DIRECTION('',(-0.,-1.,0.));
#15712 = ADVANCED_FACE('',(#15713),#15724,.F.);
#15713 = FACE_BOUND('',#15714,.T.);
#15714 = EDGE_LOOP('',(#15715,#15716,#15722,#15723));
#15715 = ORIENTED_EDGE('',*,*,#14601,.T.);
#15716 = ORIENTED_EDGE('',*,*,#15717,.T.);
#15717 = EDGE_CURVE('',#14602,#15081,#15718,.T.);
#15718 = LINE('',#15719,#15720);
#15719 = CARTESIAN_POINT('',(15.6,22.3,-4.6E-02));
#15720 = VECTOR('',#15721,1.);
#15721 = DIRECTION('',(0.,0.,1.));
#15722 = ORIENTED_EDGE('',*,*,#15080,.F.);
#15723 = ORIENTED_EDGE('',*,*,#15717,.F.);
#15724 = CYLINDRICAL_SURFACE('',#15725,0.4);
#15725 = AXIS2_PLACEMENT_3D('',#15726,#15727,#15728);
#15726 = CARTESIAN_POINT('',(15.6,22.7,-4.6E-02));
#15727 = DIRECTION('',(-0.,-0.,-1.));
#15728 = DIRECTION('',(-0.,-1.,0.));
#15729 = ADVANCED_FACE('',(#15730),#15741,.F.);
#15730 = FACE_BOUND('',#15731,.T.);
#15731 = EDGE_LOOP('',(#15732,#15733,#15739,#15740));
#15732 = ORIENTED_EDGE('',*,*,#14612,.T.);
#15733 = ORIENTED_EDGE('',*,*,#15734,.T.);
#15734 = EDGE_CURVE('',#14613,#15092,#15735,.T.);
#15735 = LINE('',#15736,#15737);
#15736 = CARTESIAN_POINT('',(19.05,16.01,-4.6E-02));
#15737 = VECTOR('',#15738,1.);
#15738 = DIRECTION('',(0.,0.,1.));
#15739 = ORIENTED_EDGE('',*,*,#15091,.F.);
#15740 = ORIENTED_EDGE('',*,*,#15734,.F.);
#15741 = CYLINDRICAL_SURFACE('',#15742,0.5);
#15742 = AXIS2_PLACEMENT_3D('',#15743,#15744,#15745);
#15743 = CARTESIAN_POINT('',(19.05,16.51,-4.6E-02));
#15744 = DIRECTION('',(-0.,-0.,-1.));
#15745 = DIRECTION('',(-0.,-1.,0.));
#15746 = ADVANCED_FACE('',(#15747),#15758,.F.);
#15747 = FACE_BOUND('',#15748,.T.);
#15748 = EDGE_LOOP('',(#15749,#15750,#15756,#15757));
#15749 = ORIENTED_EDGE('',*,*,#14623,.T.);
#15750 = ORIENTED_EDGE('',*,*,#15751,.T.);
#15751 = EDGE_CURVE('',#14624,#15103,#15752,.T.);
#15752 = LINE('',#15753,#15754);
#15753 = CARTESIAN_POINT('',(21.59,16.01,-4.6E-02));
#15754 = VECTOR('',#15755,1.);
#15755 = DIRECTION('',(0.,0.,1.));
#15756 = ORIENTED_EDGE('',*,*,#15102,.F.);
#15757 = ORIENTED_EDGE('',*,*,#15751,.F.);
#15758 = CYLINDRICAL_SURFACE('',#15759,0.5);
#15759 = AXIS2_PLACEMENT_3D('',#15760,#15761,#15762);
#15760 = CARTESIAN_POINT('',(21.59,16.51,-4.6E-02));
#15761 = DIRECTION('',(-0.,-0.,-1.));
#15762 = DIRECTION('',(-0.,-1.,0.));
#15763 = ADVANCED_FACE('',(#15764),#15775,.F.);
#15764 = FACE_BOUND('',#15765,.T.);
#15765 = EDGE_LOOP('',(#15766,#15767,#15773,#15774));
#15766 = ORIENTED_EDGE('',*,*,#14634,.T.);
#15767 = ORIENTED_EDGE('',*,*,#15768,.T.);
#15768 = EDGE_CURVE('',#14635,#15114,#15769,.T.);
#15769 = LINE('',#15770,#15771);
#15770 = CARTESIAN_POINT('',(24.13,16.01,-4.6E-02));
#15771 = VECTOR('',#15772,1.);
#15772 = DIRECTION('',(0.,0.,1.));
#15773 = ORIENTED_EDGE('',*,*,#15113,.F.);
#15774 = ORIENTED_EDGE('',*,*,#15768,.F.);
#15775 = CYLINDRICAL_SURFACE('',#15776,0.5);
#15776 = AXIS2_PLACEMENT_3D('',#15777,#15778,#15779);
#15777 = CARTESIAN_POINT('',(24.13,16.51,-4.6E-02));
#15778 = DIRECTION('',(-0.,-0.,-1.));
#15779 = DIRECTION('',(-0.,-1.,0.));
#15780 = ADVANCED_FACE('',(#15781),#15792,.F.);
#15781 = FACE_BOUND('',#15782,.T.);
#15782 = EDGE_LOOP('',(#15783,#15784,#15790,#15791));
#15783 = ORIENTED_EDGE('',*,*,#14645,.T.);
#15784 = ORIENTED_EDGE('',*,*,#15785,.T.);
#15785 = EDGE_CURVE('',#14646,#15125,#15786,.T.);
#15786 = LINE('',#15787,#15788);
#15787 = CARTESIAN_POINT('',(19.6,20.2,-4.6E-02));
#15788 = VECTOR('',#15789,1.);
#15789 = DIRECTION('',(0.,0.,1.));
#15790 = ORIENTED_EDGE('',*,*,#15124,.F.);
#15791 = ORIENTED_EDGE('',*,*,#15785,.F.);
#15792 = CYLINDRICAL_SURFACE('',#15793,0.5);
#15793 = AXIS2_PLACEMENT_3D('',#15794,#15795,#15796);
#15794 = CARTESIAN_POINT('',(19.6,20.7,-4.6E-02));
#15795 = DIRECTION('',(-0.,-0.,-1.));
#15796 = DIRECTION('',(-0.,-1.,0.));
#15797 = ADVANCED_FACE('',(#15798),#15809,.F.);
#15798 = FACE_BOUND('',#15799,.T.);
#15799 = EDGE_LOOP('',(#15800,#15801,#15807,#15808));
#15800 = ORIENTED_EDGE('',*,*,#14656,.T.);
#15801 = ORIENTED_EDGE('',*,*,#15802,.T.);
#15802 = EDGE_CURVE('',#14657,#15136,#15803,.T.);
#15803 = LINE('',#15804,#15805);
#15804 = CARTESIAN_POINT('',(23.82,20.5,-4.6E-02));
#15805 = VECTOR('',#15806,1.);
#15806 = DIRECTION('',(0.,0.,1.));
#15807 = ORIENTED_EDGE('',*,*,#15135,.F.);
#15808 = ORIENTED_EDGE('',*,*,#15802,.F.);
#15809 = CYLINDRICAL_SURFACE('',#15810,0.5);
#15810 = AXIS2_PLACEMENT_3D('',#15811,#15812,#15813);
#15811 = CARTESIAN_POINT('',(23.82,21.,-4.6E-02));
#15812 = DIRECTION('',(-0.,-0.,-1.));
#15813 = DIRECTION('',(-0.,-1.,0.));
#15814 = ADVANCED_FACE('',(#15815),#15826,.F.);
#15815 = FACE_BOUND('',#15816,.T.);
#15816 = EDGE_LOOP('',(#15817,#15818,#15824,#15825));
#15817 = ORIENTED_EDGE('',*,*,#14667,.T.);
#15818 = ORIENTED_EDGE('',*,*,#15819,.T.);
#15819 = EDGE_CURVE('',#14668,#15147,#15820,.T.);
#15820 = LINE('',#15821,#15822);
#15821 = CARTESIAN_POINT('',(26.67,16.01,-4.6E-02));
#15822 = VECTOR('',#15823,1.);
#15823 = DIRECTION('',(0.,0.,1.));
#15824 = ORIENTED_EDGE('',*,*,#15146,.F.);
#15825 = ORIENTED_EDGE('',*,*,#15819,.F.);
#15826 = CYLINDRICAL_SURFACE('',#15827,0.5);
#15827 = AXIS2_PLACEMENT_3D('',#15828,#15829,#15830);
#15828 = CARTESIAN_POINT('',(26.67,16.51,-4.6E-02));
#15829 = DIRECTION('',(-0.,-0.,-1.));
#15830 = DIRECTION('',(-0.,-1.,0.));
#15831 = ADVANCED_FACE('',(#15832),#15843,.F.);
#15832 = FACE_BOUND('',#15833,.T.);
#15833 = EDGE_LOOP('',(#15834,#15835,#15841,#15842));
#15834 = ORIENTED_EDGE('',*,*,#14678,.T.);
#15835 = ORIENTED_EDGE('',*,*,#15836,.T.);
#15836 = EDGE_CURVE('',#14679,#15158,#15837,.T.);
#15837 = LINE('',#15838,#15839);
#15838 = CARTESIAN_POINT('',(29.21,16.01,-4.6E-02));
#15839 = VECTOR('',#15840,1.);
#15840 = DIRECTION('',(0.,0.,1.));
#15841 = ORIENTED_EDGE('',*,*,#15157,.F.);
#15842 = ORIENTED_EDGE('',*,*,#15836,.F.);
#15843 = CYLINDRICAL_SURFACE('',#15844,0.5);
#15844 = AXIS2_PLACEMENT_3D('',#15845,#15846,#15847);
#15845 = CARTESIAN_POINT('',(29.21,16.51,-4.6E-02));
#15846 = DIRECTION('',(-0.,-0.,-1.));
#15847 = DIRECTION('',(-0.,-1.,0.));
#15848 = ADVANCED_FACE('',(#15849),#15860,.F.);
#15849 = FACE_BOUND('',#15850,.T.);
#15850 = EDGE_LOOP('',(#15851,#15852,#15858,#15859));
#15851 = ORIENTED_EDGE('',*,*,#14689,.T.);
#15852 = ORIENTED_EDGE('',*,*,#15853,.T.);
#15853 = EDGE_CURVE('',#14690,#15169,#15854,.T.);
#15854 = LINE('',#15855,#15856);
#15855 = CARTESIAN_POINT('',(31.75,16.01,-4.6E-02));
#15856 = VECTOR('',#15857,1.);
#15857 = DIRECTION('',(0.,0.,1.));
#15858 = ORIENTED_EDGE('',*,*,#15168,.F.);
#15859 = ORIENTED_EDGE('',*,*,#15853,.F.);
#15860 = CYLINDRICAL_SURFACE('',#15861,0.5);
#15861 = AXIS2_PLACEMENT_3D('',#15862,#15863,#15864);
#15862 = CARTESIAN_POINT('',(31.75,16.51,-4.6E-02));
#15863 = DIRECTION('',(-0.,-0.,-1.));
#15864 = DIRECTION('',(-0.,-1.,0.));
#15865 = ADVANCED_FACE('',(#15866),#15877,.F.);
#15866 = FACE_BOUND('',#15867,.T.);
#15867 = EDGE_LOOP('',(#15868,#15869,#15875,#15876));
#15868 = ORIENTED_EDGE('',*,*,#14700,.T.);
#15869 = ORIENTED_EDGE('',*,*,#15870,.T.);
#15870 = EDGE_CURVE('',#14701,#15180,#15871,.T.);
#15871 = LINE('',#15872,#15873);
#15872 = CARTESIAN_POINT('',(26.36,20.5,-4.6E-02));
#15873 = VECTOR('',#15874,1.);
#15874 = DIRECTION('',(0.,0.,1.));
#15875 = ORIENTED_EDGE('',*,*,#15179,.F.);
#15876 = ORIENTED_EDGE('',*,*,#15870,.F.);
#15877 = CYLINDRICAL_SURFACE('',#15878,0.5);
#15878 = AXIS2_PLACEMENT_3D('',#15879,#15880,#15881);
#15879 = CARTESIAN_POINT('',(26.36,21.,-4.6E-02));
#15880 = DIRECTION('',(-0.,-0.,-1.));
#15881 = DIRECTION('',(-0.,-1.,0.));
#15882 = ADVANCED_FACE('',(#15883),#15894,.F.);
#15883 = FACE_BOUND('',#15884,.T.);
#15884 = EDGE_LOOP('',(#15885,#15886,#15892,#15893));
#15885 = ORIENTED_EDGE('',*,*,#14711,.T.);
#15886 = ORIENTED_EDGE('',*,*,#15887,.T.);
#15887 = EDGE_CURVE('',#14712,#15191,#15888,.T.);
#15888 = LINE('',#15889,#15890);
#15889 = CARTESIAN_POINT('',(28.9,20.5,-4.6E-02));
#15890 = VECTOR('',#15891,1.);
#15891 = DIRECTION('',(0.,0.,1.));
#15892 = ORIENTED_EDGE('',*,*,#15190,.F.);
#15893 = ORIENTED_EDGE('',*,*,#15887,.F.);
#15894 = CYLINDRICAL_SURFACE('',#15895,0.5);
#15895 = AXIS2_PLACEMENT_3D('',#15896,#15897,#15898);
#15896 = CARTESIAN_POINT('',(28.9,21.,-4.6E-02));
#15897 = DIRECTION('',(-0.,-0.,-1.));
#15898 = DIRECTION('',(-0.,-1.,0.));
#15899 = ADVANCED_FACE('',(#15900),#15911,.F.);
#15900 = FACE_BOUND('',#15901,.T.);
#15901 = EDGE_LOOP('',(#15902,#15903,#15909,#15910));
#15902 = ORIENTED_EDGE('',*,*,#14722,.T.);
#15903 = ORIENTED_EDGE('',*,*,#15904,.T.);
#15904 = EDGE_CURVE('',#14723,#15202,#15905,.T.);
#15905 = LINE('',#15906,#15907);
#15906 = CARTESIAN_POINT('',(19.6,22.74,-4.6E-02));
#15907 = VECTOR('',#15908,1.);
#15908 = DIRECTION('',(0.,0.,1.));
#15909 = ORIENTED_EDGE('',*,*,#15201,.F.);
#15910 = ORIENTED_EDGE('',*,*,#15904,.F.);
#15911 = CYLINDRICAL_SURFACE('',#15912,0.5);
#15912 = AXIS2_PLACEMENT_3D('',#15913,#15914,#15915);
#15913 = CARTESIAN_POINT('',(19.6,23.24,-4.6E-02));
#15914 = DIRECTION('',(-0.,-0.,-1.));
#15915 = DIRECTION('',(-0.,-1.,0.));
#15916 = ADVANCED_FACE('',(#15917),#15928,.F.);
#15917 = FACE_BOUND('',#15918,.T.);
#15918 = EDGE_LOOP('',(#15919,#15920,#15926,#15927));
#15919 = ORIENTED_EDGE('',*,*,#14733,.T.);
#15920 = ORIENTED_EDGE('',*,*,#15921,.T.);
#15921 = EDGE_CURVE('',#14734,#15213,#15922,.T.);
#15922 = LINE('',#15923,#15924);
#15923 = CARTESIAN_POINT('',(19.6,25.28,-4.6E-02));
#15924 = VECTOR('',#15925,1.);
#15925 = DIRECTION('',(0.,0.,1.));
#15926 = ORIENTED_EDGE('',*,*,#15212,.F.);
#15927 = ORIENTED_EDGE('',*,*,#15921,.F.);
#15928 = CYLINDRICAL_SURFACE('',#15929,0.5);
#15929 = AXIS2_PLACEMENT_3D('',#15930,#15931,#15932);
#15930 = CARTESIAN_POINT('',(19.6,25.78,-4.6E-02));
#15931 = DIRECTION('',(-0.,-0.,-1.));
#15932 = DIRECTION('',(-0.,-1.,0.));
#15933 = ADVANCED_FACE('',(#15934),#15945,.F.);
#15934 = FACE_BOUND('',#15935,.T.);
#15935 = EDGE_LOOP('',(#15936,#15937,#15943,#15944));
#15936 = ORIENTED_EDGE('',*,*,#14744,.T.);
#15937 = ORIENTED_EDGE('',*,*,#15938,.T.);
#15938 = EDGE_CURVE('',#14745,#15224,#15939,.T.);
#15939 = LINE('',#15940,#15941);
#15940 = CARTESIAN_POINT('',(26.76,25.2,-4.6E-02));
#15941 = VECTOR('',#15942,1.);
#15942 = DIRECTION('',(0.,0.,1.));
#15943 = ORIENTED_EDGE('',*,*,#15223,.F.);
#15944 = ORIENTED_EDGE('',*,*,#15938,.F.);
#15945 = CYLINDRICAL_SURFACE('',#15946,0.5);
#15946 = AXIS2_PLACEMENT_3D('',#15947,#15948,#15949);
#15947 = CARTESIAN_POINT('',(26.76,25.7,-4.6E-02));
#15948 = DIRECTION('',(-0.,-0.,-1.));
#15949 = DIRECTION('',(-0.,-1.,0.));
#15950 = ADVANCED_FACE('',(#15951),#15962,.F.);
#15951 = FACE_BOUND('',#15952,.T.);
#15952 = EDGE_LOOP('',(#15953,#15954,#15960,#15961));
#15953 = ORIENTED_EDGE('',*,*,#14755,.T.);
#15954 = ORIENTED_EDGE('',*,*,#15955,.T.);
#15955 = EDGE_CURVE('',#14756,#15235,#15956,.T.);
#15956 = LINE('',#15957,#15958);
#15957 = CARTESIAN_POINT('',(29.3,25.2,-4.6E-02));
#15958 = VECTOR('',#15959,1.);
#15959 = DIRECTION('',(0.,0.,1.));
#15960 = ORIENTED_EDGE('',*,*,#15234,.F.);
#15961 = ORIENTED_EDGE('',*,*,#15955,.F.);
#15962 = CYLINDRICAL_SURFACE('',#15963,0.5);
#15963 = AXIS2_PLACEMENT_3D('',#15964,#15965,#15966);
#15964 = CARTESIAN_POINT('',(29.3,25.7,-4.6E-02));
#15965 = DIRECTION('',(-0.,-0.,-1.));
#15966 = DIRECTION('',(-0.,-1.,0.));
#15967 = ADVANCED_FACE('',(#15968),#15979,.F.);
#15968 = FACE_BOUND('',#15969,.T.);
#15969 = EDGE_LOOP('',(#15970,#15971,#15977,#15978));
#15970 = ORIENTED_EDGE('',*,*,#14766,.T.);
#15971 = ORIENTED_EDGE('',*,*,#15972,.T.);
#15972 = EDGE_CURVE('',#14767,#15246,#15973,.T.);
#15973 = LINE('',#15974,#15975);
#15974 = CARTESIAN_POINT('',(31.84,25.2,-4.6E-02));
#15975 = VECTOR('',#15976,1.);
#15976 = DIRECTION('',(0.,0.,1.));
#15977 = ORIENTED_EDGE('',*,*,#15245,.F.);
#15978 = ORIENTED_EDGE('',*,*,#15972,.F.);
#15979 = CYLINDRICAL_SURFACE('',#15980,0.5);
#15980 = AXIS2_PLACEMENT_3D('',#15981,#15982,#15983);
#15981 = CARTESIAN_POINT('',(31.84,25.7,-4.6E-02));
#15982 = DIRECTION('',(-0.,-0.,-1.));
#15983 = DIRECTION('',(-7.105427357601E-15,-1.,0.));
#15984 = ( GEOMETRIC_REPRESENTATION_CONTEXT(3) 
GLOBAL_UNCERTAINTY_ASSIGNED_CONTEXT((#15988)) 
GLOBAL_UNIT_ASSIGNED_CONTEXT((#15985,#15986,#15987)) 
REPRESENTATION_CONTEXT('Context #1',
  '3D Context with UNIT and UNCERTAINTY') );
#15985 = ( LENGTH_UNIT() NAMED_UNIT(*) SI_UNIT(.MILLI.,.METRE.) );
#15986 = ( NAMED_UNIT(*) PLANE_ANGLE_UNIT() SI_UNIT($,.RADIAN.) );
#15987 = ( NAMED_UNIT(*) SI_UNIT($,.STERADIAN.) SOLID_ANGLE_UNIT() );
#15988 = UNCERTAINTY_MEASURE_WITH_UNIT(LENGTH_MEASURE(1.E-07),#15985,
  'distance_accuracy_value','confusion accuracy');
#15989 = CONTEXT_DEPENDENT_SHAPE_REPRESENTATION(#15990,#15992);
#15990 = ( REPRESENTATION_RELATIONSHIP('','',#14195,#10) 
REPRESENTATION_RELATIONSHIP_WITH_TRANSFORMATION(#15991) 
SHAPE_REPRESENTATION_RELATIONSHIP() );
#15991 = ITEM_DEFINED_TRANSFORMATION('','',#11,#47);
#15992 = PRODUCT_DEFINITION_SHAPE('Placement','Placement of an item',
  #15993);
#15993 = NEXT_ASSEMBLY_USAGE_OCCURRENCE('14','=>[0:1:1:12]','',#5,#14190
  ,$);
#15994 = PRODUCT_RELATED_PRODUCT_CATEGORY('part',$,(#14192));
#15995 = MECHANICAL_DESIGN_GEOMETRIC_PRESENTATION_REPRESENTATION('',(
    #15996,#16004,#16011,#16018,#16025,#16032,#16039,#16046,#16053,
    #16060,#16067,#16074,#16081,#16088,#16095,#16102,#16109,#16117,
    #16124,#16131,#16138,#16145,#16152,#16159,#16166,#16173,#16180,
    #16187,#16194,#16201,#16208,#16215,#16222,#16229,#16236,#16243,
    #16250,#16257,#16264,#16271,#16278,#16285,#16292,#16299,#16306,
    #16313,#16320,#16327,#16334,#16341,#16348,#16355),#5534);
#15996 = STYLED_ITEM('color',(#15997),#4104);
#15997 = PRESENTATION_STYLE_ASSIGNMENT((#15998));
#15998 = SURFACE_STYLE_USAGE(.BOTH.,#15999);
#15999 = SURFACE_SIDE_STYLE('',(#16000));
#16000 = SURFACE_STYLE_FILL_AREA(#16001);
#16001 = FILL_AREA_STYLE('',(#16002));
#16002 = FILL_AREA_STYLE_COLOUR('',#16003);
#16003 = COLOUR_RGB('',0.147999998088,0.144999993226,0.144999993226);
#16004 = STYLED_ITEM('color',(#16005),#4144);
#16005 = PRESENTATION_STYLE_ASSIGNMENT((#16006));
#16006 = SURFACE_STYLE_USAGE(.BOTH.,#16007);
#16007 = SURFACE_SIDE_STYLE('',(#16008));
#16008 = SURFACE_STYLE_FILL_AREA(#16009);
#16009 = FILL_AREA_STYLE('',(#16010));
#16010 = FILL_AREA_STYLE_COLOUR('',#16003);
#16011 = STYLED_ITEM('color',(#16012),#4175);
#16012 = PRESENTATION_STYLE_ASSIGNMENT((#16013));
#16013 = SURFACE_STYLE_USAGE(.BOTH.,#16014);
#16014 = SURFACE_SIDE_STYLE('',(#16015));
#16015 = SURFACE_STYLE_FILL_AREA(#16016);
#16016 = FILL_AREA_STYLE('',(#16017));
#16017 = FILL_AREA_STYLE_COLOUR('',#16003);
#16018 = STYLED_ITEM('color',(#16019),#4206);
#16019 = PRESENTATION_STYLE_ASSIGNMENT((#16020));
#16020 = SURFACE_STYLE_USAGE(.BOTH.,#16021);
#16021 = SURFACE_SIDE_STYLE('',(#16022));
#16022 = SURFACE_STYLE_FILL_AREA(#16023);
#16023 = FILL_AREA_STYLE('',(#16024));
#16024 = FILL_AREA_STYLE_COLOUR('',#16003);
#16025 = STYLED_ITEM('color',(#16026),#4371);
#16026 = PRESENTATION_STYLE_ASSIGNMENT((#16027));
#16027 = SURFACE_STYLE_USAGE(.BOTH.,#16028);
#16028 = SURFACE_SIDE_STYLE('',(#16029));
#16029 = SURFACE_STYLE_FILL_AREA(#16030);
#16030 = FILL_AREA_STYLE('',(#16031));
#16031 = FILL_AREA_STYLE_COLOUR('',#16003);
#16032 = STYLED_ITEM('color',(#16033),#4536);
#16033 = PRESENTATION_STYLE_ASSIGNMENT((#16034));
#16034 = SURFACE_STYLE_USAGE(.BOTH.,#16035);
#16035 = SURFACE_SIDE_STYLE('',(#16036));
#16036 = SURFACE_STYLE_FILL_AREA(#16037);
#16037 = FILL_AREA_STYLE('',(#16038));
#16038 = FILL_AREA_STYLE_COLOUR('',#16003);
#16039 = STYLED_ITEM('color',(#16040),#4553);
#16040 = PRESENTATION_STYLE_ASSIGNMENT((#16041));
#16041 = SURFACE_STYLE_USAGE(.BOTH.,#16042);
#16042 = SURFACE_SIDE_STYLE('',(#16043));
#16043 = SURFACE_STYLE_FILL_AREA(#16044);
#16044 = FILL_AREA_STYLE('',(#16045));
#16045 = FILL_AREA_STYLE_COLOUR('',#16003);
#16046 = STYLED_ITEM('color',(#16047),#4570);
#16047 = PRESENTATION_STYLE_ASSIGNMENT((#16048));
#16048 = SURFACE_STYLE_USAGE(.BOTH.,#16049);
#16049 = SURFACE_SIDE_STYLE('',(#16050));
#16050 = SURFACE_STYLE_FILL_AREA(#16051);
#16051 = FILL_AREA_STYLE('',(#16052));
#16052 = FILL_AREA_STYLE_COLOUR('',#16003);
#16053 = STYLED_ITEM('color',(#16054),#4587);
#16054 = PRESENTATION_STYLE_ASSIGNMENT((#16055));
#16055 = SURFACE_STYLE_USAGE(.BOTH.,#16056);
#16056 = SURFACE_SIDE_STYLE('',(#16057));
#16057 = SURFACE_STYLE_FILL_AREA(#16058);
#16058 = FILL_AREA_STYLE('',(#16059));
#16059 = FILL_AREA_STYLE_COLOUR('',#16003);
#16060 = STYLED_ITEM('color',(#16061),#4604);
#16061 = PRESENTATION_STYLE_ASSIGNMENT((#16062));
#16062 = SURFACE_STYLE_USAGE(.BOTH.,#16063);
#16063 = SURFACE_SIDE_STYLE('',(#16064));
#16064 = SURFACE_STYLE_FILL_AREA(#16065);
#16065 = FILL_AREA_STYLE('',(#16066));
#16066 = FILL_AREA_STYLE_COLOUR('',#16003);
#16067 = STYLED_ITEM('color',(#16068),#4621);
#16068 = PRESENTATION_STYLE_ASSIGNMENT((#16069));
#16069 = SURFACE_STYLE_USAGE(.BOTH.,#16070);
#16070 = SURFACE_SIDE_STYLE('',(#16071));
#16071 = SURFACE_STYLE_FILL_AREA(#16072);
#16072 = FILL_AREA_STYLE('',(#16073));
#16073 = FILL_AREA_STYLE_COLOUR('',#16003);
#16074 = STYLED_ITEM('color',(#16075),#4638);
#16075 = PRESENTATION_STYLE_ASSIGNMENT((#16076));
#16076 = SURFACE_STYLE_USAGE(.BOTH.,#16077);
#16077 = SURFACE_SIDE_STYLE('',(#16078));
#16078 = SURFACE_STYLE_FILL_AREA(#16079);
#16079 = FILL_AREA_STYLE('',(#16080));
#16080 = FILL_AREA_STYLE_COLOUR('',#16003);
#16081 = STYLED_ITEM('color',(#16082),#4655);
#16082 = PRESENTATION_STYLE_ASSIGNMENT((#16083));
#16083 = SURFACE_STYLE_USAGE(.BOTH.,#16084);
#16084 = SURFACE_SIDE_STYLE('',(#16085));
#16085 = SURFACE_STYLE_FILL_AREA(#16086);
#16086 = FILL_AREA_STYLE('',(#16087));
#16087 = FILL_AREA_STYLE_COLOUR('',#16003);
#16088 = STYLED_ITEM('color',(#16089),#4672);
#16089 = PRESENTATION_STYLE_ASSIGNMENT((#16090));
#16090 = SURFACE_STYLE_USAGE(.BOTH.,#16091);
#16091 = SURFACE_SIDE_STYLE('',(#16092));
#16092 = SURFACE_STYLE_FILL_AREA(#16093);
#16093 = FILL_AREA_STYLE('',(#16094));
#16094 = FILL_AREA_STYLE_COLOUR('',#16003);
#16095 = STYLED_ITEM('color',(#16096),#4689);
#16096 = PRESENTATION_STYLE_ASSIGNMENT((#16097));
#16097 = SURFACE_STYLE_USAGE(.BOTH.,#16098);
#16098 = SURFACE_SIDE_STYLE('',(#16099));
#16099 = SURFACE_STYLE_FILL_AREA(#16100);
#16100 = FILL_AREA_STYLE('',(#16101));
#16101 = FILL_AREA_STYLE_COLOUR('',#16003);
#16102 = STYLED_ITEM('color',(#16103),#4706);
#16103 = PRESENTATION_STYLE_ASSIGNMENT((#16104));
#16104 = SURFACE_STYLE_USAGE(.BOTH.,#16105);
#16105 = SURFACE_SIDE_STYLE('',(#16106));
#16106 = SURFACE_STYLE_FILL_AREA(#16107);
#16107 = FILL_AREA_STYLE('',(#16108));
#16108 = FILL_AREA_STYLE_COLOUR('',#16003);
#16109 = STYLED_ITEM('color',(#16110),#4718);
#16110 = PRESENTATION_STYLE_ASSIGNMENT((#16111));
#16111 = SURFACE_STYLE_USAGE(.BOTH.,#16112);
#16112 = SURFACE_SIDE_STYLE('',(#16113));
#16113 = SURFACE_STYLE_FILL_AREA(#16114);
#16114 = FILL_AREA_STYLE('',(#16115));
#16115 = FILL_AREA_STYLE_COLOUR('',#16116);
#16116 = COLOUR_RGB('',0.859000020776,0.737999965183,0.495999988746);
#16117 = STYLED_ITEM('color',(#16118),#4749);
#16118 = PRESENTATION_STYLE_ASSIGNMENT((#16119));
#16119 = SURFACE_STYLE_USAGE(.BOTH.,#16120);
#16120 = SURFACE_SIDE_STYLE('',(#16121));
#16121 = SURFACE_STYLE_FILL_AREA(#16122);
#16122 = FILL_AREA_STYLE('',(#16123));
#16123 = FILL_AREA_STYLE_COLOUR('',#16116);
#16124 = STYLED_ITEM('color',(#16125),#4773);
#16125 = PRESENTATION_STYLE_ASSIGNMENT((#16126));
#16126 = SURFACE_STYLE_USAGE(.BOTH.,#16127);
#16127 = SURFACE_SIDE_STYLE('',(#16128));
#16128 = SURFACE_STYLE_FILL_AREA(#16129);
#16129 = FILL_AREA_STYLE('',(#16130));
#16130 = FILL_AREA_STYLE_COLOUR('',#16116);
#16131 = STYLED_ITEM('color',(#16132),#4797);
#16132 = PRESENTATION_STYLE_ASSIGNMENT((#16133));
#16133 = SURFACE_STYLE_USAGE(.BOTH.,#16134);
#16134 = SURFACE_SIDE_STYLE('',(#16135));
#16135 = SURFACE_STYLE_FILL_AREA(#16136);
#16136 = FILL_AREA_STYLE('',(#16137));
#16137 = FILL_AREA_STYLE_COLOUR('',#16116);
#16138 = STYLED_ITEM('color',(#16139),#4814);
#16139 = PRESENTATION_STYLE_ASSIGNMENT((#16140));
#16140 = SURFACE_STYLE_USAGE(.BOTH.,#16141);
#16141 = SURFACE_SIDE_STYLE('',(#16142));
#16142 = SURFACE_STYLE_FILL_AREA(#16143);
#16143 = FILL_AREA_STYLE('',(#16144));
#16144 = FILL_AREA_STYLE_COLOUR('',#16116);
#16145 = STYLED_ITEM('color',(#16146),#4845);
#16146 = PRESENTATION_STYLE_ASSIGNMENT((#16147));
#16147 = SURFACE_STYLE_USAGE(.BOTH.,#16148);
#16148 = SURFACE_SIDE_STYLE('',(#16149));
#16149 = SURFACE_STYLE_FILL_AREA(#16150);
#16150 = FILL_AREA_STYLE('',(#16151));
#16151 = FILL_AREA_STYLE_COLOUR('',#16116);
#16152 = STYLED_ITEM('color',(#16153),#4869);
#16153 = PRESENTATION_STYLE_ASSIGNMENT((#16154));
#16154 = SURFACE_STYLE_USAGE(.BOTH.,#16155);
#16155 = SURFACE_SIDE_STYLE('',(#16156));
#16156 = SURFACE_STYLE_FILL_AREA(#16157);
#16157 = FILL_AREA_STYLE('',(#16158));
#16158 = FILL_AREA_STYLE_COLOUR('',#16116);
#16159 = STYLED_ITEM('color',(#16160),#4893);
#16160 = PRESENTATION_STYLE_ASSIGNMENT((#16161));
#16161 = SURFACE_STYLE_USAGE(.BOTH.,#16162);
#16162 = SURFACE_SIDE_STYLE('',(#16163));
#16163 = SURFACE_STYLE_FILL_AREA(#16164);
#16164 = FILL_AREA_STYLE('',(#16165));
#16165 = FILL_AREA_STYLE_COLOUR('',#16116);
#16166 = STYLED_ITEM('color',(#16167),#4910);
#16167 = PRESENTATION_STYLE_ASSIGNMENT((#16168));
#16168 = SURFACE_STYLE_USAGE(.BOTH.,#16169);
#16169 = SURFACE_SIDE_STYLE('',(#16170));
#16170 = SURFACE_STYLE_FILL_AREA(#16171);
#16171 = FILL_AREA_STYLE('',(#16172));
#16172 = FILL_AREA_STYLE_COLOUR('',#16116);
#16173 = STYLED_ITEM('color',(#16174),#4941);
#16174 = PRESENTATION_STYLE_ASSIGNMENT((#16175));
#16175 = SURFACE_STYLE_USAGE(.BOTH.,#16176);
#16176 = SURFACE_SIDE_STYLE('',(#16177));
#16177 = SURFACE_STYLE_FILL_AREA(#16178);
#16178 = FILL_AREA_STYLE('',(#16179));
#16179 = FILL_AREA_STYLE_COLOUR('',#16116);
#16180 = STYLED_ITEM('color',(#16181),#4965);
#16181 = PRESENTATION_STYLE_ASSIGNMENT((#16182));
#16182 = SURFACE_STYLE_USAGE(.BOTH.,#16183);
#16183 = SURFACE_SIDE_STYLE('',(#16184));
#16184 = SURFACE_STYLE_FILL_AREA(#16185);
#16185 = FILL_AREA_STYLE('',(#16186));
#16186 = FILL_AREA_STYLE_COLOUR('',#16116);
#16187 = STYLED_ITEM('color',(#16188),#4989);
#16188 = PRESENTATION_STYLE_ASSIGNMENT((#16189));
#16189 = SURFACE_STYLE_USAGE(.BOTH.,#16190);
#16190 = SURFACE_SIDE_STYLE('',(#16191));
#16191 = SURFACE_STYLE_FILL_AREA(#16192);
#16192 = FILL_AREA_STYLE('',(#16193));
#16193 = FILL_AREA_STYLE_COLOUR('',#16116);
#16194 = STYLED_ITEM('color',(#16195),#5006);
#16195 = PRESENTATION_STYLE_ASSIGNMENT((#16196));
#16196 = SURFACE_STYLE_USAGE(.BOTH.,#16197);
#16197 = SURFACE_SIDE_STYLE('',(#16198));
#16198 = SURFACE_STYLE_FILL_AREA(#16199);
#16199 = FILL_AREA_STYLE('',(#16200));
#16200 = FILL_AREA_STYLE_COLOUR('',#16116);
#16201 = STYLED_ITEM('color',(#16202),#5037);
#16202 = PRESENTATION_STYLE_ASSIGNMENT((#16203));
#16203 = SURFACE_STYLE_USAGE(.BOTH.,#16204);
#16204 = SURFACE_SIDE_STYLE('',(#16205));
#16205 = SURFACE_STYLE_FILL_AREA(#16206);
#16206 = FILL_AREA_STYLE('',(#16207));
#16207 = FILL_AREA_STYLE_COLOUR('',#16116);
#16208 = STYLED_ITEM('color',(#16209),#5061);
#16209 = PRESENTATION_STYLE_ASSIGNMENT((#16210));
#16210 = SURFACE_STYLE_USAGE(.BOTH.,#16211);
#16211 = SURFACE_SIDE_STYLE('',(#16212));
#16212 = SURFACE_STYLE_FILL_AREA(#16213);
#16213 = FILL_AREA_STYLE('',(#16214));
#16214 = FILL_AREA_STYLE_COLOUR('',#16116);
#16215 = STYLED_ITEM('color',(#16216),#5085);
#16216 = PRESENTATION_STYLE_ASSIGNMENT((#16217));
#16217 = SURFACE_STYLE_USAGE(.BOTH.,#16218);
#16218 = SURFACE_SIDE_STYLE('',(#16219));
#16219 = SURFACE_STYLE_FILL_AREA(#16220);
#16220 = FILL_AREA_STYLE('',(#16221));
#16221 = FILL_AREA_STYLE_COLOUR('',#16116);
#16222 = STYLED_ITEM('color',(#16223),#5102);
#16223 = PRESENTATION_STYLE_ASSIGNMENT((#16224));
#16224 = SURFACE_STYLE_USAGE(.BOTH.,#16225);
#16225 = SURFACE_SIDE_STYLE('',(#16226));
#16226 = SURFACE_STYLE_FILL_AREA(#16227);
#16227 = FILL_AREA_STYLE('',(#16228));
#16228 = FILL_AREA_STYLE_COLOUR('',#16116);
#16229 = STYLED_ITEM('color',(#16230),#5133);
#16230 = PRESENTATION_STYLE_ASSIGNMENT((#16231));
#16231 = SURFACE_STYLE_USAGE(.BOTH.,#16232);
#16232 = SURFACE_SIDE_STYLE('',(#16233));
#16233 = SURFACE_STYLE_FILL_AREA(#16234);
#16234 = FILL_AREA_STYLE('',(#16235));
#16235 = FILL_AREA_STYLE_COLOUR('',#16116);
#16236 = STYLED_ITEM('color',(#16237),#5157);
#16237 = PRESENTATION_STYLE_ASSIGNMENT((#16238));
#16238 = SURFACE_STYLE_USAGE(.BOTH.,#16239);
#16239 = SURFACE_SIDE_STYLE('',(#16240));
#16240 = SURFACE_STYLE_FILL_AREA(#16241);
#16241 = FILL_AREA_STYLE('',(#16242));
#16242 = FILL_AREA_STYLE_COLOUR('',#16116);
#16243 = STYLED_ITEM('color',(#16244),#5181);
#16244 = PRESENTATION_STYLE_ASSIGNMENT((#16245));
#16245 = SURFACE_STYLE_USAGE(.BOTH.,#16246);
#16246 = SURFACE_SIDE_STYLE('',(#16247));
#16247 = SURFACE_STYLE_FILL_AREA(#16248);
#16248 = FILL_AREA_STYLE('',(#16249));
#16249 = FILL_AREA_STYLE_COLOUR('',#16116);
#16250 = STYLED_ITEM('color',(#16251),#5198);
#16251 = PRESENTATION_STYLE_ASSIGNMENT((#16252));
#16252 = SURFACE_STYLE_USAGE(.BOTH.,#16253);
#16253 = SURFACE_SIDE_STYLE('',(#16254));
#16254 = SURFACE_STYLE_FILL_AREA(#16255);
#16255 = FILL_AREA_STYLE('',(#16256));
#16256 = FILL_AREA_STYLE_COLOUR('',#16116);
#16257 = STYLED_ITEM('color',(#16258),#5229);
#16258 = PRESENTATION_STYLE_ASSIGNMENT((#16259));
#16259 = SURFACE_STYLE_USAGE(.BOTH.,#16260);
#16260 = SURFACE_SIDE_STYLE('',(#16261));
#16261 = SURFACE_STYLE_FILL_AREA(#16262);
#16262 = FILL_AREA_STYLE('',(#16263));
#16263 = FILL_AREA_STYLE_COLOUR('',#16116);
#16264 = STYLED_ITEM('color',(#16265),#5253);
#16265 = PRESENTATION_STYLE_ASSIGNMENT((#16266));
#16266 = SURFACE_STYLE_USAGE(.BOTH.,#16267);
#16267 = SURFACE_SIDE_STYLE('',(#16268));
#16268 = SURFACE_STYLE_FILL_AREA(#16269);
#16269 = FILL_AREA_STYLE('',(#16270));
#16270 = FILL_AREA_STYLE_COLOUR('',#16116);
#16271 = STYLED_ITEM('color',(#16272),#5277);
#16272 = PRESENTATION_STYLE_ASSIGNMENT((#16273));
#16273 = SURFACE_STYLE_USAGE(.BOTH.,#16274);
#16274 = SURFACE_SIDE_STYLE('',(#16275));
#16275 = SURFACE_STYLE_FILL_AREA(#16276);
#16276 = FILL_AREA_STYLE('',(#16277));
#16277 = FILL_AREA_STYLE_COLOUR('',#16116);
#16278 = STYLED_ITEM('color',(#16279),#5294);
#16279 = PRESENTATION_STYLE_ASSIGNMENT((#16280));
#16280 = SURFACE_STYLE_USAGE(.BOTH.,#16281);
#16281 = SURFACE_SIDE_STYLE('',(#16282));
#16282 = SURFACE_STYLE_FILL_AREA(#16283);
#16283 = FILL_AREA_STYLE('',(#16284));
#16284 = FILL_AREA_STYLE_COLOUR('',#16116);
#16285 = STYLED_ITEM('color',(#16286),#5325);
#16286 = PRESENTATION_STYLE_ASSIGNMENT((#16287));
#16287 = SURFACE_STYLE_USAGE(.BOTH.,#16288);
#16288 = SURFACE_SIDE_STYLE('',(#16289));
#16289 = SURFACE_STYLE_FILL_AREA(#16290);
#16290 = FILL_AREA_STYLE('',(#16291));
#16291 = FILL_AREA_STYLE_COLOUR('',#16116);
#16292 = STYLED_ITEM('color',(#16293),#5349);
#16293 = PRESENTATION_STYLE_ASSIGNMENT((#16294));
#16294 = SURFACE_STYLE_USAGE(.BOTH.,#16295);
#16295 = SURFACE_SIDE_STYLE('',(#16296));
#16296 = SURFACE_STYLE_FILL_AREA(#16297);
#16297 = FILL_AREA_STYLE('',(#16298));
#16298 = FILL_AREA_STYLE_COLOUR('',#16116);
#16299 = STYLED_ITEM('color',(#16300),#5373);
#16300 = PRESENTATION_STYLE_ASSIGNMENT((#16301));
#16301 = SURFACE_STYLE_USAGE(.BOTH.,#16302);
#16302 = SURFACE_SIDE_STYLE('',(#16303));
#16303 = SURFACE_STYLE_FILL_AREA(#16304);
#16304 = FILL_AREA_STYLE('',(#16305));
#16305 = FILL_AREA_STYLE_COLOUR('',#16116);
#16306 = STYLED_ITEM('color',(#16307),#5390);
#16307 = PRESENTATION_STYLE_ASSIGNMENT((#16308));
#16308 = SURFACE_STYLE_USAGE(.BOTH.,#16309);
#16309 = SURFACE_SIDE_STYLE('',(#16310));
#16310 = SURFACE_STYLE_FILL_AREA(#16311);
#16311 = FILL_AREA_STYLE('',(#16312));
#16312 = FILL_AREA_STYLE_COLOUR('',#16116);
#16313 = STYLED_ITEM('color',(#16314),#5421);
#16314 = PRESENTATION_STYLE_ASSIGNMENT((#16315));
#16315 = SURFACE_STYLE_USAGE(.BOTH.,#16316);
#16316 = SURFACE_SIDE_STYLE('',(#16317));
#16317 = SURFACE_STYLE_FILL_AREA(#16318);
#16318 = FILL_AREA_STYLE('',(#16319));
#16319 = FILL_AREA_STYLE_COLOUR('',#16116);
#16320 = STYLED_ITEM('color',(#16321),#5445);
#16321 = PRESENTATION_STYLE_ASSIGNMENT((#16322));
#16322 = SURFACE_STYLE_USAGE(.BOTH.,#16323);
#16323 = SURFACE_SIDE_STYLE('',(#16324));
#16324 = SURFACE_STYLE_FILL_AREA(#16325);
#16325 = FILL_AREA_STYLE('',(#16326));
#16326 = FILL_AREA_STYLE_COLOUR('',#16116);
#16327 = STYLED_ITEM('color',(#16328),#5469);
#16328 = PRESENTATION_STYLE_ASSIGNMENT((#16329));
#16329 = SURFACE_STYLE_USAGE(.BOTH.,#16330);
#16330 = SURFACE_SIDE_STYLE('',(#16331));
#16331 = SURFACE_STYLE_FILL_AREA(#16332);
#16332 = FILL_AREA_STYLE('',(#16333));
#16333 = FILL_AREA_STYLE_COLOUR('',#16116);
#16334 = STYLED_ITEM('color',(#16335),#5486);
#16335 = PRESENTATION_STYLE_ASSIGNMENT((#16336));
#16336 = SURFACE_STYLE_USAGE(.BOTH.,#16337);
#16337 = SURFACE_SIDE_STYLE('',(#16338));
#16338 = SURFACE_STYLE_FILL_AREA(#16339);
#16339 = FILL_AREA_STYLE('',(#16340));
#16340 = FILL_AREA_STYLE_COLOUR('',#16116);
#16341 = STYLED_ITEM('color',(#16342),#5498);
#16342 = PRESENTATION_STYLE_ASSIGNMENT((#16343));
#16343 = SURFACE_STYLE_USAGE(.BOTH.,#16344);
#16344 = SURFACE_SIDE_STYLE('',(#16345));
#16345 = SURFACE_STYLE_FILL_AREA(#16346);
#16346 = FILL_AREA_STYLE('',(#16347));
#16347 = FILL_AREA_STYLE_COLOUR('',#16116);
#16348 = STYLED_ITEM('color',(#16349),#5510);
#16349 = PRESENTATION_STYLE_ASSIGNMENT((#16350));
#16350 = SURFACE_STYLE_USAGE(.BOTH.,#16351);
#16351 = SURFACE_SIDE_STYLE('',(#16352));
#16352 = SURFACE_STYLE_FILL_AREA(#16353);
#16353 = FILL_AREA_STYLE('',(#16354));
#16354 = FILL_AREA_STYLE_COLOUR('',#16116);
#16355 = STYLED_ITEM('color',(#16356),#5522);
#16356 = PRESENTATION_STYLE_ASSIGNMENT((#16357));
#16357 = SURFACE_STYLE_USAGE(.BOTH.,#16358);
#16358 = SURFACE_SIDE_STYLE('',(#16359));
#16359 = SURFACE_STYLE_FILL_AREA(#16360);
#16360 = FILL_AREA_STYLE('',(#16361));
#16361 = FILL_AREA_STYLE_COLOUR('',#16116);
#16362 = MECHANICAL_DESIGN_GEOMETRIC_PRESENTATION_REPRESENTATION('',(
    #16363,#16370,#16377,#16384,#16391,#16398,#16405,#16412,#16419,
    #16426,#16433,#16440,#16447,#16454,#16461,#16468,#16475,#16482,
    #16489,#16496,#16503,#16510,#16517,#16524,#16531,#16538,#16545,
    #16552,#16559,#16566,#16573,#16580,#16587,#16594,#16601,#16608,
    #16615,#16622,#16629,#16636,#16643,#16650,#16657,#16664,#16671,
    #16678,#16685,#16692,#16699,#16706,#16713,#16720,#16727,#16734,
    #16741,#16748,#16755,#16762,#16769,#16776,#16783,#16790,#16797,
    #16804,#16811,#16818,#16825,#16832,#16839,#16846,#16853,#16860,
    #16867,#16874,#16881,#16888,#16895,#16902,#16909,#16916,#16923,
    #16930,#16937,#16944,#16951,#16958,#16965,#16972,#16979,#16986,
    #16993,#17000,#17007,#17014,#17021,#17028,#17035,#17042,#17049,
    #17056,#17063,#17070,#17077,#17084,#17091,#17098,#17105,#17112,
    #17119,#17126,#17133,#17140,#17147,#17154,#17161,#17168,#17175,
    #17182,#17189,#17196,#17203,#17210,#17217,#17224,#17231,#17238,
    #17245,#17252,#17259,#17266,#17273,#17280,#17287,#17294,#17301,
    #17308,#17315,#17322,#17329,#17336,#17343,#17350,#17357,#17364,
    #17371,#17378,#17385,#17392,#17399,#17406,#17413,#17420,#17427,
    #17434,#17441,#17448,#17455,#17462,#17469,#17476,#17483,#17490,
    #17497,#17504,#17511,#17518,#17525,#17532,#17539,#17546,#17553,
    #17560,#17567,#17574,#17581,#17588,#17595,#17602,#17609,#17616,
    #17623,#17630,#17637,#17644,#17651,#17658,#17665,#17672,#17679,
    #17686,#17693,#17700,#17707,#17714,#17721,#17728,#17735,#17742,
    #17749,#17756,#17763,#17770,#17777,#17784,#17791,#17798,#17805,
    #17812,#17819,#17826,#17833,#17840,#17847,#17854,#17861,#17868,
    #17875,#17882,#17889,#17896,#17903,#17910,#17917,#17924,#17931,
    #17938,#17945,#17952,#17959,#17966,#17973,#17980,#17987,#17994,
    #18001,#18008,#18015,#18022,#18029,#18036,#18043,#18050,#18057,
    #18064,#18071,#18078,#18085,#18092,#18099,#18106,#18113,#18120,
    #18127,#18134,#18141,#18148,#18155,#18162,#18169,#18176,#18183,
    #18190,#18197,#18204,#18211,#18218,#18225,#18232,#18239,#18246,
    #18253,#18260,#18267,#18274,#18281,#18288,#18295,#18302,#18309,
    #18316,#18323,#18330,#18337,#18344,#18351,#18358,#18365,#18372,
    #18379,#18386,#18393,#18400),#14172);
#16363 = STYLED_ITEM('color',(#16364),#6002);
#16364 = PRESENTATION_STYLE_ASSIGNMENT((#16365));
#16365 = SURFACE_STYLE_USAGE(.BOTH.,#16366);
#16366 = SURFACE_SIDE_STYLE('',(#16367));
#16367 = SURFACE_STYLE_FILL_AREA(#16368);
#16368 = FILL_AREA_STYLE('',(#16369));
#16369 = FILL_AREA_STYLE_COLOUR('',#16003);
#16370 = STYLED_ITEM('color',(#16371),#6042);
#16371 = PRESENTATION_STYLE_ASSIGNMENT((#16372));
#16372 = SURFACE_STYLE_USAGE(.BOTH.,#16373);
#16373 = SURFACE_SIDE_STYLE('',(#16374));
#16374 = SURFACE_STYLE_FILL_AREA(#16375);
#16375 = FILL_AREA_STYLE('',(#16376));
#16376 = FILL_AREA_STYLE_COLOUR('',#16003);
#16377 = STYLED_ITEM('color',(#16378),#6073);
#16378 = PRESENTATION_STYLE_ASSIGNMENT((#16379));
#16379 = SURFACE_STYLE_USAGE(.BOTH.,#16380);
#16380 = SURFACE_SIDE_STYLE('',(#16381));
#16381 = SURFACE_STYLE_FILL_AREA(#16382);
#16382 = FILL_AREA_STYLE('',(#16383));
#16383 = FILL_AREA_STYLE_COLOUR('',#16003);
#16384 = STYLED_ITEM('color',(#16385),#6104);
#16385 = PRESENTATION_STYLE_ASSIGNMENT((#16386));
#16386 = SURFACE_STYLE_USAGE(.BOTH.,#16387);
#16387 = SURFACE_SIDE_STYLE('',(#16388));
#16388 = SURFACE_STYLE_FILL_AREA(#16389);
#16389 = FILL_AREA_STYLE('',(#16390));
#16390 = FILL_AREA_STYLE_COLOUR('',#16003);
#16391 = STYLED_ITEM('color',(#16392),#7089);
#16392 = PRESENTATION_STYLE_ASSIGNMENT((#16393));
#16393 = SURFACE_STYLE_USAGE(.BOTH.,#16394);
#16394 = SURFACE_SIDE_STYLE('',(#16395));
#16395 = SURFACE_STYLE_FILL_AREA(#16396);
#16396 = FILL_AREA_STYLE('',(#16397));
#16397 = FILL_AREA_STYLE_COLOUR('',#16003);
#16398 = STYLED_ITEM('color',(#16399),#8074);
#16399 = PRESENTATION_STYLE_ASSIGNMENT((#16400));
#16400 = SURFACE_STYLE_USAGE(.BOTH.,#16401);
#16401 = SURFACE_SIDE_STYLE('',(#16402));
#16402 = SURFACE_STYLE_FILL_AREA(#16403);
#16403 = FILL_AREA_STYLE('',(#16404));
#16404 = FILL_AREA_STYLE_COLOUR('',#16003);
#16405 = STYLED_ITEM('color',(#16406),#8091);
#16406 = PRESENTATION_STYLE_ASSIGNMENT((#16407));
#16407 = SURFACE_STYLE_USAGE(.BOTH.,#16408);
#16408 = SURFACE_SIDE_STYLE('',(#16409));
#16409 = SURFACE_STYLE_FILL_AREA(#16410);
#16410 = FILL_AREA_STYLE('',(#16411));
#16411 = FILL_AREA_STYLE_COLOUR('',#16003);
#16412 = STYLED_ITEM('color',(#16413),#8108);
#16413 = PRESENTATION_STYLE_ASSIGNMENT((#16414));
#16414 = SURFACE_STYLE_USAGE(.BOTH.,#16415);
#16415 = SURFACE_SIDE_STYLE('',(#16416));
#16416 = SURFACE_STYLE_FILL_AREA(#16417);
#16417 = FILL_AREA_STYLE('',(#16418));
#16418 = FILL_AREA_STYLE_COLOUR('',#16003);
#16419 = STYLED_ITEM('color',(#16420),#8125);
#16420 = PRESENTATION_STYLE_ASSIGNMENT((#16421));
#16421 = SURFACE_STYLE_USAGE(.BOTH.,#16422);
#16422 = SURFACE_SIDE_STYLE('',(#16423));
#16423 = SURFACE_STYLE_FILL_AREA(#16424);
#16424 = FILL_AREA_STYLE('',(#16425));
#16425 = FILL_AREA_STYLE_COLOUR('',#16003);
#16426 = STYLED_ITEM('color',(#16427),#8142);
#16427 = PRESENTATION_STYLE_ASSIGNMENT((#16428));
#16428 = SURFACE_STYLE_USAGE(.BOTH.,#16429);
#16429 = SURFACE_SIDE_STYLE('',(#16430));
#16430 = SURFACE_STYLE_FILL_AREA(#16431);
#16431 = FILL_AREA_STYLE('',(#16432));
#16432 = FILL_AREA_STYLE_COLOUR('',#16003);
#16433 = STYLED_ITEM('color',(#16434),#8159);
#16434 = PRESENTATION_STYLE_ASSIGNMENT((#16435));
#16435 = SURFACE_STYLE_USAGE(.BOTH.,#16436);
#16436 = SURFACE_SIDE_STYLE('',(#16437));
#16437 = SURFACE_STYLE_FILL_AREA(#16438);
#16438 = FILL_AREA_STYLE('',(#16439));
#16439 = FILL_AREA_STYLE_COLOUR('',#16003);
#16440 = STYLED_ITEM('color',(#16441),#8176);
#16441 = PRESENTATION_STYLE_ASSIGNMENT((#16442));
#16442 = SURFACE_STYLE_USAGE(.BOTH.,#16443);
#16443 = SURFACE_SIDE_STYLE('',(#16444));
#16444 = SURFACE_STYLE_FILL_AREA(#16445);
#16445 = FILL_AREA_STYLE('',(#16446));
#16446 = FILL_AREA_STYLE_COLOUR('',#16003);
#16447 = STYLED_ITEM('color',(#16448),#8193);
#16448 = PRESENTATION_STYLE_ASSIGNMENT((#16449));
#16449 = SURFACE_STYLE_USAGE(.BOTH.,#16450);
#16450 = SURFACE_SIDE_STYLE('',(#16451));
#16451 = SURFACE_STYLE_FILL_AREA(#16452);
#16452 = FILL_AREA_STYLE('',(#16453));
#16453 = FILL_AREA_STYLE_COLOUR('',#16003);
#16454 = STYLED_ITEM('color',(#16455),#8210);
#16455 = PRESENTATION_STYLE_ASSIGNMENT((#16456));
#16456 = SURFACE_STYLE_USAGE(.BOTH.,#16457);
#16457 = SURFACE_SIDE_STYLE('',(#16458));
#16458 = SURFACE_STYLE_FILL_AREA(#16459);
#16459 = FILL_AREA_STYLE('',(#16460));
#16460 = FILL_AREA_STYLE_COLOUR('',#16003);
#16461 = STYLED_ITEM('color',(#16462),#8227);
#16462 = PRESENTATION_STYLE_ASSIGNMENT((#16463));
#16463 = SURFACE_STYLE_USAGE(.BOTH.,#16464);
#16464 = SURFACE_SIDE_STYLE('',(#16465));
#16465 = SURFACE_STYLE_FILL_AREA(#16466);
#16466 = FILL_AREA_STYLE('',(#16467));
#16467 = FILL_AREA_STYLE_COLOUR('',#16003);
#16468 = STYLED_ITEM('color',(#16469),#8244);
#16469 = PRESENTATION_STYLE_ASSIGNMENT((#16470));
#16470 = SURFACE_STYLE_USAGE(.BOTH.,#16471);
#16471 = SURFACE_SIDE_STYLE('',(#16472));
#16472 = SURFACE_STYLE_FILL_AREA(#16473);
#16473 = FILL_AREA_STYLE('',(#16474));
#16474 = FILL_AREA_STYLE_COLOUR('',#16003);
#16475 = STYLED_ITEM('color',(#16476),#8261);
#16476 = PRESENTATION_STYLE_ASSIGNMENT((#16477));
#16477 = SURFACE_STYLE_USAGE(.BOTH.,#16478);
#16478 = SURFACE_SIDE_STYLE('',(#16479));
#16479 = SURFACE_STYLE_FILL_AREA(#16480);
#16480 = FILL_AREA_STYLE('',(#16481));
#16481 = FILL_AREA_STYLE_COLOUR('',#16003);
#16482 = STYLED_ITEM('color',(#16483),#8278);
#16483 = PRESENTATION_STYLE_ASSIGNMENT((#16484));
#16484 = SURFACE_STYLE_USAGE(.BOTH.,#16485);
#16485 = SURFACE_SIDE_STYLE('',(#16486));
#16486 = SURFACE_STYLE_FILL_AREA(#16487);
#16487 = FILL_AREA_STYLE('',(#16488));
#16488 = FILL_AREA_STYLE_COLOUR('',#16003);
#16489 = STYLED_ITEM('color',(#16490),#8295);
#16490 = PRESENTATION_STYLE_ASSIGNMENT((#16491));
#16491 = SURFACE_STYLE_USAGE(.BOTH.,#16492);
#16492 = SURFACE_SIDE_STYLE('',(#16493));
#16493 = SURFACE_STYLE_FILL_AREA(#16494);
#16494 = FILL_AREA_STYLE('',(#16495));
#16495 = FILL_AREA_STYLE_COLOUR('',#16003);
#16496 = STYLED_ITEM('color',(#16497),#8312);
#16497 = PRESENTATION_STYLE_ASSIGNMENT((#16498));
#16498 = SURFACE_STYLE_USAGE(.BOTH.,#16499);
#16499 = SURFACE_SIDE_STYLE('',(#16500));
#16500 = SURFACE_STYLE_FILL_AREA(#16501);
#16501 = FILL_AREA_STYLE('',(#16502));
#16502 = FILL_AREA_STYLE_COLOUR('',#16003);
#16503 = STYLED_ITEM('color',(#16504),#8329);
#16504 = PRESENTATION_STYLE_ASSIGNMENT((#16505));
#16505 = SURFACE_STYLE_USAGE(.BOTH.,#16506);
#16506 = SURFACE_SIDE_STYLE('',(#16507));
#16507 = SURFACE_STYLE_FILL_AREA(#16508);
#16508 = FILL_AREA_STYLE('',(#16509));
#16509 = FILL_AREA_STYLE_COLOUR('',#16003);
#16510 = STYLED_ITEM('color',(#16511),#8346);
#16511 = PRESENTATION_STYLE_ASSIGNMENT((#16512));
#16512 = SURFACE_STYLE_USAGE(.BOTH.,#16513);
#16513 = SURFACE_SIDE_STYLE('',(#16514));
#16514 = SURFACE_STYLE_FILL_AREA(#16515);
#16515 = FILL_AREA_STYLE('',(#16516));
#16516 = FILL_AREA_STYLE_COLOUR('',#16003);
#16517 = STYLED_ITEM('color',(#16518),#8363);
#16518 = PRESENTATION_STYLE_ASSIGNMENT((#16519));
#16519 = SURFACE_STYLE_USAGE(.BOTH.,#16520);
#16520 = SURFACE_SIDE_STYLE('',(#16521));
#16521 = SURFACE_STYLE_FILL_AREA(#16522);
#16522 = FILL_AREA_STYLE('',(#16523));
#16523 = FILL_AREA_STYLE_COLOUR('',#16003);
#16524 = STYLED_ITEM('color',(#16525),#8380);
#16525 = PRESENTATION_STYLE_ASSIGNMENT((#16526));
#16526 = SURFACE_STYLE_USAGE(.BOTH.,#16527);
#16527 = SURFACE_SIDE_STYLE('',(#16528));
#16528 = SURFACE_STYLE_FILL_AREA(#16529);
#16529 = FILL_AREA_STYLE('',(#16530));
#16530 = FILL_AREA_STYLE_COLOUR('',#16003);
#16531 = STYLED_ITEM('color',(#16532),#8397);
#16532 = PRESENTATION_STYLE_ASSIGNMENT((#16533));
#16533 = SURFACE_STYLE_USAGE(.BOTH.,#16534);
#16534 = SURFACE_SIDE_STYLE('',(#16535));
#16535 = SURFACE_STYLE_FILL_AREA(#16536);
#16536 = FILL_AREA_STYLE('',(#16537));
#16537 = FILL_AREA_STYLE_COLOUR('',#16003);
#16538 = STYLED_ITEM('color',(#16539),#8414);
#16539 = PRESENTATION_STYLE_ASSIGNMENT((#16540));
#16540 = SURFACE_STYLE_USAGE(.BOTH.,#16541);
#16541 = SURFACE_SIDE_STYLE('',(#16542));
#16542 = SURFACE_STYLE_FILL_AREA(#16543);
#16543 = FILL_AREA_STYLE('',(#16544));
#16544 = FILL_AREA_STYLE_COLOUR('',#16003);
#16545 = STYLED_ITEM('color',(#16546),#8431);
#16546 = PRESENTATION_STYLE_ASSIGNMENT((#16547));
#16547 = SURFACE_STYLE_USAGE(.BOTH.,#16548);
#16548 = SURFACE_SIDE_STYLE('',(#16549));
#16549 = SURFACE_STYLE_FILL_AREA(#16550);
#16550 = FILL_AREA_STYLE('',(#16551));
#16551 = FILL_AREA_STYLE_COLOUR('',#16003);
#16552 = STYLED_ITEM('color',(#16553),#8448);
#16553 = PRESENTATION_STYLE_ASSIGNMENT((#16554));
#16554 = SURFACE_STYLE_USAGE(.BOTH.,#16555);
#16555 = SURFACE_SIDE_STYLE('',(#16556));
#16556 = SURFACE_STYLE_FILL_AREA(#16557);
#16557 = FILL_AREA_STYLE('',(#16558));
#16558 = FILL_AREA_STYLE_COLOUR('',#16003);
#16559 = STYLED_ITEM('color',(#16560),#8465);
#16560 = PRESENTATION_STYLE_ASSIGNMENT((#16561));
#16561 = SURFACE_STYLE_USAGE(.BOTH.,#16562);
#16562 = SURFACE_SIDE_STYLE('',(#16563));
#16563 = SURFACE_STYLE_FILL_AREA(#16564);
#16564 = FILL_AREA_STYLE('',(#16565));
#16565 = FILL_AREA_STYLE_COLOUR('',#16003);
#16566 = STYLED_ITEM('color',(#16567),#8482);
#16567 = PRESENTATION_STYLE_ASSIGNMENT((#16568));
#16568 = SURFACE_STYLE_USAGE(.BOTH.,#16569);
#16569 = SURFACE_SIDE_STYLE('',(#16570));
#16570 = SURFACE_STYLE_FILL_AREA(#16571);
#16571 = FILL_AREA_STYLE('',(#16572));
#16572 = FILL_AREA_STYLE_COLOUR('',#16003);
#16573 = STYLED_ITEM('color',(#16574),#8499);
#16574 = PRESENTATION_STYLE_ASSIGNMENT((#16575));
#16575 = SURFACE_STYLE_USAGE(.BOTH.,#16576);
#16576 = SURFACE_SIDE_STYLE('',(#16577));
#16577 = SURFACE_STYLE_FILL_AREA(#16578);
#16578 = FILL_AREA_STYLE('',(#16579));
#16579 = FILL_AREA_STYLE_COLOUR('',#16003);
#16580 = STYLED_ITEM('color',(#16581),#8516);
#16581 = PRESENTATION_STYLE_ASSIGNMENT((#16582));
#16582 = SURFACE_STYLE_USAGE(.BOTH.,#16583);
#16583 = SURFACE_SIDE_STYLE('',(#16584));
#16584 = SURFACE_STYLE_FILL_AREA(#16585);
#16585 = FILL_AREA_STYLE('',(#16586));
#16586 = FILL_AREA_STYLE_COLOUR('',#16003);
#16587 = STYLED_ITEM('color',(#16588),#8533);
#16588 = PRESENTATION_STYLE_ASSIGNMENT((#16589));
#16589 = SURFACE_STYLE_USAGE(.BOTH.,#16590);
#16590 = SURFACE_SIDE_STYLE('',(#16591));
#16591 = SURFACE_STYLE_FILL_AREA(#16592);
#16592 = FILL_AREA_STYLE('',(#16593));
#16593 = FILL_AREA_STYLE_COLOUR('',#16003);
#16594 = STYLED_ITEM('color',(#16595),#8550);
#16595 = PRESENTATION_STYLE_ASSIGNMENT((#16596));
#16596 = SURFACE_STYLE_USAGE(.BOTH.,#16597);
#16597 = SURFACE_SIDE_STYLE('',(#16598));
#16598 = SURFACE_STYLE_FILL_AREA(#16599);
#16599 = FILL_AREA_STYLE('',(#16600));
#16600 = FILL_AREA_STYLE_COLOUR('',#16003);
#16601 = STYLED_ITEM('color',(#16602),#8567);
#16602 = PRESENTATION_STYLE_ASSIGNMENT((#16603));
#16603 = SURFACE_STYLE_USAGE(.BOTH.,#16604);
#16604 = SURFACE_SIDE_STYLE('',(#16605));
#16605 = SURFACE_STYLE_FILL_AREA(#16606);
#16606 = FILL_AREA_STYLE('',(#16607));
#16607 = FILL_AREA_STYLE_COLOUR('',#16003);
#16608 = STYLED_ITEM('color',(#16609),#8584);
#16609 = PRESENTATION_STYLE_ASSIGNMENT((#16610));
#16610 = SURFACE_STYLE_USAGE(.BOTH.,#16611);
#16611 = SURFACE_SIDE_STYLE('',(#16612));
#16612 = SURFACE_STYLE_FILL_AREA(#16613);
#16613 = FILL_AREA_STYLE('',(#16614));
#16614 = FILL_AREA_STYLE_COLOUR('',#16003);
#16615 = STYLED_ITEM('color',(#16616),#8601);
#16616 = PRESENTATION_STYLE_ASSIGNMENT((#16617));
#16617 = SURFACE_STYLE_USAGE(.BOTH.,#16618);
#16618 = SURFACE_SIDE_STYLE('',(#16619));
#16619 = SURFACE_STYLE_FILL_AREA(#16620);
#16620 = FILL_AREA_STYLE('',(#16621));
#16621 = FILL_AREA_STYLE_COLOUR('',#16003);
#16622 = STYLED_ITEM('color',(#16623),#8618);
#16623 = PRESENTATION_STYLE_ASSIGNMENT((#16624));
#16624 = SURFACE_STYLE_USAGE(.BOTH.,#16625);
#16625 = SURFACE_SIDE_STYLE('',(#16626));
#16626 = SURFACE_STYLE_FILL_AREA(#16627);
#16627 = FILL_AREA_STYLE('',(#16628));
#16628 = FILL_AREA_STYLE_COLOUR('',#16003);
#16629 = STYLED_ITEM('color',(#16630),#8635);
#16630 = PRESENTATION_STYLE_ASSIGNMENT((#16631));
#16631 = SURFACE_STYLE_USAGE(.BOTH.,#16632);
#16632 = SURFACE_SIDE_STYLE('',(#16633));
#16633 = SURFACE_STYLE_FILL_AREA(#16634);
#16634 = FILL_AREA_STYLE('',(#16635));
#16635 = FILL_AREA_STYLE_COLOUR('',#16003);
#16636 = STYLED_ITEM('color',(#16637),#8652);
#16637 = PRESENTATION_STYLE_ASSIGNMENT((#16638));
#16638 = SURFACE_STYLE_USAGE(.BOTH.,#16639);
#16639 = SURFACE_SIDE_STYLE('',(#16640));
#16640 = SURFACE_STYLE_FILL_AREA(#16641);
#16641 = FILL_AREA_STYLE('',(#16642));
#16642 = FILL_AREA_STYLE_COLOUR('',#16003);
#16643 = STYLED_ITEM('color',(#16644),#8669);
#16644 = PRESENTATION_STYLE_ASSIGNMENT((#16645));
#16645 = SURFACE_STYLE_USAGE(.BOTH.,#16646);
#16646 = SURFACE_SIDE_STYLE('',(#16647));
#16647 = SURFACE_STYLE_FILL_AREA(#16648);
#16648 = FILL_AREA_STYLE('',(#16649));
#16649 = FILL_AREA_STYLE_COLOUR('',#16003);
#16650 = STYLED_ITEM('color',(#16651),#8686);
#16651 = PRESENTATION_STYLE_ASSIGNMENT((#16652));
#16652 = SURFACE_STYLE_USAGE(.BOTH.,#16653);
#16653 = SURFACE_SIDE_STYLE('',(#16654));
#16654 = SURFACE_STYLE_FILL_AREA(#16655);
#16655 = FILL_AREA_STYLE('',(#16656));
#16656 = FILL_AREA_STYLE_COLOUR('',#16003);
#16657 = STYLED_ITEM('color',(#16658),#8703);
#16658 = PRESENTATION_STYLE_ASSIGNMENT((#16659));
#16659 = SURFACE_STYLE_USAGE(.BOTH.,#16660);
#16660 = SURFACE_SIDE_STYLE('',(#16661));
#16661 = SURFACE_STYLE_FILL_AREA(#16662);
#16662 = FILL_AREA_STYLE('',(#16663));
#16663 = FILL_AREA_STYLE_COLOUR('',#16003);
#16664 = STYLED_ITEM('color',(#16665),#8720);
#16665 = PRESENTATION_STYLE_ASSIGNMENT((#16666));
#16666 = SURFACE_STYLE_USAGE(.BOTH.,#16667);
#16667 = SURFACE_SIDE_STYLE('',(#16668));
#16668 = SURFACE_STYLE_FILL_AREA(#16669);
#16669 = FILL_AREA_STYLE('',(#16670));
#16670 = FILL_AREA_STYLE_COLOUR('',#16003);
#16671 = STYLED_ITEM('color',(#16672),#8737);
#16672 = PRESENTATION_STYLE_ASSIGNMENT((#16673));
#16673 = SURFACE_STYLE_USAGE(.BOTH.,#16674);
#16674 = SURFACE_SIDE_STYLE('',(#16675));
#16675 = SURFACE_STYLE_FILL_AREA(#16676);
#16676 = FILL_AREA_STYLE('',(#16677));
#16677 = FILL_AREA_STYLE_COLOUR('',#16003);
#16678 = STYLED_ITEM('color',(#16679),#8754);
#16679 = PRESENTATION_STYLE_ASSIGNMENT((#16680));
#16680 = SURFACE_STYLE_USAGE(.BOTH.,#16681);
#16681 = SURFACE_SIDE_STYLE('',(#16682));
#16682 = SURFACE_STYLE_FILL_AREA(#16683);
#16683 = FILL_AREA_STYLE('',(#16684));
#16684 = FILL_AREA_STYLE_COLOUR('',#16003);
#16685 = STYLED_ITEM('color',(#16686),#8771);
#16686 = PRESENTATION_STYLE_ASSIGNMENT((#16687));
#16687 = SURFACE_STYLE_USAGE(.BOTH.,#16688);
#16688 = SURFACE_SIDE_STYLE('',(#16689));
#16689 = SURFACE_STYLE_FILL_AREA(#16690);
#16690 = FILL_AREA_STYLE('',(#16691));
#16691 = FILL_AREA_STYLE_COLOUR('',#16003);
#16692 = STYLED_ITEM('color',(#16693),#8788);
#16693 = PRESENTATION_STYLE_ASSIGNMENT((#16694));
#16694 = SURFACE_STYLE_USAGE(.BOTH.,#16695);
#16695 = SURFACE_SIDE_STYLE('',(#16696));
#16696 = SURFACE_STYLE_FILL_AREA(#16697);
#16697 = FILL_AREA_STYLE('',(#16698));
#16698 = FILL_AREA_STYLE_COLOUR('',#16003);
#16699 = STYLED_ITEM('color',(#16700),#8805);
#16700 = PRESENTATION_STYLE_ASSIGNMENT((#16701));
#16701 = SURFACE_STYLE_USAGE(.BOTH.,#16702);
#16702 = SURFACE_SIDE_STYLE('',(#16703));
#16703 = SURFACE_STYLE_FILL_AREA(#16704);
#16704 = FILL_AREA_STYLE('',(#16705));
#16705 = FILL_AREA_STYLE_COLOUR('',#16003);
#16706 = STYLED_ITEM('color',(#16707),#8822);
#16707 = PRESENTATION_STYLE_ASSIGNMENT((#16708));
#16708 = SURFACE_STYLE_USAGE(.BOTH.,#16709);
#16709 = SURFACE_SIDE_STYLE('',(#16710));
#16710 = SURFACE_STYLE_FILL_AREA(#16711);
#16711 = FILL_AREA_STYLE('',(#16712));
#16712 = FILL_AREA_STYLE_COLOUR('',#16003);
#16713 = STYLED_ITEM('color',(#16714),#8839);
#16714 = PRESENTATION_STYLE_ASSIGNMENT((#16715));
#16715 = SURFACE_STYLE_USAGE(.BOTH.,#16716);
#16716 = SURFACE_SIDE_STYLE('',(#16717));
#16717 = SURFACE_STYLE_FILL_AREA(#16718);
#16718 = FILL_AREA_STYLE('',(#16719));
#16719 = FILL_AREA_STYLE_COLOUR('',#16003);
#16720 = STYLED_ITEM('color',(#16721),#8856);
#16721 = PRESENTATION_STYLE_ASSIGNMENT((#16722));
#16722 = SURFACE_STYLE_USAGE(.BOTH.,#16723);
#16723 = SURFACE_SIDE_STYLE('',(#16724));
#16724 = SURFACE_STYLE_FILL_AREA(#16725);
#16725 = FILL_AREA_STYLE('',(#16726));
#16726 = FILL_AREA_STYLE_COLOUR('',#16003);
#16727 = STYLED_ITEM('color',(#16728),#8873);
#16728 = PRESENTATION_STYLE_ASSIGNMENT((#16729));
#16729 = SURFACE_STYLE_USAGE(.BOTH.,#16730);
#16730 = SURFACE_SIDE_STYLE('',(#16731));
#16731 = SURFACE_STYLE_FILL_AREA(#16732);
#16732 = FILL_AREA_STYLE('',(#16733));
#16733 = FILL_AREA_STYLE_COLOUR('',#16003);
#16734 = STYLED_ITEM('color',(#16735),#8890);
#16735 = PRESENTATION_STYLE_ASSIGNMENT((#16736));
#16736 = SURFACE_STYLE_USAGE(.BOTH.,#16737);
#16737 = SURFACE_SIDE_STYLE('',(#16738));
#16738 = SURFACE_STYLE_FILL_AREA(#16739);
#16739 = FILL_AREA_STYLE('',(#16740));
#16740 = FILL_AREA_STYLE_COLOUR('',#16003);
#16741 = STYLED_ITEM('color',(#16742),#8907);
#16742 = PRESENTATION_STYLE_ASSIGNMENT((#16743));
#16743 = SURFACE_STYLE_USAGE(.BOTH.,#16744);
#16744 = SURFACE_SIDE_STYLE('',(#16745));
#16745 = SURFACE_STYLE_FILL_AREA(#16746);
#16746 = FILL_AREA_STYLE('',(#16747));
#16747 = FILL_AREA_STYLE_COLOUR('',#16003);
#16748 = STYLED_ITEM('color',(#16749),#8924);
#16749 = PRESENTATION_STYLE_ASSIGNMENT((#16750));
#16750 = SURFACE_STYLE_USAGE(.BOTH.,#16751);
#16751 = SURFACE_SIDE_STYLE('',(#16752));
#16752 = SURFACE_STYLE_FILL_AREA(#16753);
#16753 = FILL_AREA_STYLE('',(#16754));
#16754 = FILL_AREA_STYLE_COLOUR('',#16003);
#16755 = STYLED_ITEM('color',(#16756),#8941);
#16756 = PRESENTATION_STYLE_ASSIGNMENT((#16757));
#16757 = SURFACE_STYLE_USAGE(.BOTH.,#16758);
#16758 = SURFACE_SIDE_STYLE('',(#16759));
#16759 = SURFACE_STYLE_FILL_AREA(#16760);
#16760 = FILL_AREA_STYLE('',(#16761));
#16761 = FILL_AREA_STYLE_COLOUR('',#16003);
#16762 = STYLED_ITEM('color',(#16763),#8958);
#16763 = PRESENTATION_STYLE_ASSIGNMENT((#16764));
#16764 = SURFACE_STYLE_USAGE(.BOTH.,#16765);
#16765 = SURFACE_SIDE_STYLE('',(#16766));
#16766 = SURFACE_STYLE_FILL_AREA(#16767);
#16767 = FILL_AREA_STYLE('',(#16768));
#16768 = FILL_AREA_STYLE_COLOUR('',#16003);
#16769 = STYLED_ITEM('color',(#16770),#8975);
#16770 = PRESENTATION_STYLE_ASSIGNMENT((#16771));
#16771 = SURFACE_STYLE_USAGE(.BOTH.,#16772);
#16772 = SURFACE_SIDE_STYLE('',(#16773));
#16773 = SURFACE_STYLE_FILL_AREA(#16774);
#16774 = FILL_AREA_STYLE('',(#16775));
#16775 = FILL_AREA_STYLE_COLOUR('',#16003);
#16776 = STYLED_ITEM('color',(#16777),#8992);
#16777 = PRESENTATION_STYLE_ASSIGNMENT((#16778));
#16778 = SURFACE_STYLE_USAGE(.BOTH.,#16779);
#16779 = SURFACE_SIDE_STYLE('',(#16780));
#16780 = SURFACE_STYLE_FILL_AREA(#16781);
#16781 = FILL_AREA_STYLE('',(#16782));
#16782 = FILL_AREA_STYLE_COLOUR('',#16003);
#16783 = STYLED_ITEM('color',(#16784),#9009);
#16784 = PRESENTATION_STYLE_ASSIGNMENT((#16785));
#16785 = SURFACE_STYLE_USAGE(.BOTH.,#16786);
#16786 = SURFACE_SIDE_STYLE('',(#16787));
#16787 = SURFACE_STYLE_FILL_AREA(#16788);
#16788 = FILL_AREA_STYLE('',(#16789));
#16789 = FILL_AREA_STYLE_COLOUR('',#16003);
#16790 = STYLED_ITEM('color',(#16791),#9026);
#16791 = PRESENTATION_STYLE_ASSIGNMENT((#16792));
#16792 = SURFACE_STYLE_USAGE(.BOTH.,#16793);
#16793 = SURFACE_SIDE_STYLE('',(#16794));
#16794 = SURFACE_STYLE_FILL_AREA(#16795);
#16795 = FILL_AREA_STYLE('',(#16796));
#16796 = FILL_AREA_STYLE_COLOUR('',#16003);
#16797 = STYLED_ITEM('color',(#16798),#9043);
#16798 = PRESENTATION_STYLE_ASSIGNMENT((#16799));
#16799 = SURFACE_STYLE_USAGE(.BOTH.,#16800);
#16800 = SURFACE_SIDE_STYLE('',(#16801));
#16801 = SURFACE_STYLE_FILL_AREA(#16802);
#16802 = FILL_AREA_STYLE('',(#16803));
#16803 = FILL_AREA_STYLE_COLOUR('',#16003);
#16804 = STYLED_ITEM('color',(#16805),#9060);
#16805 = PRESENTATION_STYLE_ASSIGNMENT((#16806));
#16806 = SURFACE_STYLE_USAGE(.BOTH.,#16807);
#16807 = SURFACE_SIDE_STYLE('',(#16808));
#16808 = SURFACE_STYLE_FILL_AREA(#16809);
#16809 = FILL_AREA_STYLE('',(#16810));
#16810 = FILL_AREA_STYLE_COLOUR('',#16003);
#16811 = STYLED_ITEM('color',(#16812),#9077);
#16812 = PRESENTATION_STYLE_ASSIGNMENT((#16813));
#16813 = SURFACE_STYLE_USAGE(.BOTH.,#16814);
#16814 = SURFACE_SIDE_STYLE('',(#16815));
#16815 = SURFACE_STYLE_FILL_AREA(#16816);
#16816 = FILL_AREA_STYLE('',(#16817));
#16817 = FILL_AREA_STYLE_COLOUR('',#16003);
#16818 = STYLED_ITEM('color',(#16819),#9094);
#16819 = PRESENTATION_STYLE_ASSIGNMENT((#16820));
#16820 = SURFACE_STYLE_USAGE(.BOTH.,#16821);
#16821 = SURFACE_SIDE_STYLE('',(#16822));
#16822 = SURFACE_STYLE_FILL_AREA(#16823);
#16823 = FILL_AREA_STYLE('',(#16824));
#16824 = FILL_AREA_STYLE_COLOUR('',#16003);
#16825 = STYLED_ITEM('color',(#16826),#9111);
#16826 = PRESENTATION_STYLE_ASSIGNMENT((#16827));
#16827 = SURFACE_STYLE_USAGE(.BOTH.,#16828);
#16828 = SURFACE_SIDE_STYLE('',(#16829));
#16829 = SURFACE_STYLE_FILL_AREA(#16830);
#16830 = FILL_AREA_STYLE('',(#16831));
#16831 = FILL_AREA_STYLE_COLOUR('',#16003);
#16832 = STYLED_ITEM('color',(#16833),#9128);
#16833 = PRESENTATION_STYLE_ASSIGNMENT((#16834));
#16834 = SURFACE_STYLE_USAGE(.BOTH.,#16835);
#16835 = SURFACE_SIDE_STYLE('',(#16836));
#16836 = SURFACE_STYLE_FILL_AREA(#16837);
#16837 = FILL_AREA_STYLE('',(#16838));
#16838 = FILL_AREA_STYLE_COLOUR('',#16003);
#16839 = STYLED_ITEM('color',(#16840),#9145);
#16840 = PRESENTATION_STYLE_ASSIGNMENT((#16841));
#16841 = SURFACE_STYLE_USAGE(.BOTH.,#16842);
#16842 = SURFACE_SIDE_STYLE('',(#16843));
#16843 = SURFACE_STYLE_FILL_AREA(#16844);
#16844 = FILL_AREA_STYLE('',(#16845));
#16845 = FILL_AREA_STYLE_COLOUR('',#16003);
#16846 = STYLED_ITEM('color',(#16847),#9162);
#16847 = PRESENTATION_STYLE_ASSIGNMENT((#16848));
#16848 = SURFACE_STYLE_USAGE(.BOTH.,#16849);
#16849 = SURFACE_SIDE_STYLE('',(#16850));
#16850 = SURFACE_STYLE_FILL_AREA(#16851);
#16851 = FILL_AREA_STYLE('',(#16852));
#16852 = FILL_AREA_STYLE_COLOUR('',#16003);
#16853 = STYLED_ITEM('color',(#16854),#9179);
#16854 = PRESENTATION_STYLE_ASSIGNMENT((#16855));
#16855 = SURFACE_STYLE_USAGE(.BOTH.,#16856);
#16856 = SURFACE_SIDE_STYLE('',(#16857));
#16857 = SURFACE_STYLE_FILL_AREA(#16858);
#16858 = FILL_AREA_STYLE('',(#16859));
#16859 = FILL_AREA_STYLE_COLOUR('',#16003);
#16860 = STYLED_ITEM('color',(#16861),#9196);
#16861 = PRESENTATION_STYLE_ASSIGNMENT((#16862));
#16862 = SURFACE_STYLE_USAGE(.BOTH.,#16863);
#16863 = SURFACE_SIDE_STYLE('',(#16864));
#16864 = SURFACE_STYLE_FILL_AREA(#16865);
#16865 = FILL_AREA_STYLE('',(#16866));
#16866 = FILL_AREA_STYLE_COLOUR('',#16003);
#16867 = STYLED_ITEM('color',(#16868),#9213);
#16868 = PRESENTATION_STYLE_ASSIGNMENT((#16869));
#16869 = SURFACE_STYLE_USAGE(.BOTH.,#16870);
#16870 = SURFACE_SIDE_STYLE('',(#16871));
#16871 = SURFACE_STYLE_FILL_AREA(#16872);
#16872 = FILL_AREA_STYLE('',(#16873));
#16873 = FILL_AREA_STYLE_COLOUR('',#16003);
#16874 = STYLED_ITEM('color',(#16875),#9230);
#16875 = PRESENTATION_STYLE_ASSIGNMENT((#16876));
#16876 = SURFACE_STYLE_USAGE(.BOTH.,#16877);
#16877 = SURFACE_SIDE_STYLE('',(#16878));
#16878 = SURFACE_STYLE_FILL_AREA(#16879);
#16879 = FILL_AREA_STYLE('',(#16880));
#16880 = FILL_AREA_STYLE_COLOUR('',#16003);
#16881 = STYLED_ITEM('color',(#16882),#9247);
#16882 = PRESENTATION_STYLE_ASSIGNMENT((#16883));
#16883 = SURFACE_STYLE_USAGE(.BOTH.,#16884);
#16884 = SURFACE_SIDE_STYLE('',(#16885));
#16885 = SURFACE_STYLE_FILL_AREA(#16886);
#16886 = FILL_AREA_STYLE('',(#16887));
#16887 = FILL_AREA_STYLE_COLOUR('',#16003);
#16888 = STYLED_ITEM('color',(#16889),#9264);
#16889 = PRESENTATION_STYLE_ASSIGNMENT((#16890));
#16890 = SURFACE_STYLE_USAGE(.BOTH.,#16891);
#16891 = SURFACE_SIDE_STYLE('',(#16892));
#16892 = SURFACE_STYLE_FILL_AREA(#16893);
#16893 = FILL_AREA_STYLE('',(#16894));
#16894 = FILL_AREA_STYLE_COLOUR('',#16003);
#16895 = STYLED_ITEM('color',(#16896),#9276);
#16896 = PRESENTATION_STYLE_ASSIGNMENT((#16897));
#16897 = SURFACE_STYLE_USAGE(.BOTH.,#16898);
#16898 = SURFACE_SIDE_STYLE('',(#16899));
#16899 = SURFACE_STYLE_FILL_AREA(#16900);
#16900 = FILL_AREA_STYLE('',(#16901));
#16901 = FILL_AREA_STYLE_COLOUR('',#16116);
#16902 = STYLED_ITEM('color',(#16903),#9307);
#16903 = PRESENTATION_STYLE_ASSIGNMENT((#16904));
#16904 = SURFACE_STYLE_USAGE(.BOTH.,#16905);
#16905 = SURFACE_SIDE_STYLE('',(#16906));
#16906 = SURFACE_STYLE_FILL_AREA(#16907);
#16907 = FILL_AREA_STYLE('',(#16908));
#16908 = FILL_AREA_STYLE_COLOUR('',#16116);
#16909 = STYLED_ITEM('color',(#16910),#9331);
#16910 = PRESENTATION_STYLE_ASSIGNMENT((#16911));
#16911 = SURFACE_STYLE_USAGE(.BOTH.,#16912);
#16912 = SURFACE_SIDE_STYLE('',(#16913));
#16913 = SURFACE_STYLE_FILL_AREA(#16914);
#16914 = FILL_AREA_STYLE('',(#16915));
#16915 = FILL_AREA_STYLE_COLOUR('',#16116);
#16916 = STYLED_ITEM('color',(#16917),#9355);
#16917 = PRESENTATION_STYLE_ASSIGNMENT((#16918));
#16918 = SURFACE_STYLE_USAGE(.BOTH.,#16919);
#16919 = SURFACE_SIDE_STYLE('',(#16920));
#16920 = SURFACE_STYLE_FILL_AREA(#16921);
#16921 = FILL_AREA_STYLE('',(#16922));
#16922 = FILL_AREA_STYLE_COLOUR('',#16116);
#16923 = STYLED_ITEM('color',(#16924),#9372);
#16924 = PRESENTATION_STYLE_ASSIGNMENT((#16925));
#16925 = SURFACE_STYLE_USAGE(.BOTH.,#16926);
#16926 = SURFACE_SIDE_STYLE('',(#16927));
#16927 = SURFACE_STYLE_FILL_AREA(#16928);
#16928 = FILL_AREA_STYLE('',(#16929));
#16929 = FILL_AREA_STYLE_COLOUR('',#16116);
#16930 = STYLED_ITEM('color',(#16931),#9403);
#16931 = PRESENTATION_STYLE_ASSIGNMENT((#16932));
#16932 = SURFACE_STYLE_USAGE(.BOTH.,#16933);
#16933 = SURFACE_SIDE_STYLE('',(#16934));
#16934 = SURFACE_STYLE_FILL_AREA(#16935);
#16935 = FILL_AREA_STYLE('',(#16936));
#16936 = FILL_AREA_STYLE_COLOUR('',#16116);
#16937 = STYLED_ITEM('color',(#16938),#9427);
#16938 = PRESENTATION_STYLE_ASSIGNMENT((#16939));
#16939 = SURFACE_STYLE_USAGE(.BOTH.,#16940);
#16940 = SURFACE_SIDE_STYLE('',(#16941));
#16941 = SURFACE_STYLE_FILL_AREA(#16942);
#16942 = FILL_AREA_STYLE('',(#16943));
#16943 = FILL_AREA_STYLE_COLOUR('',#16116);
#16944 = STYLED_ITEM('color',(#16945),#9451);
#16945 = PRESENTATION_STYLE_ASSIGNMENT((#16946));
#16946 = SURFACE_STYLE_USAGE(.BOTH.,#16947);
#16947 = SURFACE_SIDE_STYLE('',(#16948));
#16948 = SURFACE_STYLE_FILL_AREA(#16949);
#16949 = FILL_AREA_STYLE('',(#16950));
#16950 = FILL_AREA_STYLE_COLOUR('',#16116);
#16951 = STYLED_ITEM('color',(#16952),#9468);
#16952 = PRESENTATION_STYLE_ASSIGNMENT((#16953));
#16953 = SURFACE_STYLE_USAGE(.BOTH.,#16954);
#16954 = SURFACE_SIDE_STYLE('',(#16955));
#16955 = SURFACE_STYLE_FILL_AREA(#16956);
#16956 = FILL_AREA_STYLE('',(#16957));
#16957 = FILL_AREA_STYLE_COLOUR('',#16116);
#16958 = STYLED_ITEM('color',(#16959),#9499);
#16959 = PRESENTATION_STYLE_ASSIGNMENT((#16960));
#16960 = SURFACE_STYLE_USAGE(.BOTH.,#16961);
#16961 = SURFACE_SIDE_STYLE('',(#16962));
#16962 = SURFACE_STYLE_FILL_AREA(#16963);
#16963 = FILL_AREA_STYLE('',(#16964));
#16964 = FILL_AREA_STYLE_COLOUR('',#16116);
#16965 = STYLED_ITEM('color',(#16966),#9523);
#16966 = PRESENTATION_STYLE_ASSIGNMENT((#16967));
#16967 = SURFACE_STYLE_USAGE(.BOTH.,#16968);
#16968 = SURFACE_SIDE_STYLE('',(#16969));
#16969 = SURFACE_STYLE_FILL_AREA(#16970);
#16970 = FILL_AREA_STYLE('',(#16971));
#16971 = FILL_AREA_STYLE_COLOUR('',#16116);
#16972 = STYLED_ITEM('color',(#16973),#9547);
#16973 = PRESENTATION_STYLE_ASSIGNMENT((#16974));
#16974 = SURFACE_STYLE_USAGE(.BOTH.,#16975);
#16975 = SURFACE_SIDE_STYLE('',(#16976));
#16976 = SURFACE_STYLE_FILL_AREA(#16977);
#16977 = FILL_AREA_STYLE('',(#16978));
#16978 = FILL_AREA_STYLE_COLOUR('',#16116);
#16979 = STYLED_ITEM('color',(#16980),#9564);
#16980 = PRESENTATION_STYLE_ASSIGNMENT((#16981));
#16981 = SURFACE_STYLE_USAGE(.BOTH.,#16982);
#16982 = SURFACE_SIDE_STYLE('',(#16983));
#16983 = SURFACE_STYLE_FILL_AREA(#16984);
#16984 = FILL_AREA_STYLE('',(#16985));
#16985 = FILL_AREA_STYLE_COLOUR('',#16116);
#16986 = STYLED_ITEM('color',(#16987),#9595);
#16987 = PRESENTATION_STYLE_ASSIGNMENT((#16988));
#16988 = SURFACE_STYLE_USAGE(.BOTH.,#16989);
#16989 = SURFACE_SIDE_STYLE('',(#16990));
#16990 = SURFACE_STYLE_FILL_AREA(#16991);
#16991 = FILL_AREA_STYLE('',(#16992));
#16992 = FILL_AREA_STYLE_COLOUR('',#16116);
#16993 = STYLED_ITEM('color',(#16994),#9619);
#16994 = PRESENTATION_STYLE_ASSIGNMENT((#16995));
#16995 = SURFACE_STYLE_USAGE(.BOTH.,#16996);
#16996 = SURFACE_SIDE_STYLE('',(#16997));
#16997 = SURFACE_STYLE_FILL_AREA(#16998);
#16998 = FILL_AREA_STYLE('',(#16999));
#16999 = FILL_AREA_STYLE_COLOUR('',#16116);
#17000 = STYLED_ITEM('color',(#17001),#9643);
#17001 = PRESENTATION_STYLE_ASSIGNMENT((#17002));
#17002 = SURFACE_STYLE_USAGE(.BOTH.,#17003);
#17003 = SURFACE_SIDE_STYLE('',(#17004));
#17004 = SURFACE_STYLE_FILL_AREA(#17005);
#17005 = FILL_AREA_STYLE('',(#17006));
#17006 = FILL_AREA_STYLE_COLOUR('',#16116);
#17007 = STYLED_ITEM('color',(#17008),#9660);
#17008 = PRESENTATION_STYLE_ASSIGNMENT((#17009));
#17009 = SURFACE_STYLE_USAGE(.BOTH.,#17010);
#17010 = SURFACE_SIDE_STYLE('',(#17011));
#17011 = SURFACE_STYLE_FILL_AREA(#17012);
#17012 = FILL_AREA_STYLE('',(#17013));
#17013 = FILL_AREA_STYLE_COLOUR('',#16116);
#17014 = STYLED_ITEM('color',(#17015),#9691);
#17015 = PRESENTATION_STYLE_ASSIGNMENT((#17016));
#17016 = SURFACE_STYLE_USAGE(.BOTH.,#17017);
#17017 = SURFACE_SIDE_STYLE('',(#17018));
#17018 = SURFACE_STYLE_FILL_AREA(#17019);
#17019 = FILL_AREA_STYLE('',(#17020));
#17020 = FILL_AREA_STYLE_COLOUR('',#16116);
#17021 = STYLED_ITEM('color',(#17022),#9715);
#17022 = PRESENTATION_STYLE_ASSIGNMENT((#17023));
#17023 = SURFACE_STYLE_USAGE(.BOTH.,#17024);
#17024 = SURFACE_SIDE_STYLE('',(#17025));
#17025 = SURFACE_STYLE_FILL_AREA(#17026);
#17026 = FILL_AREA_STYLE('',(#17027));
#17027 = FILL_AREA_STYLE_COLOUR('',#16116);
#17028 = STYLED_ITEM('color',(#17029),#9739);
#17029 = PRESENTATION_STYLE_ASSIGNMENT((#17030));
#17030 = SURFACE_STYLE_USAGE(.BOTH.,#17031);
#17031 = SURFACE_SIDE_STYLE('',(#17032));
#17032 = SURFACE_STYLE_FILL_AREA(#17033);
#17033 = FILL_AREA_STYLE('',(#17034));
#17034 = FILL_AREA_STYLE_COLOUR('',#16116);
#17035 = STYLED_ITEM('color',(#17036),#9756);
#17036 = PRESENTATION_STYLE_ASSIGNMENT((#17037));
#17037 = SURFACE_STYLE_USAGE(.BOTH.,#17038);
#17038 = SURFACE_SIDE_STYLE('',(#17039));
#17039 = SURFACE_STYLE_FILL_AREA(#17040);
#17040 = FILL_AREA_STYLE('',(#17041));
#17041 = FILL_AREA_STYLE_COLOUR('',#16116);
#17042 = STYLED_ITEM('color',(#17043),#9787);
#17043 = PRESENTATION_STYLE_ASSIGNMENT((#17044));
#17044 = SURFACE_STYLE_USAGE(.BOTH.,#17045);
#17045 = SURFACE_SIDE_STYLE('',(#17046));
#17046 = SURFACE_STYLE_FILL_AREA(#17047);
#17047 = FILL_AREA_STYLE('',(#17048));
#17048 = FILL_AREA_STYLE_COLOUR('',#16116);
#17049 = STYLED_ITEM('color',(#17050),#9811);
#17050 = PRESENTATION_STYLE_ASSIGNMENT((#17051));
#17051 = SURFACE_STYLE_USAGE(.BOTH.,#17052);
#17052 = SURFACE_SIDE_STYLE('',(#17053));
#17053 = SURFACE_STYLE_FILL_AREA(#17054);
#17054 = FILL_AREA_STYLE('',(#17055));
#17055 = FILL_AREA_STYLE_COLOUR('',#16116);
#17056 = STYLED_ITEM('color',(#17057),#9835);
#17057 = PRESENTATION_STYLE_ASSIGNMENT((#17058));
#17058 = SURFACE_STYLE_USAGE(.BOTH.,#17059);
#17059 = SURFACE_SIDE_STYLE('',(#17060));
#17060 = SURFACE_STYLE_FILL_AREA(#17061);
#17061 = FILL_AREA_STYLE('',(#17062));
#17062 = FILL_AREA_STYLE_COLOUR('',#16116);
#17063 = STYLED_ITEM('color',(#17064),#9852);
#17064 = PRESENTATION_STYLE_ASSIGNMENT((#17065));
#17065 = SURFACE_STYLE_USAGE(.BOTH.,#17066);
#17066 = SURFACE_SIDE_STYLE('',(#17067));
#17067 = SURFACE_STYLE_FILL_AREA(#17068);
#17068 = FILL_AREA_STYLE('',(#17069));
#17069 = FILL_AREA_STYLE_COLOUR('',#16116);
#17070 = STYLED_ITEM('color',(#17071),#9883);
#17071 = PRESENTATION_STYLE_ASSIGNMENT((#17072));
#17072 = SURFACE_STYLE_USAGE(.BOTH.,#17073);
#17073 = SURFACE_SIDE_STYLE('',(#17074));
#17074 = SURFACE_STYLE_FILL_AREA(#17075);
#17075 = FILL_AREA_STYLE('',(#17076));
#17076 = FILL_AREA_STYLE_COLOUR('',#16116);
#17077 = STYLED_ITEM('color',(#17078),#9907);
#17078 = PRESENTATION_STYLE_ASSIGNMENT((#17079));
#17079 = SURFACE_STYLE_USAGE(.BOTH.,#17080);
#17080 = SURFACE_SIDE_STYLE('',(#17081));
#17081 = SURFACE_STYLE_FILL_AREA(#17082);
#17082 = FILL_AREA_STYLE('',(#17083));
#17083 = FILL_AREA_STYLE_COLOUR('',#16116);
#17084 = STYLED_ITEM('color',(#17085),#9931);
#17085 = PRESENTATION_STYLE_ASSIGNMENT((#17086));
#17086 = SURFACE_STYLE_USAGE(.BOTH.,#17087);
#17087 = SURFACE_SIDE_STYLE('',(#17088));
#17088 = SURFACE_STYLE_FILL_AREA(#17089);
#17089 = FILL_AREA_STYLE('',(#17090));
#17090 = FILL_AREA_STYLE_COLOUR('',#16116);
#17091 = STYLED_ITEM('color',(#17092),#9948);
#17092 = PRESENTATION_STYLE_ASSIGNMENT((#17093));
#17093 = SURFACE_STYLE_USAGE(.BOTH.,#17094);
#17094 = SURFACE_SIDE_STYLE('',(#17095));
#17095 = SURFACE_STYLE_FILL_AREA(#17096);
#17096 = FILL_AREA_STYLE('',(#17097));
#17097 = FILL_AREA_STYLE_COLOUR('',#16116);
#17098 = STYLED_ITEM('color',(#17099),#9979);
#17099 = PRESENTATION_STYLE_ASSIGNMENT((#17100));
#17100 = SURFACE_STYLE_USAGE(.BOTH.,#17101);
#17101 = SURFACE_SIDE_STYLE('',(#17102));
#17102 = SURFACE_STYLE_FILL_AREA(#17103);
#17103 = FILL_AREA_STYLE('',(#17104));
#17104 = FILL_AREA_STYLE_COLOUR('',#16116);
#17105 = STYLED_ITEM('color',(#17106),#10003);
#17106 = PRESENTATION_STYLE_ASSIGNMENT((#17107));
#17107 = SURFACE_STYLE_USAGE(.BOTH.,#17108);
#17108 = SURFACE_SIDE_STYLE('',(#17109));
#17109 = SURFACE_STYLE_FILL_AREA(#17110);
#17110 = FILL_AREA_STYLE('',(#17111));
#17111 = FILL_AREA_STYLE_COLOUR('',#16116);
#17112 = STYLED_ITEM('color',(#17113),#10027);
#17113 = PRESENTATION_STYLE_ASSIGNMENT((#17114));
#17114 = SURFACE_STYLE_USAGE(.BOTH.,#17115);
#17115 = SURFACE_SIDE_STYLE('',(#17116));
#17116 = SURFACE_STYLE_FILL_AREA(#17117);
#17117 = FILL_AREA_STYLE('',(#17118));
#17118 = FILL_AREA_STYLE_COLOUR('',#16116);
#17119 = STYLED_ITEM('color',(#17120),#10044);
#17120 = PRESENTATION_STYLE_ASSIGNMENT((#17121));
#17121 = SURFACE_STYLE_USAGE(.BOTH.,#17122);
#17122 = SURFACE_SIDE_STYLE('',(#17123));
#17123 = SURFACE_STYLE_FILL_AREA(#17124);
#17124 = FILL_AREA_STYLE('',(#17125));
#17125 = FILL_AREA_STYLE_COLOUR('',#16116);
#17126 = STYLED_ITEM('color',(#17127),#10075);
#17127 = PRESENTATION_STYLE_ASSIGNMENT((#17128));
#17128 = SURFACE_STYLE_USAGE(.BOTH.,#17129);
#17129 = SURFACE_SIDE_STYLE('',(#17130));
#17130 = SURFACE_STYLE_FILL_AREA(#17131);
#17131 = FILL_AREA_STYLE('',(#17132));
#17132 = FILL_AREA_STYLE_COLOUR('',#16116);
#17133 = STYLED_ITEM('color',(#17134),#10099);
#17134 = PRESENTATION_STYLE_ASSIGNMENT((#17135));
#17135 = SURFACE_STYLE_USAGE(.BOTH.,#17136);
#17136 = SURFACE_SIDE_STYLE('',(#17137));
#17137 = SURFACE_STYLE_FILL_AREA(#17138);
#17138 = FILL_AREA_STYLE('',(#17139));
#17139 = FILL_AREA_STYLE_COLOUR('',#16116);
#17140 = STYLED_ITEM('color',(#17141),#10123);
#17141 = PRESENTATION_STYLE_ASSIGNMENT((#17142));
#17142 = SURFACE_STYLE_USAGE(.BOTH.,#17143);
#17143 = SURFACE_SIDE_STYLE('',(#17144));
#17144 = SURFACE_STYLE_FILL_AREA(#17145);
#17145 = FILL_AREA_STYLE('',(#17146));
#17146 = FILL_AREA_STYLE_COLOUR('',#16116);
#17147 = STYLED_ITEM('color',(#17148),#10140);
#17148 = PRESENTATION_STYLE_ASSIGNMENT((#17149));
#17149 = SURFACE_STYLE_USAGE(.BOTH.,#17150);
#17150 = SURFACE_SIDE_STYLE('',(#17151));
#17151 = SURFACE_STYLE_FILL_AREA(#17152);
#17152 = FILL_AREA_STYLE('',(#17153));
#17153 = FILL_AREA_STYLE_COLOUR('',#16116);
#17154 = STYLED_ITEM('color',(#17155),#10171);
#17155 = PRESENTATION_STYLE_ASSIGNMENT((#17156));
#17156 = SURFACE_STYLE_USAGE(.BOTH.,#17157);
#17157 = SURFACE_SIDE_STYLE('',(#17158));
#17158 = SURFACE_STYLE_FILL_AREA(#17159);
#17159 = FILL_AREA_STYLE('',(#17160));
#17160 = FILL_AREA_STYLE_COLOUR('',#16116);
#17161 = STYLED_ITEM('color',(#17162),#10195);
#17162 = PRESENTATION_STYLE_ASSIGNMENT((#17163));
#17163 = SURFACE_STYLE_USAGE(.BOTH.,#17164);
#17164 = SURFACE_SIDE_STYLE('',(#17165));
#17165 = SURFACE_STYLE_FILL_AREA(#17166);
#17166 = FILL_AREA_STYLE('',(#17167));
#17167 = FILL_AREA_STYLE_COLOUR('',#16116);
#17168 = STYLED_ITEM('color',(#17169),#10219);
#17169 = PRESENTATION_STYLE_ASSIGNMENT((#17170));
#17170 = SURFACE_STYLE_USAGE(.BOTH.,#17171);
#17171 = SURFACE_SIDE_STYLE('',(#17172));
#17172 = SURFACE_STYLE_FILL_AREA(#17173);
#17173 = FILL_AREA_STYLE('',(#17174));
#17174 = FILL_AREA_STYLE_COLOUR('',#16116);
#17175 = STYLED_ITEM('color',(#17176),#10236);
#17176 = PRESENTATION_STYLE_ASSIGNMENT((#17177));
#17177 = SURFACE_STYLE_USAGE(.BOTH.,#17178);
#17178 = SURFACE_SIDE_STYLE('',(#17179));
#17179 = SURFACE_STYLE_FILL_AREA(#17180);
#17180 = FILL_AREA_STYLE('',(#17181));
#17181 = FILL_AREA_STYLE_COLOUR('',#16116);
#17182 = STYLED_ITEM('color',(#17183),#10267);
#17183 = PRESENTATION_STYLE_ASSIGNMENT((#17184));
#17184 = SURFACE_STYLE_USAGE(.BOTH.,#17185);
#17185 = SURFACE_SIDE_STYLE('',(#17186));
#17186 = SURFACE_STYLE_FILL_AREA(#17187);
#17187 = FILL_AREA_STYLE('',(#17188));
#17188 = FILL_AREA_STYLE_COLOUR('',#16116);
#17189 = STYLED_ITEM('color',(#17190),#10291);
#17190 = PRESENTATION_STYLE_ASSIGNMENT((#17191));
#17191 = SURFACE_STYLE_USAGE(.BOTH.,#17192);
#17192 = SURFACE_SIDE_STYLE('',(#17193));
#17193 = SURFACE_STYLE_FILL_AREA(#17194);
#17194 = FILL_AREA_STYLE('',(#17195));
#17195 = FILL_AREA_STYLE_COLOUR('',#16116);
#17196 = STYLED_ITEM('color',(#17197),#10315);
#17197 = PRESENTATION_STYLE_ASSIGNMENT((#17198));
#17198 = SURFACE_STYLE_USAGE(.BOTH.,#17199);
#17199 = SURFACE_SIDE_STYLE('',(#17200));
#17200 = SURFACE_STYLE_FILL_AREA(#17201);
#17201 = FILL_AREA_STYLE('',(#17202));
#17202 = FILL_AREA_STYLE_COLOUR('',#16116);
#17203 = STYLED_ITEM('color',(#17204),#10332);
#17204 = PRESENTATION_STYLE_ASSIGNMENT((#17205));
#17205 = SURFACE_STYLE_USAGE(.BOTH.,#17206);
#17206 = SURFACE_SIDE_STYLE('',(#17207));
#17207 = SURFACE_STYLE_FILL_AREA(#17208);
#17208 = FILL_AREA_STYLE('',(#17209));
#17209 = FILL_AREA_STYLE_COLOUR('',#16116);
#17210 = STYLED_ITEM('color',(#17211),#10363);
#17211 = PRESENTATION_STYLE_ASSIGNMENT((#17212));
#17212 = SURFACE_STYLE_USAGE(.BOTH.,#17213);
#17213 = SURFACE_SIDE_STYLE('',(#17214));
#17214 = SURFACE_STYLE_FILL_AREA(#17215);
#17215 = FILL_AREA_STYLE('',(#17216));
#17216 = FILL_AREA_STYLE_COLOUR('',#16116);
#17217 = STYLED_ITEM('color',(#17218),#10387);
#17218 = PRESENTATION_STYLE_ASSIGNMENT((#17219));
#17219 = SURFACE_STYLE_USAGE(.BOTH.,#17220);
#17220 = SURFACE_SIDE_STYLE('',(#17221));
#17221 = SURFACE_STYLE_FILL_AREA(#17222);
#17222 = FILL_AREA_STYLE('',(#17223));
#17223 = FILL_AREA_STYLE_COLOUR('',#16116);
#17224 = STYLED_ITEM('color',(#17225),#10411);
#17225 = PRESENTATION_STYLE_ASSIGNMENT((#17226));
#17226 = SURFACE_STYLE_USAGE(.BOTH.,#17227);
#17227 = SURFACE_SIDE_STYLE('',(#17228));
#17228 = SURFACE_STYLE_FILL_AREA(#17229);
#17229 = FILL_AREA_STYLE('',(#17230));
#17230 = FILL_AREA_STYLE_COLOUR('',#16116);
#17231 = STYLED_ITEM('color',(#17232),#10428);
#17232 = PRESENTATION_STYLE_ASSIGNMENT((#17233));
#17233 = SURFACE_STYLE_USAGE(.BOTH.,#17234);
#17234 = SURFACE_SIDE_STYLE('',(#17235));
#17235 = SURFACE_STYLE_FILL_AREA(#17236);
#17236 = FILL_AREA_STYLE('',(#17237));
#17237 = FILL_AREA_STYLE_COLOUR('',#16116);
#17238 = STYLED_ITEM('color',(#17239),#10459);
#17239 = PRESENTATION_STYLE_ASSIGNMENT((#17240));
#17240 = SURFACE_STYLE_USAGE(.BOTH.,#17241);
#17241 = SURFACE_SIDE_STYLE('',(#17242));
#17242 = SURFACE_STYLE_FILL_AREA(#17243);
#17243 = FILL_AREA_STYLE('',(#17244));
#17244 = FILL_AREA_STYLE_COLOUR('',#16116);
#17245 = STYLED_ITEM('color',(#17246),#10483);
#17246 = PRESENTATION_STYLE_ASSIGNMENT((#17247));
#17247 = SURFACE_STYLE_USAGE(.BOTH.,#17248);
#17248 = SURFACE_SIDE_STYLE('',(#17249));
#17249 = SURFACE_STYLE_FILL_AREA(#17250);
#17250 = FILL_AREA_STYLE('',(#17251));
#17251 = FILL_AREA_STYLE_COLOUR('',#16116);
#17252 = STYLED_ITEM('color',(#17253),#10507);
#17253 = PRESENTATION_STYLE_ASSIGNMENT((#17254));
#17254 = SURFACE_STYLE_USAGE(.BOTH.,#17255);
#17255 = SURFACE_SIDE_STYLE('',(#17256));
#17256 = SURFACE_STYLE_FILL_AREA(#17257);
#17257 = FILL_AREA_STYLE('',(#17258));
#17258 = FILL_AREA_STYLE_COLOUR('',#16116);
#17259 = STYLED_ITEM('color',(#17260),#10524);
#17260 = PRESENTATION_STYLE_ASSIGNMENT((#17261));
#17261 = SURFACE_STYLE_USAGE(.BOTH.,#17262);
#17262 = SURFACE_SIDE_STYLE('',(#17263));
#17263 = SURFACE_STYLE_FILL_AREA(#17264);
#17264 = FILL_AREA_STYLE('',(#17265));
#17265 = FILL_AREA_STYLE_COLOUR('',#16116);
#17266 = STYLED_ITEM('color',(#17267),#10555);
#17267 = PRESENTATION_STYLE_ASSIGNMENT((#17268));
#17268 = SURFACE_STYLE_USAGE(.BOTH.,#17269);
#17269 = SURFACE_SIDE_STYLE('',(#17270));
#17270 = SURFACE_STYLE_FILL_AREA(#17271);
#17271 = FILL_AREA_STYLE('',(#17272));
#17272 = FILL_AREA_STYLE_COLOUR('',#16116);
#17273 = STYLED_ITEM('color',(#17274),#10579);
#17274 = PRESENTATION_STYLE_ASSIGNMENT((#17275));
#17275 = SURFACE_STYLE_USAGE(.BOTH.,#17276);
#17276 = SURFACE_SIDE_STYLE('',(#17277));
#17277 = SURFACE_STYLE_FILL_AREA(#17278);
#17278 = FILL_AREA_STYLE('',(#17279));
#17279 = FILL_AREA_STYLE_COLOUR('',#16116);
#17280 = STYLED_ITEM('color',(#17281),#10603);
#17281 = PRESENTATION_STYLE_ASSIGNMENT((#17282));
#17282 = SURFACE_STYLE_USAGE(.BOTH.,#17283);
#17283 = SURFACE_SIDE_STYLE('',(#17284));
#17284 = SURFACE_STYLE_FILL_AREA(#17285);
#17285 = FILL_AREA_STYLE('',(#17286));
#17286 = FILL_AREA_STYLE_COLOUR('',#16116);
#17287 = STYLED_ITEM('color',(#17288),#10620);
#17288 = PRESENTATION_STYLE_ASSIGNMENT((#17289));
#17289 = SURFACE_STYLE_USAGE(.BOTH.,#17290);
#17290 = SURFACE_SIDE_STYLE('',(#17291));
#17291 = SURFACE_STYLE_FILL_AREA(#17292);
#17292 = FILL_AREA_STYLE('',(#17293));
#17293 = FILL_AREA_STYLE_COLOUR('',#16116);
#17294 = STYLED_ITEM('color',(#17295),#10651);
#17295 = PRESENTATION_STYLE_ASSIGNMENT((#17296));
#17296 = SURFACE_STYLE_USAGE(.BOTH.,#17297);
#17297 = SURFACE_SIDE_STYLE('',(#17298));
#17298 = SURFACE_STYLE_FILL_AREA(#17299);
#17299 = FILL_AREA_STYLE('',(#17300));
#17300 = FILL_AREA_STYLE_COLOUR('',#16116);
#17301 = STYLED_ITEM('color',(#17302),#10675);
#17302 = PRESENTATION_STYLE_ASSIGNMENT((#17303));
#17303 = SURFACE_STYLE_USAGE(.BOTH.,#17304);
#17304 = SURFACE_SIDE_STYLE('',(#17305));
#17305 = SURFACE_STYLE_FILL_AREA(#17306);
#17306 = FILL_AREA_STYLE('',(#17307));
#17307 = FILL_AREA_STYLE_COLOUR('',#16116);
#17308 = STYLED_ITEM('color',(#17309),#10699);
#17309 = PRESENTATION_STYLE_ASSIGNMENT((#17310));
#17310 = SURFACE_STYLE_USAGE(.BOTH.,#17311);
#17311 = SURFACE_SIDE_STYLE('',(#17312));
#17312 = SURFACE_STYLE_FILL_AREA(#17313);
#17313 = FILL_AREA_STYLE('',(#17314));
#17314 = FILL_AREA_STYLE_COLOUR('',#16116);
#17315 = STYLED_ITEM('color',(#17316),#10716);
#17316 = PRESENTATION_STYLE_ASSIGNMENT((#17317));
#17317 = SURFACE_STYLE_USAGE(.BOTH.,#17318);
#17318 = SURFACE_SIDE_STYLE('',(#17319));
#17319 = SURFACE_STYLE_FILL_AREA(#17320);
#17320 = FILL_AREA_STYLE('',(#17321));
#17321 = FILL_AREA_STYLE_COLOUR('',#16116);
#17322 = STYLED_ITEM('color',(#17323),#10747);
#17323 = PRESENTATION_STYLE_ASSIGNMENT((#17324));
#17324 = SURFACE_STYLE_USAGE(.BOTH.,#17325);
#17325 = SURFACE_SIDE_STYLE('',(#17326));
#17326 = SURFACE_STYLE_FILL_AREA(#17327);
#17327 = FILL_AREA_STYLE('',(#17328));
#17328 = FILL_AREA_STYLE_COLOUR('',#16116);
#17329 = STYLED_ITEM('color',(#17330),#10771);
#17330 = PRESENTATION_STYLE_ASSIGNMENT((#17331));
#17331 = SURFACE_STYLE_USAGE(.BOTH.,#17332);
#17332 = SURFACE_SIDE_STYLE('',(#17333));
#17333 = SURFACE_STYLE_FILL_AREA(#17334);
#17334 = FILL_AREA_STYLE('',(#17335));
#17335 = FILL_AREA_STYLE_COLOUR('',#16116);
#17336 = STYLED_ITEM('color',(#17337),#10795);
#17337 = PRESENTATION_STYLE_ASSIGNMENT((#17338));
#17338 = SURFACE_STYLE_USAGE(.BOTH.,#17339);
#17339 = SURFACE_SIDE_STYLE('',(#17340));
#17340 = SURFACE_STYLE_FILL_AREA(#17341);
#17341 = FILL_AREA_STYLE('',(#17342));
#17342 = FILL_AREA_STYLE_COLOUR('',#16116);
#17343 = STYLED_ITEM('color',(#17344),#10812);
#17344 = PRESENTATION_STYLE_ASSIGNMENT((#17345));
#17345 = SURFACE_STYLE_USAGE(.BOTH.,#17346);
#17346 = SURFACE_SIDE_STYLE('',(#17347));
#17347 = SURFACE_STYLE_FILL_AREA(#17348);
#17348 = FILL_AREA_STYLE('',(#17349));
#17349 = FILL_AREA_STYLE_COLOUR('',#16116);
#17350 = STYLED_ITEM('color',(#17351),#10843);
#17351 = PRESENTATION_STYLE_ASSIGNMENT((#17352));
#17352 = SURFACE_STYLE_USAGE(.BOTH.,#17353);
#17353 = SURFACE_SIDE_STYLE('',(#17354));
#17354 = SURFACE_STYLE_FILL_AREA(#17355);
#17355 = FILL_AREA_STYLE('',(#17356));
#17356 = FILL_AREA_STYLE_COLOUR('',#16116);
#17357 = STYLED_ITEM('color',(#17358),#10867);
#17358 = PRESENTATION_STYLE_ASSIGNMENT((#17359));
#17359 = SURFACE_STYLE_USAGE(.BOTH.,#17360);
#17360 = SURFACE_SIDE_STYLE('',(#17361));
#17361 = SURFACE_STYLE_FILL_AREA(#17362);
#17362 = FILL_AREA_STYLE('',(#17363));
#17363 = FILL_AREA_STYLE_COLOUR('',#16116);
#17364 = STYLED_ITEM('color',(#17365),#10891);
#17365 = PRESENTATION_STYLE_ASSIGNMENT((#17366));
#17366 = SURFACE_STYLE_USAGE(.BOTH.,#17367);
#17367 = SURFACE_SIDE_STYLE('',(#17368));
#17368 = SURFACE_STYLE_FILL_AREA(#17369);
#17369 = FILL_AREA_STYLE('',(#17370));
#17370 = FILL_AREA_STYLE_COLOUR('',#16116);
#17371 = STYLED_ITEM('color',(#17372),#10908);
#17372 = PRESENTATION_STYLE_ASSIGNMENT((#17373));
#17373 = SURFACE_STYLE_USAGE(.BOTH.,#17374);
#17374 = SURFACE_SIDE_STYLE('',(#17375));
#17375 = SURFACE_STYLE_FILL_AREA(#17376);
#17376 = FILL_AREA_STYLE('',(#17377));
#17377 = FILL_AREA_STYLE_COLOUR('',#16116);
#17378 = STYLED_ITEM('color',(#17379),#10939);
#17379 = PRESENTATION_STYLE_ASSIGNMENT((#17380));
#17380 = SURFACE_STYLE_USAGE(.BOTH.,#17381);
#17381 = SURFACE_SIDE_STYLE('',(#17382));
#17382 = SURFACE_STYLE_FILL_AREA(#17383);
#17383 = FILL_AREA_STYLE('',(#17384));
#17384 = FILL_AREA_STYLE_COLOUR('',#16116);
#17385 = STYLED_ITEM('color',(#17386),#10963);
#17386 = PRESENTATION_STYLE_ASSIGNMENT((#17387));
#17387 = SURFACE_STYLE_USAGE(.BOTH.,#17388);
#17388 = SURFACE_SIDE_STYLE('',(#17389));
#17389 = SURFACE_STYLE_FILL_AREA(#17390);
#17390 = FILL_AREA_STYLE('',(#17391));
#17391 = FILL_AREA_STYLE_COLOUR('',#16116);
#17392 = STYLED_ITEM('color',(#17393),#10987);
#17393 = PRESENTATION_STYLE_ASSIGNMENT((#17394));
#17394 = SURFACE_STYLE_USAGE(.BOTH.,#17395);
#17395 = SURFACE_SIDE_STYLE('',(#17396));
#17396 = SURFACE_STYLE_FILL_AREA(#17397);
#17397 = FILL_AREA_STYLE('',(#17398));
#17398 = FILL_AREA_STYLE_COLOUR('',#16116);
#17399 = STYLED_ITEM('color',(#17400),#11004);
#17400 = PRESENTATION_STYLE_ASSIGNMENT((#17401));
#17401 = SURFACE_STYLE_USAGE(.BOTH.,#17402);
#17402 = SURFACE_SIDE_STYLE('',(#17403));
#17403 = SURFACE_STYLE_FILL_AREA(#17404);
#17404 = FILL_AREA_STYLE('',(#17405));
#17405 = FILL_AREA_STYLE_COLOUR('',#16116);
#17406 = STYLED_ITEM('color',(#17407),#11035);
#17407 = PRESENTATION_STYLE_ASSIGNMENT((#17408));
#17408 = SURFACE_STYLE_USAGE(.BOTH.,#17409);
#17409 = SURFACE_SIDE_STYLE('',(#17410));
#17410 = SURFACE_STYLE_FILL_AREA(#17411);
#17411 = FILL_AREA_STYLE('',(#17412));
#17412 = FILL_AREA_STYLE_COLOUR('',#16116);
#17413 = STYLED_ITEM('color',(#17414),#11059);
#17414 = PRESENTATION_STYLE_ASSIGNMENT((#17415));
#17415 = SURFACE_STYLE_USAGE(.BOTH.,#17416);
#17416 = SURFACE_SIDE_STYLE('',(#17417));
#17417 = SURFACE_STYLE_FILL_AREA(#17418);
#17418 = FILL_AREA_STYLE('',(#17419));
#17419 = FILL_AREA_STYLE_COLOUR('',#16116);
#17420 = STYLED_ITEM('color',(#17421),#11083);
#17421 = PRESENTATION_STYLE_ASSIGNMENT((#17422));
#17422 = SURFACE_STYLE_USAGE(.BOTH.,#17423);
#17423 = SURFACE_SIDE_STYLE('',(#17424));
#17424 = SURFACE_STYLE_FILL_AREA(#17425);
#17425 = FILL_AREA_STYLE('',(#17426));
#17426 = FILL_AREA_STYLE_COLOUR('',#16116);
#17427 = STYLED_ITEM('color',(#17428),#11100);
#17428 = PRESENTATION_STYLE_ASSIGNMENT((#17429));
#17429 = SURFACE_STYLE_USAGE(.BOTH.,#17430);
#17430 = SURFACE_SIDE_STYLE('',(#17431));
#17431 = SURFACE_STYLE_FILL_AREA(#17432);
#17432 = FILL_AREA_STYLE('',(#17433));
#17433 = FILL_AREA_STYLE_COLOUR('',#16116);
#17434 = STYLED_ITEM('color',(#17435),#11131);
#17435 = PRESENTATION_STYLE_ASSIGNMENT((#17436));
#17436 = SURFACE_STYLE_USAGE(.BOTH.,#17437);
#17437 = SURFACE_SIDE_STYLE('',(#17438));
#17438 = SURFACE_STYLE_FILL_AREA(#17439);
#17439 = FILL_AREA_STYLE('',(#17440));
#17440 = FILL_AREA_STYLE_COLOUR('',#16116);
#17441 = STYLED_ITEM('color',(#17442),#11155);
#17442 = PRESENTATION_STYLE_ASSIGNMENT((#17443));
#17443 = SURFACE_STYLE_USAGE(.BOTH.,#17444);
#17444 = SURFACE_SIDE_STYLE('',(#17445));
#17445 = SURFACE_STYLE_FILL_AREA(#17446);
#17446 = FILL_AREA_STYLE('',(#17447));
#17447 = FILL_AREA_STYLE_COLOUR('',#16116);
#17448 = STYLED_ITEM('color',(#17449),#11179);
#17449 = PRESENTATION_STYLE_ASSIGNMENT((#17450));
#17450 = SURFACE_STYLE_USAGE(.BOTH.,#17451);
#17451 = SURFACE_SIDE_STYLE('',(#17452));
#17452 = SURFACE_STYLE_FILL_AREA(#17453);
#17453 = FILL_AREA_STYLE('',(#17454));
#17454 = FILL_AREA_STYLE_COLOUR('',#16116);
#17455 = STYLED_ITEM('color',(#17456),#11196);
#17456 = PRESENTATION_STYLE_ASSIGNMENT((#17457));
#17457 = SURFACE_STYLE_USAGE(.BOTH.,#17458);
#17458 = SURFACE_SIDE_STYLE('',(#17459));
#17459 = SURFACE_STYLE_FILL_AREA(#17460);
#17460 = FILL_AREA_STYLE('',(#17461));
#17461 = FILL_AREA_STYLE_COLOUR('',#16116);
#17462 = STYLED_ITEM('color',(#17463),#11227);
#17463 = PRESENTATION_STYLE_ASSIGNMENT((#17464));
#17464 = SURFACE_STYLE_USAGE(.BOTH.,#17465);
#17465 = SURFACE_SIDE_STYLE('',(#17466));
#17466 = SURFACE_STYLE_FILL_AREA(#17467);
#17467 = FILL_AREA_STYLE('',(#17468));
#17468 = FILL_AREA_STYLE_COLOUR('',#16116);
#17469 = STYLED_ITEM('color',(#17470),#11251);
#17470 = PRESENTATION_STYLE_ASSIGNMENT((#17471));
#17471 = SURFACE_STYLE_USAGE(.BOTH.,#17472);
#17472 = SURFACE_SIDE_STYLE('',(#17473));
#17473 = SURFACE_STYLE_FILL_AREA(#17474);
#17474 = FILL_AREA_STYLE('',(#17475));
#17475 = FILL_AREA_STYLE_COLOUR('',#16116);
#17476 = STYLED_ITEM('color',(#17477),#11275);
#17477 = PRESENTATION_STYLE_ASSIGNMENT((#17478));
#17478 = SURFACE_STYLE_USAGE(.BOTH.,#17479);
#17479 = SURFACE_SIDE_STYLE('',(#17480));
#17480 = SURFACE_STYLE_FILL_AREA(#17481);
#17481 = FILL_AREA_STYLE('',(#17482));
#17482 = FILL_AREA_STYLE_COLOUR('',#16116);
#17483 = STYLED_ITEM('color',(#17484),#11292);
#17484 = PRESENTATION_STYLE_ASSIGNMENT((#17485));
#17485 = SURFACE_STYLE_USAGE(.BOTH.,#17486);
#17486 = SURFACE_SIDE_STYLE('',(#17487));
#17487 = SURFACE_STYLE_FILL_AREA(#17488);
#17488 = FILL_AREA_STYLE('',(#17489));
#17489 = FILL_AREA_STYLE_COLOUR('',#16116);
#17490 = STYLED_ITEM('color',(#17491),#11323);
#17491 = PRESENTATION_STYLE_ASSIGNMENT((#17492));
#17492 = SURFACE_STYLE_USAGE(.BOTH.,#17493);
#17493 = SURFACE_SIDE_STYLE('',(#17494));
#17494 = SURFACE_STYLE_FILL_AREA(#17495);
#17495 = FILL_AREA_STYLE('',(#17496));
#17496 = FILL_AREA_STYLE_COLOUR('',#16116);
#17497 = STYLED_ITEM('color',(#17498),#11347);
#17498 = PRESENTATION_STYLE_ASSIGNMENT((#17499));
#17499 = SURFACE_STYLE_USAGE(.BOTH.,#17500);
#17500 = SURFACE_SIDE_STYLE('',(#17501));
#17501 = SURFACE_STYLE_FILL_AREA(#17502);
#17502 = FILL_AREA_STYLE('',(#17503));
#17503 = FILL_AREA_STYLE_COLOUR('',#16116);
#17504 = STYLED_ITEM('color',(#17505),#11371);
#17505 = PRESENTATION_STYLE_ASSIGNMENT((#17506));
#17506 = SURFACE_STYLE_USAGE(.BOTH.,#17507);
#17507 = SURFACE_SIDE_STYLE('',(#17508));
#17508 = SURFACE_STYLE_FILL_AREA(#17509);
#17509 = FILL_AREA_STYLE('',(#17510));
#17510 = FILL_AREA_STYLE_COLOUR('',#16116);
#17511 = STYLED_ITEM('color',(#17512),#11388);
#17512 = PRESENTATION_STYLE_ASSIGNMENT((#17513));
#17513 = SURFACE_STYLE_USAGE(.BOTH.,#17514);
#17514 = SURFACE_SIDE_STYLE('',(#17515));
#17515 = SURFACE_STYLE_FILL_AREA(#17516);
#17516 = FILL_AREA_STYLE('',(#17517));
#17517 = FILL_AREA_STYLE_COLOUR('',#16116);
#17518 = STYLED_ITEM('color',(#17519),#11419);
#17519 = PRESENTATION_STYLE_ASSIGNMENT((#17520));
#17520 = SURFACE_STYLE_USAGE(.BOTH.,#17521);
#17521 = SURFACE_SIDE_STYLE('',(#17522));
#17522 = SURFACE_STYLE_FILL_AREA(#17523);
#17523 = FILL_AREA_STYLE('',(#17524));
#17524 = FILL_AREA_STYLE_COLOUR('',#16116);
#17525 = STYLED_ITEM('color',(#17526),#11443);
#17526 = PRESENTATION_STYLE_ASSIGNMENT((#17527));
#17527 = SURFACE_STYLE_USAGE(.BOTH.,#17528);
#17528 = SURFACE_SIDE_STYLE('',(#17529));
#17529 = SURFACE_STYLE_FILL_AREA(#17530);
#17530 = FILL_AREA_STYLE('',(#17531));
#17531 = FILL_AREA_STYLE_COLOUR('',#16116);
#17532 = STYLED_ITEM('color',(#17533),#11467);
#17533 = PRESENTATION_STYLE_ASSIGNMENT((#17534));
#17534 = SURFACE_STYLE_USAGE(.BOTH.,#17535);
#17535 = SURFACE_SIDE_STYLE('',(#17536));
#17536 = SURFACE_STYLE_FILL_AREA(#17537);
#17537 = FILL_AREA_STYLE('',(#17538));
#17538 = FILL_AREA_STYLE_COLOUR('',#16116);
#17539 = STYLED_ITEM('color',(#17540),#11484);
#17540 = PRESENTATION_STYLE_ASSIGNMENT((#17541));
#17541 = SURFACE_STYLE_USAGE(.BOTH.,#17542);
#17542 = SURFACE_SIDE_STYLE('',(#17543));
#17543 = SURFACE_STYLE_FILL_AREA(#17544);
#17544 = FILL_AREA_STYLE('',(#17545));
#17545 = FILL_AREA_STYLE_COLOUR('',#16116);
#17546 = STYLED_ITEM('color',(#17547),#11515);
#17547 = PRESENTATION_STYLE_ASSIGNMENT((#17548));
#17548 = SURFACE_STYLE_USAGE(.BOTH.,#17549);
#17549 = SURFACE_SIDE_STYLE('',(#17550));
#17550 = SURFACE_STYLE_FILL_AREA(#17551);
#17551 = FILL_AREA_STYLE('',(#17552));
#17552 = FILL_AREA_STYLE_COLOUR('',#16116);
#17553 = STYLED_ITEM('color',(#17554),#11539);
#17554 = PRESENTATION_STYLE_ASSIGNMENT((#17555));
#17555 = SURFACE_STYLE_USAGE(.BOTH.,#17556);
#17556 = SURFACE_SIDE_STYLE('',(#17557));
#17557 = SURFACE_STYLE_FILL_AREA(#17558);
#17558 = FILL_AREA_STYLE('',(#17559));
#17559 = FILL_AREA_STYLE_COLOUR('',#16116);
#17560 = STYLED_ITEM('color',(#17561),#11563);
#17561 = PRESENTATION_STYLE_ASSIGNMENT((#17562));
#17562 = SURFACE_STYLE_USAGE(.BOTH.,#17563);
#17563 = SURFACE_SIDE_STYLE('',(#17564));
#17564 = SURFACE_STYLE_FILL_AREA(#17565);
#17565 = FILL_AREA_STYLE('',(#17566));
#17566 = FILL_AREA_STYLE_COLOUR('',#16116);
#17567 = STYLED_ITEM('color',(#17568),#11580);
#17568 = PRESENTATION_STYLE_ASSIGNMENT((#17569));
#17569 = SURFACE_STYLE_USAGE(.BOTH.,#17570);
#17570 = SURFACE_SIDE_STYLE('',(#17571));
#17571 = SURFACE_STYLE_FILL_AREA(#17572);
#17572 = FILL_AREA_STYLE('',(#17573));
#17573 = FILL_AREA_STYLE_COLOUR('',#16116);
#17574 = STYLED_ITEM('color',(#17575),#11611);
#17575 = PRESENTATION_STYLE_ASSIGNMENT((#17576));
#17576 = SURFACE_STYLE_USAGE(.BOTH.,#17577);
#17577 = SURFACE_SIDE_STYLE('',(#17578));
#17578 = SURFACE_STYLE_FILL_AREA(#17579);
#17579 = FILL_AREA_STYLE('',(#17580));
#17580 = FILL_AREA_STYLE_COLOUR('',#16116);
#17581 = STYLED_ITEM('color',(#17582),#11635);
#17582 = PRESENTATION_STYLE_ASSIGNMENT((#17583));
#17583 = SURFACE_STYLE_USAGE(.BOTH.,#17584);
#17584 = SURFACE_SIDE_STYLE('',(#17585));
#17585 = SURFACE_STYLE_FILL_AREA(#17586);
#17586 = FILL_AREA_STYLE('',(#17587));
#17587 = FILL_AREA_STYLE_COLOUR('',#16116);
#17588 = STYLED_ITEM('color',(#17589),#11659);
#17589 = PRESENTATION_STYLE_ASSIGNMENT((#17590));
#17590 = SURFACE_STYLE_USAGE(.BOTH.,#17591);
#17591 = SURFACE_SIDE_STYLE('',(#17592));
#17592 = SURFACE_STYLE_FILL_AREA(#17593);
#17593 = FILL_AREA_STYLE('',(#17594));
#17594 = FILL_AREA_STYLE_COLOUR('',#16116);
#17595 = STYLED_ITEM('color',(#17596),#11676);
#17596 = PRESENTATION_STYLE_ASSIGNMENT((#17597));
#17597 = SURFACE_STYLE_USAGE(.BOTH.,#17598);
#17598 = SURFACE_SIDE_STYLE('',(#17599));
#17599 = SURFACE_STYLE_FILL_AREA(#17600);
#17600 = FILL_AREA_STYLE('',(#17601));
#17601 = FILL_AREA_STYLE_COLOUR('',#16116);
#17602 = STYLED_ITEM('color',(#17603),#11707);
#17603 = PRESENTATION_STYLE_ASSIGNMENT((#17604));
#17604 = SURFACE_STYLE_USAGE(.BOTH.,#17605);
#17605 = SURFACE_SIDE_STYLE('',(#17606));
#17606 = SURFACE_STYLE_FILL_AREA(#17607);
#17607 = FILL_AREA_STYLE('',(#17608));
#17608 = FILL_AREA_STYLE_COLOUR('',#16116);
#17609 = STYLED_ITEM('color',(#17610),#11731);
#17610 = PRESENTATION_STYLE_ASSIGNMENT((#17611));
#17611 = SURFACE_STYLE_USAGE(.BOTH.,#17612);
#17612 = SURFACE_SIDE_STYLE('',(#17613));
#17613 = SURFACE_STYLE_FILL_AREA(#17614);
#17614 = FILL_AREA_STYLE('',(#17615));
#17615 = FILL_AREA_STYLE_COLOUR('',#16116);
#17616 = STYLED_ITEM('color',(#17617),#11755);
#17617 = PRESENTATION_STYLE_ASSIGNMENT((#17618));
#17618 = SURFACE_STYLE_USAGE(.BOTH.,#17619);
#17619 = SURFACE_SIDE_STYLE('',(#17620));
#17620 = SURFACE_STYLE_FILL_AREA(#17621);
#17621 = FILL_AREA_STYLE('',(#17622));
#17622 = FILL_AREA_STYLE_COLOUR('',#16116);
#17623 = STYLED_ITEM('color',(#17624),#11772);
#17624 = PRESENTATION_STYLE_ASSIGNMENT((#17625));
#17625 = SURFACE_STYLE_USAGE(.BOTH.,#17626);
#17626 = SURFACE_SIDE_STYLE('',(#17627));
#17627 = SURFACE_STYLE_FILL_AREA(#17628);
#17628 = FILL_AREA_STYLE('',(#17629));
#17629 = FILL_AREA_STYLE_COLOUR('',#16116);
#17630 = STYLED_ITEM('color',(#17631),#11803);
#17631 = PRESENTATION_STYLE_ASSIGNMENT((#17632));
#17632 = SURFACE_STYLE_USAGE(.BOTH.,#17633);
#17633 = SURFACE_SIDE_STYLE('',(#17634));
#17634 = SURFACE_STYLE_FILL_AREA(#17635);
#17635 = FILL_AREA_STYLE('',(#17636));
#17636 = FILL_AREA_STYLE_COLOUR('',#16116);
#17637 = STYLED_ITEM('color',(#17638),#11827);
#17638 = PRESENTATION_STYLE_ASSIGNMENT((#17639));
#17639 = SURFACE_STYLE_USAGE(.BOTH.,#17640);
#17640 = SURFACE_SIDE_STYLE('',(#17641));
#17641 = SURFACE_STYLE_FILL_AREA(#17642);
#17642 = FILL_AREA_STYLE('',(#17643));
#17643 = FILL_AREA_STYLE_COLOUR('',#16116);
#17644 = STYLED_ITEM('color',(#17645),#11851);
#17645 = PRESENTATION_STYLE_ASSIGNMENT((#17646));
#17646 = SURFACE_STYLE_USAGE(.BOTH.,#17647);
#17647 = SURFACE_SIDE_STYLE('',(#17648));
#17648 = SURFACE_STYLE_FILL_AREA(#17649);
#17649 = FILL_AREA_STYLE('',(#17650));
#17650 = FILL_AREA_STYLE_COLOUR('',#16116);
#17651 = STYLED_ITEM('color',(#17652),#11868);
#17652 = PRESENTATION_STYLE_ASSIGNMENT((#17653));
#17653 = SURFACE_STYLE_USAGE(.BOTH.,#17654);
#17654 = SURFACE_SIDE_STYLE('',(#17655));
#17655 = SURFACE_STYLE_FILL_AREA(#17656);
#17656 = FILL_AREA_STYLE('',(#17657));
#17657 = FILL_AREA_STYLE_COLOUR('',#16116);
#17658 = STYLED_ITEM('color',(#17659),#11899);
#17659 = PRESENTATION_STYLE_ASSIGNMENT((#17660));
#17660 = SURFACE_STYLE_USAGE(.BOTH.,#17661);
#17661 = SURFACE_SIDE_STYLE('',(#17662));
#17662 = SURFACE_STYLE_FILL_AREA(#17663);
#17663 = FILL_AREA_STYLE('',(#17664));
#17664 = FILL_AREA_STYLE_COLOUR('',#16116);
#17665 = STYLED_ITEM('color',(#17666),#11923);
#17666 = PRESENTATION_STYLE_ASSIGNMENT((#17667));
#17667 = SURFACE_STYLE_USAGE(.BOTH.,#17668);
#17668 = SURFACE_SIDE_STYLE('',(#17669));
#17669 = SURFACE_STYLE_FILL_AREA(#17670);
#17670 = FILL_AREA_STYLE('',(#17671));
#17671 = FILL_AREA_STYLE_COLOUR('',#16116);
#17672 = STYLED_ITEM('color',(#17673),#11947);
#17673 = PRESENTATION_STYLE_ASSIGNMENT((#17674));
#17674 = SURFACE_STYLE_USAGE(.BOTH.,#17675);
#17675 = SURFACE_SIDE_STYLE('',(#17676));
#17676 = SURFACE_STYLE_FILL_AREA(#17677);
#17677 = FILL_AREA_STYLE('',(#17678));
#17678 = FILL_AREA_STYLE_COLOUR('',#16116);
#17679 = STYLED_ITEM('color',(#17680),#11964);
#17680 = PRESENTATION_STYLE_ASSIGNMENT((#17681));
#17681 = SURFACE_STYLE_USAGE(.BOTH.,#17682);
#17682 = SURFACE_SIDE_STYLE('',(#17683));
#17683 = SURFACE_STYLE_FILL_AREA(#17684);
#17684 = FILL_AREA_STYLE('',(#17685));
#17685 = FILL_AREA_STYLE_COLOUR('',#16116);
#17686 = STYLED_ITEM('color',(#17687),#11995);
#17687 = PRESENTATION_STYLE_ASSIGNMENT((#17688));
#17688 = SURFACE_STYLE_USAGE(.BOTH.,#17689);
#17689 = SURFACE_SIDE_STYLE('',(#17690));
#17690 = SURFACE_STYLE_FILL_AREA(#17691);
#17691 = FILL_AREA_STYLE('',(#17692));
#17692 = FILL_AREA_STYLE_COLOUR('',#16116);
#17693 = STYLED_ITEM('color',(#17694),#12019);
#17694 = PRESENTATION_STYLE_ASSIGNMENT((#17695));
#17695 = SURFACE_STYLE_USAGE(.BOTH.,#17696);
#17696 = SURFACE_SIDE_STYLE('',(#17697));
#17697 = SURFACE_STYLE_FILL_AREA(#17698);
#17698 = FILL_AREA_STYLE('',(#17699));
#17699 = FILL_AREA_STYLE_COLOUR('',#16116);
#17700 = STYLED_ITEM('color',(#17701),#12043);
#17701 = PRESENTATION_STYLE_ASSIGNMENT((#17702));
#17702 = SURFACE_STYLE_USAGE(.BOTH.,#17703);
#17703 = SURFACE_SIDE_STYLE('',(#17704));
#17704 = SURFACE_STYLE_FILL_AREA(#17705);
#17705 = FILL_AREA_STYLE('',(#17706));
#17706 = FILL_AREA_STYLE_COLOUR('',#16116);
#17707 = STYLED_ITEM('color',(#17708),#12060);
#17708 = PRESENTATION_STYLE_ASSIGNMENT((#17709));
#17709 = SURFACE_STYLE_USAGE(.BOTH.,#17710);
#17710 = SURFACE_SIDE_STYLE('',(#17711));
#17711 = SURFACE_STYLE_FILL_AREA(#17712);
#17712 = FILL_AREA_STYLE('',(#17713));
#17713 = FILL_AREA_STYLE_COLOUR('',#16116);
#17714 = STYLED_ITEM('color',(#17715),#12091);
#17715 = PRESENTATION_STYLE_ASSIGNMENT((#17716));
#17716 = SURFACE_STYLE_USAGE(.BOTH.,#17717);
#17717 = SURFACE_SIDE_STYLE('',(#17718));
#17718 = SURFACE_STYLE_FILL_AREA(#17719);
#17719 = FILL_AREA_STYLE('',(#17720));
#17720 = FILL_AREA_STYLE_COLOUR('',#16116);
#17721 = STYLED_ITEM('color',(#17722),#12115);
#17722 = PRESENTATION_STYLE_ASSIGNMENT((#17723));
#17723 = SURFACE_STYLE_USAGE(.BOTH.,#17724);
#17724 = SURFACE_SIDE_STYLE('',(#17725));
#17725 = SURFACE_STYLE_FILL_AREA(#17726);
#17726 = FILL_AREA_STYLE('',(#17727));
#17727 = FILL_AREA_STYLE_COLOUR('',#16116);
#17728 = STYLED_ITEM('color',(#17729),#12139);
#17729 = PRESENTATION_STYLE_ASSIGNMENT((#17730));
#17730 = SURFACE_STYLE_USAGE(.BOTH.,#17731);
#17731 = SURFACE_SIDE_STYLE('',(#17732));
#17732 = SURFACE_STYLE_FILL_AREA(#17733);
#17733 = FILL_AREA_STYLE('',(#17734));
#17734 = FILL_AREA_STYLE_COLOUR('',#16116);
#17735 = STYLED_ITEM('color',(#17736),#12156);
#17736 = PRESENTATION_STYLE_ASSIGNMENT((#17737));
#17737 = SURFACE_STYLE_USAGE(.BOTH.,#17738);
#17738 = SURFACE_SIDE_STYLE('',(#17739));
#17739 = SURFACE_STYLE_FILL_AREA(#17740);
#17740 = FILL_AREA_STYLE('',(#17741));
#17741 = FILL_AREA_STYLE_COLOUR('',#16116);
#17742 = STYLED_ITEM('color',(#17743),#12187);
#17743 = PRESENTATION_STYLE_ASSIGNMENT((#17744));
#17744 = SURFACE_STYLE_USAGE(.BOTH.,#17745);
#17745 = SURFACE_SIDE_STYLE('',(#17746));
#17746 = SURFACE_STYLE_FILL_AREA(#17747);
#17747 = FILL_AREA_STYLE('',(#17748));
#17748 = FILL_AREA_STYLE_COLOUR('',#16116);
#17749 = STYLED_ITEM('color',(#17750),#12211);
#17750 = PRESENTATION_STYLE_ASSIGNMENT((#17751));
#17751 = SURFACE_STYLE_USAGE(.BOTH.,#17752);
#17752 = SURFACE_SIDE_STYLE('',(#17753));
#17753 = SURFACE_STYLE_FILL_AREA(#17754);
#17754 = FILL_AREA_STYLE('',(#17755));
#17755 = FILL_AREA_STYLE_COLOUR('',#16116);
#17756 = STYLED_ITEM('color',(#17757),#12235);
#17757 = PRESENTATION_STYLE_ASSIGNMENT((#17758));
#17758 = SURFACE_STYLE_USAGE(.BOTH.,#17759);
#17759 = SURFACE_SIDE_STYLE('',(#17760));
#17760 = SURFACE_STYLE_FILL_AREA(#17761);
#17761 = FILL_AREA_STYLE('',(#17762));
#17762 = FILL_AREA_STYLE_COLOUR('',#16116);
#17763 = STYLED_ITEM('color',(#17764),#12252);
#17764 = PRESENTATION_STYLE_ASSIGNMENT((#17765));
#17765 = SURFACE_STYLE_USAGE(.BOTH.,#17766);
#17766 = SURFACE_SIDE_STYLE('',(#17767));
#17767 = SURFACE_STYLE_FILL_AREA(#17768);
#17768 = FILL_AREA_STYLE('',(#17769));
#17769 = FILL_AREA_STYLE_COLOUR('',#16116);
#17770 = STYLED_ITEM('color',(#17771),#12283);
#17771 = PRESENTATION_STYLE_ASSIGNMENT((#17772));
#17772 = SURFACE_STYLE_USAGE(.BOTH.,#17773);
#17773 = SURFACE_SIDE_STYLE('',(#17774));
#17774 = SURFACE_STYLE_FILL_AREA(#17775);
#17775 = FILL_AREA_STYLE('',(#17776));
#17776 = FILL_AREA_STYLE_COLOUR('',#16116);
#17777 = STYLED_ITEM('color',(#17778),#12307);
#17778 = PRESENTATION_STYLE_ASSIGNMENT((#17779));
#17779 = SURFACE_STYLE_USAGE(.BOTH.,#17780);
#17780 = SURFACE_SIDE_STYLE('',(#17781));
#17781 = SURFACE_STYLE_FILL_AREA(#17782);
#17782 = FILL_AREA_STYLE('',(#17783));
#17783 = FILL_AREA_STYLE_COLOUR('',#16116);
#17784 = STYLED_ITEM('color',(#17785),#12331);
#17785 = PRESENTATION_STYLE_ASSIGNMENT((#17786));
#17786 = SURFACE_STYLE_USAGE(.BOTH.,#17787);
#17787 = SURFACE_SIDE_STYLE('',(#17788));
#17788 = SURFACE_STYLE_FILL_AREA(#17789);
#17789 = FILL_AREA_STYLE('',(#17790));
#17790 = FILL_AREA_STYLE_COLOUR('',#16116);
#17791 = STYLED_ITEM('color',(#17792),#12348);
#17792 = PRESENTATION_STYLE_ASSIGNMENT((#17793));
#17793 = SURFACE_STYLE_USAGE(.BOTH.,#17794);
#17794 = SURFACE_SIDE_STYLE('',(#17795));
#17795 = SURFACE_STYLE_FILL_AREA(#17796);
#17796 = FILL_AREA_STYLE('',(#17797));
#17797 = FILL_AREA_STYLE_COLOUR('',#16116);
#17798 = STYLED_ITEM('color',(#17799),#12379);
#17799 = PRESENTATION_STYLE_ASSIGNMENT((#17800));
#17800 = SURFACE_STYLE_USAGE(.BOTH.,#17801);
#17801 = SURFACE_SIDE_STYLE('',(#17802));
#17802 = SURFACE_STYLE_FILL_AREA(#17803);
#17803 = FILL_AREA_STYLE('',(#17804));
#17804 = FILL_AREA_STYLE_COLOUR('',#16116);
#17805 = STYLED_ITEM('color',(#17806),#12403);
#17806 = PRESENTATION_STYLE_ASSIGNMENT((#17807));
#17807 = SURFACE_STYLE_USAGE(.BOTH.,#17808);
#17808 = SURFACE_SIDE_STYLE('',(#17809));
#17809 = SURFACE_STYLE_FILL_AREA(#17810);
#17810 = FILL_AREA_STYLE('',(#17811));
#17811 = FILL_AREA_STYLE_COLOUR('',#16116);
#17812 = STYLED_ITEM('color',(#17813),#12427);
#17813 = PRESENTATION_STYLE_ASSIGNMENT((#17814));
#17814 = SURFACE_STYLE_USAGE(.BOTH.,#17815);
#17815 = SURFACE_SIDE_STYLE('',(#17816));
#17816 = SURFACE_STYLE_FILL_AREA(#17817);
#17817 = FILL_AREA_STYLE('',(#17818));
#17818 = FILL_AREA_STYLE_COLOUR('',#16116);
#17819 = STYLED_ITEM('color',(#17820),#12444);
#17820 = PRESENTATION_STYLE_ASSIGNMENT((#17821));
#17821 = SURFACE_STYLE_USAGE(.BOTH.,#17822);
#17822 = SURFACE_SIDE_STYLE('',(#17823));
#17823 = SURFACE_STYLE_FILL_AREA(#17824);
#17824 = FILL_AREA_STYLE('',(#17825));
#17825 = FILL_AREA_STYLE_COLOUR('',#16116);
#17826 = STYLED_ITEM('color',(#17827),#12475);
#17827 = PRESENTATION_STYLE_ASSIGNMENT((#17828));
#17828 = SURFACE_STYLE_USAGE(.BOTH.,#17829);
#17829 = SURFACE_SIDE_STYLE('',(#17830));
#17830 = SURFACE_STYLE_FILL_AREA(#17831);
#17831 = FILL_AREA_STYLE('',(#17832));
#17832 = FILL_AREA_STYLE_COLOUR('',#16116);
#17833 = STYLED_ITEM('color',(#17834),#12499);
#17834 = PRESENTATION_STYLE_ASSIGNMENT((#17835));
#17835 = SURFACE_STYLE_USAGE(.BOTH.,#17836);
#17836 = SURFACE_SIDE_STYLE('',(#17837));
#17837 = SURFACE_STYLE_FILL_AREA(#17838);
#17838 = FILL_AREA_STYLE('',(#17839));
#17839 = FILL_AREA_STYLE_COLOUR('',#16116);
#17840 = STYLED_ITEM('color',(#17841),#12523);
#17841 = PRESENTATION_STYLE_ASSIGNMENT((#17842));
#17842 = SURFACE_STYLE_USAGE(.BOTH.,#17843);
#17843 = SURFACE_SIDE_STYLE('',(#17844));
#17844 = SURFACE_STYLE_FILL_AREA(#17845);
#17845 = FILL_AREA_STYLE('',(#17846));
#17846 = FILL_AREA_STYLE_COLOUR('',#16116);
#17847 = STYLED_ITEM('color',(#17848),#12540);
#17848 = PRESENTATION_STYLE_ASSIGNMENT((#17849));
#17849 = SURFACE_STYLE_USAGE(.BOTH.,#17850);
#17850 = SURFACE_SIDE_STYLE('',(#17851));
#17851 = SURFACE_STYLE_FILL_AREA(#17852);
#17852 = FILL_AREA_STYLE('',(#17853));
#17853 = FILL_AREA_STYLE_COLOUR('',#16116);
#17854 = STYLED_ITEM('color',(#17855),#12571);
#17855 = PRESENTATION_STYLE_ASSIGNMENT((#17856));
#17856 = SURFACE_STYLE_USAGE(.BOTH.,#17857);
#17857 = SURFACE_SIDE_STYLE('',(#17858));
#17858 = SURFACE_STYLE_FILL_AREA(#17859);
#17859 = FILL_AREA_STYLE('',(#17860));
#17860 = FILL_AREA_STYLE_COLOUR('',#16116);
#17861 = STYLED_ITEM('color',(#17862),#12595);
#17862 = PRESENTATION_STYLE_ASSIGNMENT((#17863));
#17863 = SURFACE_STYLE_USAGE(.BOTH.,#17864);
#17864 = SURFACE_SIDE_STYLE('',(#17865));
#17865 = SURFACE_STYLE_FILL_AREA(#17866);
#17866 = FILL_AREA_STYLE('',(#17867));
#17867 = FILL_AREA_STYLE_COLOUR('',#16116);
#17868 = STYLED_ITEM('color',(#17869),#12619);
#17869 = PRESENTATION_STYLE_ASSIGNMENT((#17870));
#17870 = SURFACE_STYLE_USAGE(.BOTH.,#17871);
#17871 = SURFACE_SIDE_STYLE('',(#17872));
#17872 = SURFACE_STYLE_FILL_AREA(#17873);
#17873 = FILL_AREA_STYLE('',(#17874));
#17874 = FILL_AREA_STYLE_COLOUR('',#16116);
#17875 = STYLED_ITEM('color',(#17876),#12636);
#17876 = PRESENTATION_STYLE_ASSIGNMENT((#17877));
#17877 = SURFACE_STYLE_USAGE(.BOTH.,#17878);
#17878 = SURFACE_SIDE_STYLE('',(#17879));
#17879 = SURFACE_STYLE_FILL_AREA(#17880);
#17880 = FILL_AREA_STYLE('',(#17881));
#17881 = FILL_AREA_STYLE_COLOUR('',#16116);
#17882 = STYLED_ITEM('color',(#17883),#12667);
#17883 = PRESENTATION_STYLE_ASSIGNMENT((#17884));
#17884 = SURFACE_STYLE_USAGE(.BOTH.,#17885);
#17885 = SURFACE_SIDE_STYLE('',(#17886));
#17886 = SURFACE_STYLE_FILL_AREA(#17887);
#17887 = FILL_AREA_STYLE('',(#17888));
#17888 = FILL_AREA_STYLE_COLOUR('',#16116);
#17889 = STYLED_ITEM('color',(#17890),#12691);
#17890 = PRESENTATION_STYLE_ASSIGNMENT((#17891));
#17891 = SURFACE_STYLE_USAGE(.BOTH.,#17892);
#17892 = SURFACE_SIDE_STYLE('',(#17893));
#17893 = SURFACE_STYLE_FILL_AREA(#17894);
#17894 = FILL_AREA_STYLE('',(#17895));
#17895 = FILL_AREA_STYLE_COLOUR('',#16116);
#17896 = STYLED_ITEM('color',(#17897),#12715);
#17897 = PRESENTATION_STYLE_ASSIGNMENT((#17898));
#17898 = SURFACE_STYLE_USAGE(.BOTH.,#17899);
#17899 = SURFACE_SIDE_STYLE('',(#17900));
#17900 = SURFACE_STYLE_FILL_AREA(#17901);
#17901 = FILL_AREA_STYLE('',(#17902));
#17902 = FILL_AREA_STYLE_COLOUR('',#16116);
#17903 = STYLED_ITEM('color',(#17904),#12732);
#17904 = PRESENTATION_STYLE_ASSIGNMENT((#17905));
#17905 = SURFACE_STYLE_USAGE(.BOTH.,#17906);
#17906 = SURFACE_SIDE_STYLE('',(#17907));
#17907 = SURFACE_STYLE_FILL_AREA(#17908);
#17908 = FILL_AREA_STYLE('',(#17909));
#17909 = FILL_AREA_STYLE_COLOUR('',#16116);
#17910 = STYLED_ITEM('color',(#17911),#12763);
#17911 = PRESENTATION_STYLE_ASSIGNMENT((#17912));
#17912 = SURFACE_STYLE_USAGE(.BOTH.,#17913);
#17913 = SURFACE_SIDE_STYLE('',(#17914));
#17914 = SURFACE_STYLE_FILL_AREA(#17915);
#17915 = FILL_AREA_STYLE('',(#17916));
#17916 = FILL_AREA_STYLE_COLOUR('',#16116);
#17917 = STYLED_ITEM('color',(#17918),#12787);
#17918 = PRESENTATION_STYLE_ASSIGNMENT((#17919));
#17919 = SURFACE_STYLE_USAGE(.BOTH.,#17920);
#17920 = SURFACE_SIDE_STYLE('',(#17921));
#17921 = SURFACE_STYLE_FILL_AREA(#17922);
#17922 = FILL_AREA_STYLE('',(#17923));
#17923 = FILL_AREA_STYLE_COLOUR('',#16116);
#17924 = STYLED_ITEM('color',(#17925),#12811);
#17925 = PRESENTATION_STYLE_ASSIGNMENT((#17926));
#17926 = SURFACE_STYLE_USAGE(.BOTH.,#17927);
#17927 = SURFACE_SIDE_STYLE('',(#17928));
#17928 = SURFACE_STYLE_FILL_AREA(#17929);
#17929 = FILL_AREA_STYLE('',(#17930));
#17930 = FILL_AREA_STYLE_COLOUR('',#16116);
#17931 = STYLED_ITEM('color',(#17932),#12828);
#17932 = PRESENTATION_STYLE_ASSIGNMENT((#17933));
#17933 = SURFACE_STYLE_USAGE(.BOTH.,#17934);
#17934 = SURFACE_SIDE_STYLE('',(#17935));
#17935 = SURFACE_STYLE_FILL_AREA(#17936);
#17936 = FILL_AREA_STYLE('',(#17937));
#17937 = FILL_AREA_STYLE_COLOUR('',#16116);
#17938 = STYLED_ITEM('color',(#17939),#12859);
#17939 = PRESENTATION_STYLE_ASSIGNMENT((#17940));
#17940 = SURFACE_STYLE_USAGE(.BOTH.,#17941);
#17941 = SURFACE_SIDE_STYLE('',(#17942));
#17942 = SURFACE_STYLE_FILL_AREA(#17943);
#17943 = FILL_AREA_STYLE('',(#17944));
#17944 = FILL_AREA_STYLE_COLOUR('',#16116);
#17945 = STYLED_ITEM('color',(#17946),#12883);
#17946 = PRESENTATION_STYLE_ASSIGNMENT((#17947));
#17947 = SURFACE_STYLE_USAGE(.BOTH.,#17948);
#17948 = SURFACE_SIDE_STYLE('',(#17949));
#17949 = SURFACE_STYLE_FILL_AREA(#17950);
#17950 = FILL_AREA_STYLE('',(#17951));
#17951 = FILL_AREA_STYLE_COLOUR('',#16116);
#17952 = STYLED_ITEM('color',(#17953),#12907);
#17953 = PRESENTATION_STYLE_ASSIGNMENT((#17954));
#17954 = SURFACE_STYLE_USAGE(.BOTH.,#17955);
#17955 = SURFACE_SIDE_STYLE('',(#17956));
#17956 = SURFACE_STYLE_FILL_AREA(#17957);
#17957 = FILL_AREA_STYLE('',(#17958));
#17958 = FILL_AREA_STYLE_COLOUR('',#16116);
#17959 = STYLED_ITEM('color',(#17960),#12924);
#17960 = PRESENTATION_STYLE_ASSIGNMENT((#17961));
#17961 = SURFACE_STYLE_USAGE(.BOTH.,#17962);
#17962 = SURFACE_SIDE_STYLE('',(#17963));
#17963 = SURFACE_STYLE_FILL_AREA(#17964);
#17964 = FILL_AREA_STYLE('',(#17965));
#17965 = FILL_AREA_STYLE_COLOUR('',#16116);
#17966 = STYLED_ITEM('color',(#17967),#12955);
#17967 = PRESENTATION_STYLE_ASSIGNMENT((#17968));
#17968 = SURFACE_STYLE_USAGE(.BOTH.,#17969);
#17969 = SURFACE_SIDE_STYLE('',(#17970));
#17970 = SURFACE_STYLE_FILL_AREA(#17971);
#17971 = FILL_AREA_STYLE('',(#17972));
#17972 = FILL_AREA_STYLE_COLOUR('',#16116);
#17973 = STYLED_ITEM('color',(#17974),#12979);
#17974 = PRESENTATION_STYLE_ASSIGNMENT((#17975));
#17975 = SURFACE_STYLE_USAGE(.BOTH.,#17976);
#17976 = SURFACE_SIDE_STYLE('',(#17977));
#17977 = SURFACE_STYLE_FILL_AREA(#17978);
#17978 = FILL_AREA_STYLE('',(#17979));
#17979 = FILL_AREA_STYLE_COLOUR('',#16116);
#17980 = STYLED_ITEM('color',(#17981),#13003);
#17981 = PRESENTATION_STYLE_ASSIGNMENT((#17982));
#17982 = SURFACE_STYLE_USAGE(.BOTH.,#17983);
#17983 = SURFACE_SIDE_STYLE('',(#17984));
#17984 = SURFACE_STYLE_FILL_AREA(#17985);
#17985 = FILL_AREA_STYLE('',(#17986));
#17986 = FILL_AREA_STYLE_COLOUR('',#16116);
#17987 = STYLED_ITEM('color',(#17988),#13020);
#17988 = PRESENTATION_STYLE_ASSIGNMENT((#17989));
#17989 = SURFACE_STYLE_USAGE(.BOTH.,#17990);
#17990 = SURFACE_SIDE_STYLE('',(#17991));
#17991 = SURFACE_STYLE_FILL_AREA(#17992);
#17992 = FILL_AREA_STYLE('',(#17993));
#17993 = FILL_AREA_STYLE_COLOUR('',#16116);
#17994 = STYLED_ITEM('color',(#17995),#13051);
#17995 = PRESENTATION_STYLE_ASSIGNMENT((#17996));
#17996 = SURFACE_STYLE_USAGE(.BOTH.,#17997);
#17997 = SURFACE_SIDE_STYLE('',(#17998));
#17998 = SURFACE_STYLE_FILL_AREA(#17999);
#17999 = FILL_AREA_STYLE('',(#18000));
#18000 = FILL_AREA_STYLE_COLOUR('',#16116);
#18001 = STYLED_ITEM('color',(#18002),#13075);
#18002 = PRESENTATION_STYLE_ASSIGNMENT((#18003));
#18003 = SURFACE_STYLE_USAGE(.BOTH.,#18004);
#18004 = SURFACE_SIDE_STYLE('',(#18005));
#18005 = SURFACE_STYLE_FILL_AREA(#18006);
#18006 = FILL_AREA_STYLE('',(#18007));
#18007 = FILL_AREA_STYLE_COLOUR('',#16116);
#18008 = STYLED_ITEM('color',(#18009),#13099);
#18009 = PRESENTATION_STYLE_ASSIGNMENT((#18010));
#18010 = SURFACE_STYLE_USAGE(.BOTH.,#18011);
#18011 = SURFACE_SIDE_STYLE('',(#18012));
#18012 = SURFACE_STYLE_FILL_AREA(#18013);
#18013 = FILL_AREA_STYLE('',(#18014));
#18014 = FILL_AREA_STYLE_COLOUR('',#16116);
#18015 = STYLED_ITEM('color',(#18016),#13116);
#18016 = PRESENTATION_STYLE_ASSIGNMENT((#18017));
#18017 = SURFACE_STYLE_USAGE(.BOTH.,#18018);
#18018 = SURFACE_SIDE_STYLE('',(#18019));
#18019 = SURFACE_STYLE_FILL_AREA(#18020);
#18020 = FILL_AREA_STYLE('',(#18021));
#18021 = FILL_AREA_STYLE_COLOUR('',#16116);
#18022 = STYLED_ITEM('color',(#18023),#13147);
#18023 = PRESENTATION_STYLE_ASSIGNMENT((#18024));
#18024 = SURFACE_STYLE_USAGE(.BOTH.,#18025);
#18025 = SURFACE_SIDE_STYLE('',(#18026));
#18026 = SURFACE_STYLE_FILL_AREA(#18027);
#18027 = FILL_AREA_STYLE('',(#18028));
#18028 = FILL_AREA_STYLE_COLOUR('',#16116);
#18029 = STYLED_ITEM('color',(#18030),#13171);
#18030 = PRESENTATION_STYLE_ASSIGNMENT((#18031));
#18031 = SURFACE_STYLE_USAGE(.BOTH.,#18032);
#18032 = SURFACE_SIDE_STYLE('',(#18033));
#18033 = SURFACE_STYLE_FILL_AREA(#18034);
#18034 = FILL_AREA_STYLE('',(#18035));
#18035 = FILL_AREA_STYLE_COLOUR('',#16116);
#18036 = STYLED_ITEM('color',(#18037),#13195);
#18037 = PRESENTATION_STYLE_ASSIGNMENT((#18038));
#18038 = SURFACE_STYLE_USAGE(.BOTH.,#18039);
#18039 = SURFACE_SIDE_STYLE('',(#18040));
#18040 = SURFACE_STYLE_FILL_AREA(#18041);
#18041 = FILL_AREA_STYLE('',(#18042));
#18042 = FILL_AREA_STYLE_COLOUR('',#16116);
#18043 = STYLED_ITEM('color',(#18044),#13212);
#18044 = PRESENTATION_STYLE_ASSIGNMENT((#18045));
#18045 = SURFACE_STYLE_USAGE(.BOTH.,#18046);
#18046 = SURFACE_SIDE_STYLE('',(#18047));
#18047 = SURFACE_STYLE_FILL_AREA(#18048);
#18048 = FILL_AREA_STYLE('',(#18049));
#18049 = FILL_AREA_STYLE_COLOUR('',#16116);
#18050 = STYLED_ITEM('color',(#18051),#13243);
#18051 = PRESENTATION_STYLE_ASSIGNMENT((#18052));
#18052 = SURFACE_STYLE_USAGE(.BOTH.,#18053);
#18053 = SURFACE_SIDE_STYLE('',(#18054));
#18054 = SURFACE_STYLE_FILL_AREA(#18055);
#18055 = FILL_AREA_STYLE('',(#18056));
#18056 = FILL_AREA_STYLE_COLOUR('',#16116);
#18057 = STYLED_ITEM('color',(#18058),#13267);
#18058 = PRESENTATION_STYLE_ASSIGNMENT((#18059));
#18059 = SURFACE_STYLE_USAGE(.BOTH.,#18060);
#18060 = SURFACE_SIDE_STYLE('',(#18061));
#18061 = SURFACE_STYLE_FILL_AREA(#18062);
#18062 = FILL_AREA_STYLE('',(#18063));
#18063 = FILL_AREA_STYLE_COLOUR('',#16116);
#18064 = STYLED_ITEM('color',(#18065),#13291);
#18065 = PRESENTATION_STYLE_ASSIGNMENT((#18066));
#18066 = SURFACE_STYLE_USAGE(.BOTH.,#18067);
#18067 = SURFACE_SIDE_STYLE('',(#18068));
#18068 = SURFACE_STYLE_FILL_AREA(#18069);
#18069 = FILL_AREA_STYLE('',(#18070));
#18070 = FILL_AREA_STYLE_COLOUR('',#16116);
#18071 = STYLED_ITEM('color',(#18072),#13308);
#18072 = PRESENTATION_STYLE_ASSIGNMENT((#18073));
#18073 = SURFACE_STYLE_USAGE(.BOTH.,#18074);
#18074 = SURFACE_SIDE_STYLE('',(#18075));
#18075 = SURFACE_STYLE_FILL_AREA(#18076);
#18076 = FILL_AREA_STYLE('',(#18077));
#18077 = FILL_AREA_STYLE_COLOUR('',#16116);
#18078 = STYLED_ITEM('color',(#18079),#13339);
#18079 = PRESENTATION_STYLE_ASSIGNMENT((#18080));
#18080 = SURFACE_STYLE_USAGE(.BOTH.,#18081);
#18081 = SURFACE_SIDE_STYLE('',(#18082));
#18082 = SURFACE_STYLE_FILL_AREA(#18083);
#18083 = FILL_AREA_STYLE('',(#18084));
#18084 = FILL_AREA_STYLE_COLOUR('',#16116);
#18085 = STYLED_ITEM('color',(#18086),#13363);
#18086 = PRESENTATION_STYLE_ASSIGNMENT((#18087));
#18087 = SURFACE_STYLE_USAGE(.BOTH.,#18088);
#18088 = SURFACE_SIDE_STYLE('',(#18089));
#18089 = SURFACE_STYLE_FILL_AREA(#18090);
#18090 = FILL_AREA_STYLE('',(#18091));
#18091 = FILL_AREA_STYLE_COLOUR('',#16116);
#18092 = STYLED_ITEM('color',(#18093),#13387);
#18093 = PRESENTATION_STYLE_ASSIGNMENT((#18094));
#18094 = SURFACE_STYLE_USAGE(.BOTH.,#18095);
#18095 = SURFACE_SIDE_STYLE('',(#18096));
#18096 = SURFACE_STYLE_FILL_AREA(#18097);
#18097 = FILL_AREA_STYLE('',(#18098));
#18098 = FILL_AREA_STYLE_COLOUR('',#16116);
#18099 = STYLED_ITEM('color',(#18100),#13404);
#18100 = PRESENTATION_STYLE_ASSIGNMENT((#18101));
#18101 = SURFACE_STYLE_USAGE(.BOTH.,#18102);
#18102 = SURFACE_SIDE_STYLE('',(#18103));
#18103 = SURFACE_STYLE_FILL_AREA(#18104);
#18104 = FILL_AREA_STYLE('',(#18105));
#18105 = FILL_AREA_STYLE_COLOUR('',#16116);
#18106 = STYLED_ITEM('color',(#18107),#13435);
#18107 = PRESENTATION_STYLE_ASSIGNMENT((#18108));
#18108 = SURFACE_STYLE_USAGE(.BOTH.,#18109);
#18109 = SURFACE_SIDE_STYLE('',(#18110));
#18110 = SURFACE_STYLE_FILL_AREA(#18111);
#18111 = FILL_AREA_STYLE('',(#18112));
#18112 = FILL_AREA_STYLE_COLOUR('',#16116);
#18113 = STYLED_ITEM('color',(#18114),#13459);
#18114 = PRESENTATION_STYLE_ASSIGNMENT((#18115));
#18115 = SURFACE_STYLE_USAGE(.BOTH.,#18116);
#18116 = SURFACE_SIDE_STYLE('',(#18117));
#18117 = SURFACE_STYLE_FILL_AREA(#18118);
#18118 = FILL_AREA_STYLE('',(#18119));
#18119 = FILL_AREA_STYLE_COLOUR('',#16116);
#18120 = STYLED_ITEM('color',(#18121),#13483);
#18121 = PRESENTATION_STYLE_ASSIGNMENT((#18122));
#18122 = SURFACE_STYLE_USAGE(.BOTH.,#18123);
#18123 = SURFACE_SIDE_STYLE('',(#18124));
#18124 = SURFACE_STYLE_FILL_AREA(#18125);
#18125 = FILL_AREA_STYLE('',(#18126));
#18126 = FILL_AREA_STYLE_COLOUR('',#16116);
#18127 = STYLED_ITEM('color',(#18128),#13500);
#18128 = PRESENTATION_STYLE_ASSIGNMENT((#18129));
#18129 = SURFACE_STYLE_USAGE(.BOTH.,#18130);
#18130 = SURFACE_SIDE_STYLE('',(#18131));
#18131 = SURFACE_STYLE_FILL_AREA(#18132);
#18132 = FILL_AREA_STYLE('',(#18133));
#18133 = FILL_AREA_STYLE_COLOUR('',#16116);
#18134 = STYLED_ITEM('color',(#18135),#13531);
#18135 = PRESENTATION_STYLE_ASSIGNMENT((#18136));
#18136 = SURFACE_STYLE_USAGE(.BOTH.,#18137);
#18137 = SURFACE_SIDE_STYLE('',(#18138));
#18138 = SURFACE_STYLE_FILL_AREA(#18139);
#18139 = FILL_AREA_STYLE('',(#18140));
#18140 = FILL_AREA_STYLE_COLOUR('',#16116);
#18141 = STYLED_ITEM('color',(#18142),#13555);
#18142 = PRESENTATION_STYLE_ASSIGNMENT((#18143));
#18143 = SURFACE_STYLE_USAGE(.BOTH.,#18144);
#18144 = SURFACE_SIDE_STYLE('',(#18145));
#18145 = SURFACE_STYLE_FILL_AREA(#18146);
#18146 = FILL_AREA_STYLE('',(#18147));
#18147 = FILL_AREA_STYLE_COLOUR('',#16116);
#18148 = STYLED_ITEM('color',(#18149),#13579);
#18149 = PRESENTATION_STYLE_ASSIGNMENT((#18150));
#18150 = SURFACE_STYLE_USAGE(.BOTH.,#18151);
#18151 = SURFACE_SIDE_STYLE('',(#18152));
#18152 = SURFACE_STYLE_FILL_AREA(#18153);
#18153 = FILL_AREA_STYLE('',(#18154));
#18154 = FILL_AREA_STYLE_COLOUR('',#16116);
#18155 = STYLED_ITEM('color',(#18156),#13596);
#18156 = PRESENTATION_STYLE_ASSIGNMENT((#18157));
#18157 = SURFACE_STYLE_USAGE(.BOTH.,#18158);
#18158 = SURFACE_SIDE_STYLE('',(#18159));
#18159 = SURFACE_STYLE_FILL_AREA(#18160);
#18160 = FILL_AREA_STYLE('',(#18161));
#18161 = FILL_AREA_STYLE_COLOUR('',#16116);
#18162 = STYLED_ITEM('color',(#18163),#13627);
#18163 = PRESENTATION_STYLE_ASSIGNMENT((#18164));
#18164 = SURFACE_STYLE_USAGE(.BOTH.,#18165);
#18165 = SURFACE_SIDE_STYLE('',(#18166));
#18166 = SURFACE_STYLE_FILL_AREA(#18167);
#18167 = FILL_AREA_STYLE('',(#18168));
#18168 = FILL_AREA_STYLE_COLOUR('',#16116);
#18169 = STYLED_ITEM('color',(#18170),#13651);
#18170 = PRESENTATION_STYLE_ASSIGNMENT((#18171));
#18171 = SURFACE_STYLE_USAGE(.BOTH.,#18172);
#18172 = SURFACE_SIDE_STYLE('',(#18173));
#18173 = SURFACE_STYLE_FILL_AREA(#18174);
#18174 = FILL_AREA_STYLE('',(#18175));
#18175 = FILL_AREA_STYLE_COLOUR('',#16116);
#18176 = STYLED_ITEM('color',(#18177),#13675);
#18177 = PRESENTATION_STYLE_ASSIGNMENT((#18178));
#18178 = SURFACE_STYLE_USAGE(.BOTH.,#18179);
#18179 = SURFACE_SIDE_STYLE('',(#18180));
#18180 = SURFACE_STYLE_FILL_AREA(#18181);
#18181 = FILL_AREA_STYLE('',(#18182));
#18182 = FILL_AREA_STYLE_COLOUR('',#16116);
#18183 = STYLED_ITEM('color',(#18184),#13692);
#18184 = PRESENTATION_STYLE_ASSIGNMENT((#18185));
#18185 = SURFACE_STYLE_USAGE(.BOTH.,#18186);
#18186 = SURFACE_SIDE_STYLE('',(#18187));
#18187 = SURFACE_STYLE_FILL_AREA(#18188);
#18188 = FILL_AREA_STYLE('',(#18189));
#18189 = FILL_AREA_STYLE_COLOUR('',#16116);
#18190 = STYLED_ITEM('color',(#18191),#13723);
#18191 = PRESENTATION_STYLE_ASSIGNMENT((#18192));
#18192 = SURFACE_STYLE_USAGE(.BOTH.,#18193);
#18193 = SURFACE_SIDE_STYLE('',(#18194));
#18194 = SURFACE_STYLE_FILL_AREA(#18195);
#18195 = FILL_AREA_STYLE('',(#18196));
#18196 = FILL_AREA_STYLE_COLOUR('',#16116);
#18197 = STYLED_ITEM('color',(#18198),#13747);
#18198 = PRESENTATION_STYLE_ASSIGNMENT((#18199));
#18199 = SURFACE_STYLE_USAGE(.BOTH.,#18200);
#18200 = SURFACE_SIDE_STYLE('',(#18201));
#18201 = SURFACE_STYLE_FILL_AREA(#18202);
#18202 = FILL_AREA_STYLE('',(#18203));
#18203 = FILL_AREA_STYLE_COLOUR('',#16116);
#18204 = STYLED_ITEM('color',(#18205),#13771);
#18205 = PRESENTATION_STYLE_ASSIGNMENT((#18206));
#18206 = SURFACE_STYLE_USAGE(.BOTH.,#18207);
#18207 = SURFACE_SIDE_STYLE('',(#18208));
#18208 = SURFACE_STYLE_FILL_AREA(#18209);
#18209 = FILL_AREA_STYLE('',(#18210));
#18210 = FILL_AREA_STYLE_COLOUR('',#16116);
#18211 = STYLED_ITEM('color',(#18212),#13788);
#18212 = PRESENTATION_STYLE_ASSIGNMENT((#18213));
#18213 = SURFACE_STYLE_USAGE(.BOTH.,#18214);
#18214 = SURFACE_SIDE_STYLE('',(#18215));
#18215 = SURFACE_STYLE_FILL_AREA(#18216);
#18216 = FILL_AREA_STYLE('',(#18217));
#18217 = FILL_AREA_STYLE_COLOUR('',#16116);
#18218 = STYLED_ITEM('color',(#18219),#13819);
#18219 = PRESENTATION_STYLE_ASSIGNMENT((#18220));
#18220 = SURFACE_STYLE_USAGE(.BOTH.,#18221);
#18221 = SURFACE_SIDE_STYLE('',(#18222));
#18222 = SURFACE_STYLE_FILL_AREA(#18223);
#18223 = FILL_AREA_STYLE('',(#18224));
#18224 = FILL_AREA_STYLE_COLOUR('',#16116);
#18225 = STYLED_ITEM('color',(#18226),#13843);
#18226 = PRESENTATION_STYLE_ASSIGNMENT((#18227));
#18227 = SURFACE_STYLE_USAGE(.BOTH.,#18228);
#18228 = SURFACE_SIDE_STYLE('',(#18229));
#18229 = SURFACE_STYLE_FILL_AREA(#18230);
#18230 = FILL_AREA_STYLE('',(#18231));
#18231 = FILL_AREA_STYLE_COLOUR('',#16116);
#18232 = STYLED_ITEM('color',(#18233),#13867);
#18233 = PRESENTATION_STYLE_ASSIGNMENT((#18234));
#18234 = SURFACE_STYLE_USAGE(.BOTH.,#18235);
#18235 = SURFACE_SIDE_STYLE('',(#18236));
#18236 = SURFACE_STYLE_FILL_AREA(#18237);
#18237 = FILL_AREA_STYLE('',(#18238));
#18238 = FILL_AREA_STYLE_COLOUR('',#16116);
#18239 = STYLED_ITEM('color',(#18240),#13884);
#18240 = PRESENTATION_STYLE_ASSIGNMENT((#18241));
#18241 = SURFACE_STYLE_USAGE(.BOTH.,#18242);
#18242 = SURFACE_SIDE_STYLE('',(#18243));
#18243 = SURFACE_STYLE_FILL_AREA(#18244);
#18244 = FILL_AREA_STYLE('',(#18245));
#18245 = FILL_AREA_STYLE_COLOUR('',#16116);
#18246 = STYLED_ITEM('color',(#18247),#13896);
#18247 = PRESENTATION_STYLE_ASSIGNMENT((#18248));
#18248 = SURFACE_STYLE_USAGE(.BOTH.,#18249);
#18249 = SURFACE_SIDE_STYLE('',(#18250));
#18250 = SURFACE_STYLE_FILL_AREA(#18251);
#18251 = FILL_AREA_STYLE('',(#18252));
#18252 = FILL_AREA_STYLE_COLOUR('',#16116);
#18253 = STYLED_ITEM('color',(#18254),#13908);
#18254 = PRESENTATION_STYLE_ASSIGNMENT((#18255));
#18255 = SURFACE_STYLE_USAGE(.BOTH.,#18256);
#18256 = SURFACE_SIDE_STYLE('',(#18257));
#18257 = SURFACE_STYLE_FILL_AREA(#18258);
#18258 = FILL_AREA_STYLE('',(#18259));
#18259 = FILL_AREA_STYLE_COLOUR('',#16116);
#18260 = STYLED_ITEM('color',(#18261),#13920);
#18261 = PRESENTATION_STYLE_ASSIGNMENT((#18262));
#18262 = SURFACE_STYLE_USAGE(.BOTH.,#18263);
#18263 = SURFACE_SIDE_STYLE('',(#18264));
#18264 = SURFACE_STYLE_FILL_AREA(#18265);
#18265 = FILL_AREA_STYLE('',(#18266));
#18266 = FILL_AREA_STYLE_COLOUR('',#16116);
#18267 = STYLED_ITEM('color',(#18268),#13932);
#18268 = PRESENTATION_STYLE_ASSIGNMENT((#18269));
#18269 = SURFACE_STYLE_USAGE(.BOTH.,#18270);
#18270 = SURFACE_SIDE_STYLE('',(#18271));
#18271 = SURFACE_STYLE_FILL_AREA(#18272);
#18272 = FILL_AREA_STYLE('',(#18273));
#18273 = FILL_AREA_STYLE_COLOUR('',#16116);
#18274 = STYLED_ITEM('color',(#18275),#13944);
#18275 = PRESENTATION_STYLE_ASSIGNMENT((#18276));
#18276 = SURFACE_STYLE_USAGE(.BOTH.,#18277);
#18277 = SURFACE_SIDE_STYLE('',(#18278));
#18278 = SURFACE_STYLE_FILL_AREA(#18279);
#18279 = FILL_AREA_STYLE('',(#18280));
#18280 = FILL_AREA_STYLE_COLOUR('',#16116);
#18281 = STYLED_ITEM('color',(#18282),#13956);
#18282 = PRESENTATION_STYLE_ASSIGNMENT((#18283));
#18283 = SURFACE_STYLE_USAGE(.BOTH.,#18284);
#18284 = SURFACE_SIDE_STYLE('',(#18285));
#18285 = SURFACE_STYLE_FILL_AREA(#18286);
#18286 = FILL_AREA_STYLE('',(#18287));
#18287 = FILL_AREA_STYLE_COLOUR('',#16116);
#18288 = STYLED_ITEM('color',(#18289),#13968);
#18289 = PRESENTATION_STYLE_ASSIGNMENT((#18290));
#18290 = SURFACE_STYLE_USAGE(.BOTH.,#18291);
#18291 = SURFACE_SIDE_STYLE('',(#18292));
#18292 = SURFACE_STYLE_FILL_AREA(#18293);
#18293 = FILL_AREA_STYLE('',(#18294));
#18294 = FILL_AREA_STYLE_COLOUR('',#16116);
#18295 = STYLED_ITEM('color',(#18296),#13980);
#18296 = PRESENTATION_STYLE_ASSIGNMENT((#18297));
#18297 = SURFACE_STYLE_USAGE(.BOTH.,#18298);
#18298 = SURFACE_SIDE_STYLE('',(#18299));
#18299 = SURFACE_STYLE_FILL_AREA(#18300);
#18300 = FILL_AREA_STYLE('',(#18301));
#18301 = FILL_AREA_STYLE_COLOUR('',#16116);
#18302 = STYLED_ITEM('color',(#18303),#13992);
#18303 = PRESENTATION_STYLE_ASSIGNMENT((#18304));
#18304 = SURFACE_STYLE_USAGE(.BOTH.,#18305);
#18305 = SURFACE_SIDE_STYLE('',(#18306));
#18306 = SURFACE_STYLE_FILL_AREA(#18307);
#18307 = FILL_AREA_STYLE('',(#18308));
#18308 = FILL_AREA_STYLE_COLOUR('',#16116);
#18309 = STYLED_ITEM('color',(#18310),#14004);
#18310 = PRESENTATION_STYLE_ASSIGNMENT((#18311));
#18311 = SURFACE_STYLE_USAGE(.BOTH.,#18312);
#18312 = SURFACE_SIDE_STYLE('',(#18313));
#18313 = SURFACE_STYLE_FILL_AREA(#18314);
#18314 = FILL_AREA_STYLE('',(#18315));
#18315 = FILL_AREA_STYLE_COLOUR('',#16116);
#18316 = STYLED_ITEM('color',(#18317),#14016);
#18317 = PRESENTATION_STYLE_ASSIGNMENT((#18318));
#18318 = SURFACE_STYLE_USAGE(.BOTH.,#18319);
#18319 = SURFACE_SIDE_STYLE('',(#18320));
#18320 = SURFACE_STYLE_FILL_AREA(#18321);
#18321 = FILL_AREA_STYLE('',(#18322));
#18322 = FILL_AREA_STYLE_COLOUR('',#16116);
#18323 = STYLED_ITEM('color',(#18324),#14028);
#18324 = PRESENTATION_STYLE_ASSIGNMENT((#18325));
#18325 = SURFACE_STYLE_USAGE(.BOTH.,#18326);
#18326 = SURFACE_SIDE_STYLE('',(#18327));
#18327 = SURFACE_STYLE_FILL_AREA(#18328);
#18328 = FILL_AREA_STYLE('',(#18329));
#18329 = FILL_AREA_STYLE_COLOUR('',#16116);
#18330 = STYLED_ITEM('color',(#18331),#14040);
#18331 = PRESENTATION_STYLE_ASSIGNMENT((#18332));
#18332 = SURFACE_STYLE_USAGE(.BOTH.,#18333);
#18333 = SURFACE_SIDE_STYLE('',(#18334));
#18334 = SURFACE_STYLE_FILL_AREA(#18335);
#18335 = FILL_AREA_STYLE('',(#18336));
#18336 = FILL_AREA_STYLE_COLOUR('',#16116);
#18337 = STYLED_ITEM('color',(#18338),#14052);
#18338 = PRESENTATION_STYLE_ASSIGNMENT((#18339));
#18339 = SURFACE_STYLE_USAGE(.BOTH.,#18340);
#18340 = SURFACE_SIDE_STYLE('',(#18341));
#18341 = SURFACE_STYLE_FILL_AREA(#18342);
#18342 = FILL_AREA_STYLE('',(#18343));
#18343 = FILL_AREA_STYLE_COLOUR('',#16116);
#18344 = STYLED_ITEM('color',(#18345),#14064);
#18345 = PRESENTATION_STYLE_ASSIGNMENT((#18346));
#18346 = SURFACE_STYLE_USAGE(.BOTH.,#18347);
#18347 = SURFACE_SIDE_STYLE('',(#18348));
#18348 = SURFACE_STYLE_FILL_AREA(#18349);
#18349 = FILL_AREA_STYLE('',(#18350));
#18350 = FILL_AREA_STYLE_COLOUR('',#16116);
#18351 = STYLED_ITEM('color',(#18352),#14076);
#18352 = PRESENTATION_STYLE_ASSIGNMENT((#18353));
#18353 = SURFACE_STYLE_USAGE(.BOTH.,#18354);
#18354 = SURFACE_SIDE_STYLE('',(#18355));
#18355 = SURFACE_STYLE_FILL_AREA(#18356);
#18356 = FILL_AREA_STYLE('',(#18357));
#18357 = FILL_AREA_STYLE_COLOUR('',#16116);
#18358 = STYLED_ITEM('color',(#18359),#14088);
#18359 = PRESENTATION_STYLE_ASSIGNMENT((#18360));
#18360 = SURFACE_STYLE_USAGE(.BOTH.,#18361);
#18361 = SURFACE_SIDE_STYLE('',(#18362));
#18362 = SURFACE_STYLE_FILL_AREA(#18363);
#18363 = FILL_AREA_STYLE('',(#18364));
#18364 = FILL_AREA_STYLE_COLOUR('',#16116);
#18365 = STYLED_ITEM('color',(#18366),#14100);
#18366 = PRESENTATION_STYLE_ASSIGNMENT((#18367));
#18367 = SURFACE_STYLE_USAGE(.BOTH.,#18368);
#18368 = SURFACE_SIDE_STYLE('',(#18369));
#18369 = SURFACE_STYLE_FILL_AREA(#18370);
#18370 = FILL_AREA_STYLE('',(#18371));
#18371 = FILL_AREA_STYLE_COLOUR('',#16116);
#18372 = STYLED_ITEM('color',(#18373),#14112);
#18373 = PRESENTATION_STYLE_ASSIGNMENT((#18374));
#18374 = SURFACE_STYLE_USAGE(.BOTH.,#18375);
#18375 = SURFACE_SIDE_STYLE('',(#18376));
#18376 = SURFACE_STYLE_FILL_AREA(#18377);
#18377 = FILL_AREA_STYLE('',(#18378));
#18378 = FILL_AREA_STYLE_COLOUR('',#16116);
#18379 = STYLED_ITEM('color',(#18380),#14124);
#18380 = PRESENTATION_STYLE_ASSIGNMENT((#18381));
#18381 = SURFACE_STYLE_USAGE(.BOTH.,#18382);
#18382 = SURFACE_SIDE_STYLE('',(#18383));
#18383 = SURFACE_STYLE_FILL_AREA(#18384);
#18384 = FILL_AREA_STYLE('',(#18385));
#18385 = FILL_AREA_STYLE_COLOUR('',#16116);
#18386 = STYLED_ITEM('color',(#18387),#14136);
#18387 = PRESENTATION_STYLE_ASSIGNMENT((#18388));
#18388 = SURFACE_STYLE_USAGE(.BOTH.,#18389);
#18389 = SURFACE_SIDE_STYLE('',(#18390));
#18390 = SURFACE_STYLE_FILL_AREA(#18391);
#18391 = FILL_AREA_STYLE('',(#18392));
#18392 = FILL_AREA_STYLE_COLOUR('',#16116);
#18393 = STYLED_ITEM('color',(#18394),#14148);
#18394 = PRESENTATION_STYLE_ASSIGNMENT((#18395));
#18395 = SURFACE_STYLE_USAGE(.BOTH.,#18396);
#18396 = SURFACE_SIDE_STYLE('',(#18397));
#18397 = SURFACE_STYLE_FILL_AREA(#18398);
#18398 = FILL_AREA_STYLE('',(#18399));
#18399 = FILL_AREA_STYLE_COLOUR('',#16116);
#18400 = STYLED_ITEM('color',(#18401),#14160);
#18401 = PRESENTATION_STYLE_ASSIGNMENT((#18402));
#18402 = SURFACE_STYLE_USAGE(.BOTH.,#18403);
#18403 = SURFACE_SIDE_STYLE('',(#18404));
#18404 = SURFACE_STYLE_FILL_AREA(#18405);
#18405 = FILL_AREA_STYLE('',(#18406));
#18406 = FILL_AREA_STYLE_COLOUR('',#16116);
#18407 = MECHANICAL_DESIGN_GEOMETRIC_PRESENTATION_REPRESENTATION('',(
    #18408),#15984);
#18408 = STYLED_ITEM('color',(#18409),#14196);
#18409 = PRESENTATION_STYLE_ASSIGNMENT((#18410));
#18410 = SURFACE_STYLE_USAGE(.BOTH.,#18411);
#18411 = SURFACE_SIDE_STYLE('',(#18412));
#18412 = SURFACE_STYLE_FILL_AREA(#18413);
#18413 = FILL_AREA_STYLE('',(#18414));
#18414 = FILL_AREA_STYLE_COLOUR('',#18415);
#18415 = COLOUR_RGB('',0.277846546019,0.436627062838,0.370214030736);
#18416 = MECHANICAL_DESIGN_GEOMETRIC_PRESENTATION_REPRESENTATION('',(
    #18417,#18425,#18432,#18440,#18447,#18454),#5953);
#18417 = STYLED_ITEM('color',(#18418),#5583);
#18418 = PRESENTATION_STYLE_ASSIGNMENT((#18419));
#18419 = SURFACE_STYLE_USAGE(.BOTH.,#18420);
#18420 = SURFACE_SIDE_STYLE('',(#18421));
#18421 = SURFACE_STYLE_FILL_AREA(#18422);
#18422 = FILL_AREA_STYLE('',(#18423));
#18423 = FILL_AREA_STYLE_COLOUR('',#18424);
#18424 = COLOUR_RGB('',0.823999987314,0.819999987296,0.781000009244);
#18425 = STYLED_ITEM('color',(#18426),#5600);
#18426 = PRESENTATION_STYLE_ASSIGNMENT((#18427));
#18427 = SURFACE_STYLE_USAGE(.BOTH.,#18428);
#18428 = SURFACE_SIDE_STYLE('',(#18429));
#18429 = SURFACE_STYLE_FILL_AREA(#18430);
#18430 = FILL_AREA_STYLE('',(#18431));
#18431 = FILL_AREA_STYLE_COLOUR('',#18424);
#18432 = STYLED_ITEM('color',(#18433),#5734);
#18433 = PRESENTATION_STYLE_ASSIGNMENT((#18434));
#18434 = SURFACE_STYLE_USAGE(.BOTH.,#18435);
#18435 = SURFACE_SIDE_STYLE('',(#18436));
#18436 = SURFACE_STYLE_FILL_AREA(#18437);
#18437 = FILL_AREA_STYLE('',(#18438));
#18438 = FILL_AREA_STYLE_COLOUR('',#18439);
#18439 = COLOUR_RGB('',0.809000013735,0.426000008053,0.147999998088);
#18440 = STYLED_ITEM('color',(#18441),#5835);
#18441 = PRESENTATION_STYLE_ASSIGNMENT((#18442));
#18442 = SURFACE_STYLE_USAGE(.BOTH.,#18443);
#18443 = SURFACE_SIDE_STYLE('',(#18444));
#18444 = SURFACE_STYLE_FILL_AREA(#18445);
#18445 = FILL_AREA_STYLE('',(#18446));
#18446 = FILL_AREA_STYLE_COLOUR('',#18439);
#18447 = STYLED_ITEM('color',(#18448),#5917);
#18448 = PRESENTATION_STYLE_ASSIGNMENT((#18449));
#18449 = SURFACE_STYLE_USAGE(.BOTH.,#18450);
#18450 = SURFACE_SIDE_STYLE('',(#18451));
#18451 = SURFACE_STYLE_FILL_AREA(#18452);
#18452 = FILL_AREA_STYLE('',(#18453));
#18453 = FILL_AREA_STYLE_COLOUR('',#18424);
#18454 = STYLED_ITEM('color',(#18455),#5944);
#18455 = PRESENTATION_STYLE_ASSIGNMENT((#18456));
#18456 = SURFACE_STYLE_USAGE(.BOTH.,#18457);
#18457 = SURFACE_SIDE_STYLE('',(#18458));
#18458 = SURFACE_STYLE_FILL_AREA(#18459);
#18459 = FILL_AREA_STYLE('',(#18460));
#18460 = FILL_AREA_STYLE_COLOUR('',#18424);
#18461 = MECHANICAL_DESIGN_GEOMETRIC_PRESENTATION_REPRESENTATION('',(
    #18462,#18469,#18476,#18484,#18491,#18499,#18506,#18513,#18520,
    #18527,#18534,#18541,#18548,#18555,#18562,#18569,#18576,#18583,
    #18590,#18597,#18604,#18611,#18618,#18625,#18632,#18639,#18646,
    #18653,#18660,#18667,#18674,#18681,#18688,#18695,#18702,#18709,
    #18716,#18723,#18730,#18737,#18744,#18751,#18758,#18765,#18772,
    #18779),#1912);
#18462 = STYLED_ITEM('color',(#18463),#90);
#18463 = PRESENTATION_STYLE_ASSIGNMENT((#18464));
#18464 = SURFACE_STYLE_USAGE(.BOTH.,#18465);
#18465 = SURFACE_SIDE_STYLE('',(#18466));
#18466 = SURFACE_STYLE_FILL_AREA(#18467);
#18467 = FILL_AREA_STYLE('',(#18468));
#18468 = FILL_AREA_STYLE_COLOUR('',#18424);
#18469 = STYLED_ITEM('color',(#18470),#107);
#18470 = PRESENTATION_STYLE_ASSIGNMENT((#18471));
#18471 = SURFACE_STYLE_USAGE(.BOTH.,#18472);
#18472 = SURFACE_SIDE_STYLE('',(#18473));
#18473 = SURFACE_STYLE_FILL_AREA(#18474);
#18474 = FILL_AREA_STYLE('',(#18475));
#18475 = FILL_AREA_STYLE_COLOUR('',#18424);
#18476 = STYLED_ITEM('color',(#18477),#132);
#18477 = PRESENTATION_STYLE_ASSIGNMENT((#18478));
#18478 = SURFACE_STYLE_USAGE(.BOTH.,#18479);
#18479 = SURFACE_SIDE_STYLE('',(#18480));
#18480 = SURFACE_STYLE_FILL_AREA(#18481);
#18481 = FILL_AREA_STYLE('',(#18482));
#18482 = FILL_AREA_STYLE_COLOUR('',#18483);
#18483 = COLOUR_RGB('',0.136999991899,0.40200001271,0.726999997272);
#18484 = STYLED_ITEM('color',(#18485),#181);
#18485 = PRESENTATION_STYLE_ASSIGNMENT((#18486));
#18486 = SURFACE_STYLE_USAGE(.BOTH.,#18487);
#18487 = SURFACE_SIDE_STYLE('',(#18488));
#18488 = SURFACE_STYLE_FILL_AREA(#18489);
#18489 = FILL_AREA_STYLE('',(#18490));
#18490 = FILL_AREA_STYLE_COLOUR('',#18483);
#18491 = STYLED_ITEM('color',(#18492),#214);
#18492 = PRESENTATION_STYLE_ASSIGNMENT((#18493));
#18493 = SURFACE_STYLE_USAGE(.BOTH.,#18494);
#18494 = SURFACE_SIDE_STYLE('',(#18495));
#18495 = SURFACE_STYLE_FILL_AREA(#18496);
#18496 = FILL_AREA_STYLE('',(#18497));
#18497 = FILL_AREA_STYLE_COLOUR('',#18498);
#18498 = COLOUR_RGB('',0.690999977303,0.663999984767,0.597999987832);
#18499 = STYLED_ITEM('color',(#18500),#232);
#18500 = PRESENTATION_STYLE_ASSIGNMENT((#18501));
#18501 = SURFACE_STYLE_USAGE(.BOTH.,#18502);
#18502 = SURFACE_SIDE_STYLE('',(#18503));
#18503 = SURFACE_STYLE_FILL_AREA(#18504);
#18504 = FILL_AREA_STYLE('',(#18505));
#18505 = FILL_AREA_STYLE_COLOUR('',#18424);
#18506 = STYLED_ITEM('color',(#18507),#257);
#18507 = PRESENTATION_STYLE_ASSIGNMENT((#18508));
#18508 = SURFACE_STYLE_USAGE(.BOTH.,#18509);
#18509 = SURFACE_SIDE_STYLE('',(#18510));
#18510 = SURFACE_STYLE_FILL_AREA(#18511);
#18511 = FILL_AREA_STYLE('',(#18512));
#18512 = FILL_AREA_STYLE_COLOUR('',#18483);
#18513 = STYLED_ITEM('color',(#18514),#289);
#18514 = PRESENTATION_STYLE_ASSIGNMENT((#18515));
#18515 = SURFACE_STYLE_USAGE(.BOTH.,#18516);
#18516 = SURFACE_SIDE_STYLE('',(#18517));
#18517 = SURFACE_STYLE_FILL_AREA(#18518);
#18518 = FILL_AREA_STYLE('',(#18519));
#18519 = FILL_AREA_STYLE_COLOUR('',#18498);
#18520 = STYLED_ITEM('color',(#18521),#307);
#18521 = PRESENTATION_STYLE_ASSIGNMENT((#18522));
#18522 = SURFACE_STYLE_USAGE(.BOTH.,#18523);
#18523 = SURFACE_SIDE_STYLE('',(#18524));
#18524 = SURFACE_STYLE_FILL_AREA(#18525);
#18525 = FILL_AREA_STYLE('',(#18526));
#18526 = FILL_AREA_STYLE_COLOUR('',#18424);
#18527 = STYLED_ITEM('color',(#18528),#316);
#18528 = PRESENTATION_STYLE_ASSIGNMENT((#18529));
#18529 = SURFACE_STYLE_USAGE(.BOTH.,#18530);
#18530 = SURFACE_SIDE_STYLE('',(#18531));
#18531 = SURFACE_STYLE_FILL_AREA(#18532);
#18532 = FILL_AREA_STYLE('',(#18533));
#18533 = FILL_AREA_STYLE_COLOUR('',#18483);
#18534 = STYLED_ITEM('color',(#18535),#354);
#18535 = PRESENTATION_STYLE_ASSIGNMENT((#18536));
#18536 = SURFACE_STYLE_USAGE(.BOTH.,#18537);
#18537 = SURFACE_SIDE_STYLE('',(#18538));
#18538 = SURFACE_STYLE_FILL_AREA(#18539);
#18539 = FILL_AREA_STYLE('',(#18540));
#18540 = FILL_AREA_STYLE_COLOUR('',#18498);
#18541 = STYLED_ITEM('color',(#18542),#376);
#18542 = PRESENTATION_STYLE_ASSIGNMENT((#18543));
#18543 = SURFACE_STYLE_USAGE(.BOTH.,#18544);
#18544 = SURFACE_SIDE_STYLE('',(#18545));
#18545 = SURFACE_STYLE_FILL_AREA(#18546);
#18546 = FILL_AREA_STYLE('',(#18547));
#18547 = FILL_AREA_STYLE_COLOUR('',#18483);
#18548 = STYLED_ITEM('color',(#18549),#439);
#18549 = PRESENTATION_STYLE_ASSIGNMENT((#18550));
#18550 = SURFACE_STYLE_USAGE(.BOTH.,#18551);
#18551 = SURFACE_SIDE_STYLE('',(#18552));
#18552 = SURFACE_STYLE_FILL_AREA(#18553);
#18553 = FILL_AREA_STYLE('',(#18554));
#18554 = FILL_AREA_STYLE_COLOUR('',#18498);
#18555 = STYLED_ITEM('color',(#18556),#467);
#18556 = PRESENTATION_STYLE_ASSIGNMENT((#18557));
#18557 = SURFACE_STYLE_USAGE(.BOTH.,#18558);
#18558 = SURFACE_SIDE_STYLE('',(#18559));
#18559 = SURFACE_STYLE_FILL_AREA(#18560);
#18560 = FILL_AREA_STYLE('',(#18561));
#18561 = FILL_AREA_STYLE_COLOUR('',#18483);
#18562 = STYLED_ITEM('color',(#18563),#645);
#18563 = PRESENTATION_STYLE_ASSIGNMENT((#18564));
#18564 = SURFACE_STYLE_USAGE(.BOTH.,#18565);
#18565 = SURFACE_SIDE_STYLE('',(#18566));
#18566 = SURFACE_STYLE_FILL_AREA(#18567);
#18567 = FILL_AREA_STYLE('',(#18568));
#18568 = FILL_AREA_STYLE_COLOUR('',#18498);
#18569 = STYLED_ITEM('color',(#18570),#711);
#18570 = PRESENTATION_STYLE_ASSIGNMENT((#18571));
#18571 = SURFACE_STYLE_USAGE(.BOTH.,#18572);
#18572 = SURFACE_SIDE_STYLE('',(#18573));
#18573 = SURFACE_STYLE_FILL_AREA(#18574);
#18574 = FILL_AREA_STYLE('',(#18575));
#18575 = FILL_AREA_STYLE_COLOUR('',#18483);
#18576 = STYLED_ITEM('color',(#18577),#780);
#18577 = PRESENTATION_STYLE_ASSIGNMENT((#18578));
#18578 = SURFACE_STYLE_USAGE(.BOTH.,#18579);
#18579 = SURFACE_SIDE_STYLE('',(#18580));
#18580 = SURFACE_STYLE_FILL_AREA(#18581);
#18581 = FILL_AREA_STYLE('',(#18582));
#18582 = FILL_AREA_STYLE_COLOUR('',#18498);
#18583 = STYLED_ITEM('color',(#18584),#812);
#18584 = PRESENTATION_STYLE_ASSIGNMENT((#18585));
#18585 = SURFACE_STYLE_USAGE(.BOTH.,#18586);
#18586 = SURFACE_SIDE_STYLE('',(#18587));
#18587 = SURFACE_STYLE_FILL_AREA(#18588);
#18588 = FILL_AREA_STYLE('',(#18589));
#18589 = FILL_AREA_STYLE_COLOUR('',#18483);
#18590 = STYLED_ITEM('color',(#18591),#990);
#18591 = PRESENTATION_STYLE_ASSIGNMENT((#18592));
#18592 = SURFACE_STYLE_USAGE(.BOTH.,#18593);
#18593 = SURFACE_SIDE_STYLE('',(#18594));
#18594 = SURFACE_STYLE_FILL_AREA(#18595);
#18595 = FILL_AREA_STYLE('',(#18596));
#18596 = FILL_AREA_STYLE_COLOUR('',#18498);
#18597 = STYLED_ITEM('color',(#18598),#1056);
#18598 = PRESENTATION_STYLE_ASSIGNMENT((#18599));
#18599 = SURFACE_STYLE_USAGE(.BOTH.,#18600);
#18600 = SURFACE_SIDE_STYLE('',(#18601));
#18601 = SURFACE_STYLE_FILL_AREA(#18602);
#18602 = FILL_AREA_STYLE('',(#18603));
#18603 = FILL_AREA_STYLE_COLOUR('',#18483);
#18604 = STYLED_ITEM('color',(#18605),#1088);
#18605 = PRESENTATION_STYLE_ASSIGNMENT((#18606));
#18606 = SURFACE_STYLE_USAGE(.BOTH.,#18607);
#18607 = SURFACE_SIDE_STYLE('',(#18608));
#18608 = SURFACE_STYLE_FILL_AREA(#18609);
#18609 = FILL_AREA_STYLE('',(#18610));
#18610 = FILL_AREA_STYLE_COLOUR('',#18498);
#18611 = STYLED_ITEM('color',(#18612),#1198);
#18612 = PRESENTATION_STYLE_ASSIGNMENT((#18613));
#18613 = SURFACE_STYLE_USAGE(.BOTH.,#18614);
#18614 = SURFACE_SIDE_STYLE('',(#18615));
#18615 = SURFACE_STYLE_FILL_AREA(#18616);
#18616 = FILL_AREA_STYLE('',(#18617));
#18617 = FILL_AREA_STYLE_COLOUR('',#18483);
#18618 = STYLED_ITEM('color',(#18619),#1232);
#18619 = PRESENTATION_STYLE_ASSIGNMENT((#18620));
#18620 = SURFACE_STYLE_USAGE(.BOTH.,#18621);
#18621 = SURFACE_SIDE_STYLE('',(#18622));
#18622 = SURFACE_STYLE_FILL_AREA(#18623);
#18623 = FILL_AREA_STYLE('',(#18624));
#18624 = FILL_AREA_STYLE_COLOUR('',#18498);
#18625 = STYLED_ITEM('color',(#18626),#1250);
#18626 = PRESENTATION_STYLE_ASSIGNMENT((#18627));
#18627 = SURFACE_STYLE_USAGE(.BOTH.,#18628);
#18628 = SURFACE_SIDE_STYLE('',(#18629));
#18629 = SURFACE_STYLE_FILL_AREA(#18630);
#18630 = FILL_AREA_STYLE('',(#18631));
#18631 = FILL_AREA_STYLE_COLOUR('',#16003);
#18632 = STYLED_ITEM('color',(#18633),#1266);
#18633 = PRESENTATION_STYLE_ASSIGNMENT((#18634));
#18634 = SURFACE_STYLE_USAGE(.BOTH.,#18635);
#18635 = SURFACE_SIDE_STYLE('',(#18636));
#18636 = SURFACE_STYLE_FILL_AREA(#18637);
#18637 = FILL_AREA_STYLE('',(#18638));
#18638 = FILL_AREA_STYLE_COLOUR('',#18483);
#18639 = STYLED_ITEM('color',(#18640),#1298);
#18640 = PRESENTATION_STYLE_ASSIGNMENT((#18641));
#18641 = SURFACE_STYLE_USAGE(.BOTH.,#18642);
#18642 = SURFACE_SIDE_STYLE('',(#18643));
#18643 = SURFACE_STYLE_FILL_AREA(#18644);
#18644 = FILL_AREA_STYLE('',(#18645));
#18645 = FILL_AREA_STYLE_COLOUR('',#18498);
#18646 = STYLED_ITEM('color',(#18647),#1316);
#18647 = PRESENTATION_STYLE_ASSIGNMENT((#18648));
#18648 = SURFACE_STYLE_USAGE(.BOTH.,#18649);
#18649 = SURFACE_SIDE_STYLE('',(#18650));
#18650 = SURFACE_STYLE_FILL_AREA(#18651);
#18651 = FILL_AREA_STYLE('',(#18652));
#18652 = FILL_AREA_STYLE_COLOUR('',#18483);
#18653 = STYLED_ITEM('color',(#18654),#1459);
#18654 = PRESENTATION_STYLE_ASSIGNMENT((#18655));
#18655 = SURFACE_STYLE_USAGE(.BOTH.,#18656);
#18656 = SURFACE_SIDE_STYLE('',(#18657));
#18657 = SURFACE_STYLE_FILL_AREA(#18658);
#18658 = FILL_AREA_STYLE('',(#18659));
#18659 = FILL_AREA_STYLE_COLOUR('',#18498);
#18660 = STYLED_ITEM('color',(#18661),#1511);
#18661 = PRESENTATION_STYLE_ASSIGNMENT((#18662));
#18662 = SURFACE_STYLE_USAGE(.BOTH.,#18663);
#18663 = SURFACE_SIDE_STYLE('',(#18664));
#18664 = SURFACE_STYLE_FILL_AREA(#18665);
#18665 = FILL_AREA_STYLE('',(#18666));
#18666 = FILL_AREA_STYLE_COLOUR('',#18424);
#18667 = STYLED_ITEM('color',(#18668),#1535);
#18668 = PRESENTATION_STYLE_ASSIGNMENT((#18669));
#18669 = SURFACE_STYLE_USAGE(.BOTH.,#18670);
#18670 = SURFACE_SIDE_STYLE('',(#18671));
#18671 = SURFACE_STYLE_FILL_AREA(#18672);
#18672 = FILL_AREA_STYLE('',(#18673));
#18673 = FILL_AREA_STYLE_COLOUR('',#18424);
#18674 = STYLED_ITEM('color',(#18675),#1559);
#18675 = PRESENTATION_STYLE_ASSIGNMENT((#18676));
#18676 = SURFACE_STYLE_USAGE(.BOTH.,#18677);
#18677 = SURFACE_SIDE_STYLE('',(#18678));
#18678 = SURFACE_STYLE_FILL_AREA(#18679);
#18679 = FILL_AREA_STYLE('',(#18680));
#18680 = FILL_AREA_STYLE_COLOUR('',#18424);
#18681 = STYLED_ITEM('color',(#18682),#1583);
#18682 = PRESENTATION_STYLE_ASSIGNMENT((#18683));
#18683 = SURFACE_STYLE_USAGE(.BOTH.,#18684);
#18684 = SURFACE_SIDE_STYLE('',(#18685));
#18685 = SURFACE_STYLE_FILL_AREA(#18686);
#18686 = FILL_AREA_STYLE('',(#18687));
#18687 = FILL_AREA_STYLE_COLOUR('',#18424);
#18688 = STYLED_ITEM('color',(#18689),#1645);
#18689 = PRESENTATION_STYLE_ASSIGNMENT((#18690));
#18690 = SURFACE_STYLE_USAGE(.BOTH.,#18691);
#18691 = SURFACE_SIDE_STYLE('',(#18692));
#18692 = SURFACE_STYLE_FILL_AREA(#18693);
#18693 = FILL_AREA_STYLE('',(#18694));
#18694 = FILL_AREA_STYLE_COLOUR('',#18424);
#18695 = STYLED_ITEM('color',(#18696),#1662);
#18696 = PRESENTATION_STYLE_ASSIGNMENT((#18697));
#18697 = SURFACE_STYLE_USAGE(.BOTH.,#18698);
#18698 = SURFACE_SIDE_STYLE('',(#18699));
#18699 = SURFACE_STYLE_FILL_AREA(#18700);
#18700 = FILL_AREA_STYLE('',(#18701));
#18701 = FILL_AREA_STYLE_COLOUR('',#18424);
#18702 = STYLED_ITEM('color',(#18703),#1686);
#18703 = PRESENTATION_STYLE_ASSIGNMENT((#18704));
#18704 = SURFACE_STYLE_USAGE(.BOTH.,#18705);
#18705 = SURFACE_SIDE_STYLE('',(#18706));
#18706 = SURFACE_STYLE_FILL_AREA(#18707);
#18707 = FILL_AREA_STYLE('',(#18708));
#18708 = FILL_AREA_STYLE_COLOUR('',#18424);
#18709 = STYLED_ITEM('color',(#18710),#1702);
#18710 = PRESENTATION_STYLE_ASSIGNMENT((#18711));
#18711 = SURFACE_STYLE_USAGE(.BOTH.,#18712);
#18712 = SURFACE_SIDE_STYLE('',(#18713));
#18713 = SURFACE_STYLE_FILL_AREA(#18714);
#18714 = FILL_AREA_STYLE('',(#18715));
#18715 = FILL_AREA_STYLE_COLOUR('',#18424);
#18716 = STYLED_ITEM('color',(#18717),#1726);
#18717 = PRESENTATION_STYLE_ASSIGNMENT((#18718));
#18718 = SURFACE_STYLE_USAGE(.BOTH.,#18719);
#18719 = SURFACE_SIDE_STYLE('',(#18720));
#18720 = SURFACE_STYLE_FILL_AREA(#18721);
#18721 = FILL_AREA_STYLE('',(#18722));
#18722 = FILL_AREA_STYLE_COLOUR('',#18424);
#18723 = STYLED_ITEM('color',(#18724),#1738);
#18724 = PRESENTATION_STYLE_ASSIGNMENT((#18725));
#18725 = SURFACE_STYLE_USAGE(.BOTH.,#18726);
#18726 = SURFACE_SIDE_STYLE('',(#18727));
#18727 = SURFACE_STYLE_FILL_AREA(#18728);
#18728 = FILL_AREA_STYLE('',(#18729));
#18729 = FILL_AREA_STYLE_COLOUR('',#18424);
#18730 = STYLED_ITEM('color',(#18731),#1754);
#18731 = PRESENTATION_STYLE_ASSIGNMENT((#18732));
#18732 = SURFACE_STYLE_USAGE(.BOTH.,#18733);
#18733 = SURFACE_SIDE_STYLE('',(#18734));
#18734 = SURFACE_STYLE_FILL_AREA(#18735);
#18735 = FILL_AREA_STYLE('',(#18736));
#18736 = FILL_AREA_STYLE_COLOUR('',#18424);
#18737 = STYLED_ITEM('color',(#18738),#1766);
#18738 = PRESENTATION_STYLE_ASSIGNMENT((#18739));
#18739 = SURFACE_STYLE_USAGE(.BOTH.,#18740);
#18740 = SURFACE_SIDE_STYLE('',(#18741));
#18741 = SURFACE_STYLE_FILL_AREA(#18742);
#18742 = FILL_AREA_STYLE('',(#18743));
#18743 = FILL_AREA_STYLE_COLOUR('',#18424);
#18744 = STYLED_ITEM('color',(#18745),#1778);
#18745 = PRESENTATION_STYLE_ASSIGNMENT((#18746));
#18746 = SURFACE_STYLE_USAGE(.BOTH.,#18747);
#18747 = SURFACE_SIDE_STYLE('',(#18748));
#18748 = SURFACE_STYLE_FILL_AREA(#18749);
#18749 = FILL_AREA_STYLE('',(#18750));
#18750 = FILL_AREA_STYLE_COLOUR('',#18424);
#18751 = STYLED_ITEM('color',(#18752),#1792);
#18752 = PRESENTATION_STYLE_ASSIGNMENT((#18753));
#18753 = SURFACE_STYLE_USAGE(.BOTH.,#18754);
#18754 = SURFACE_SIDE_STYLE('',(#18755));
#18755 = SURFACE_STYLE_FILL_AREA(#18756);
#18756 = FILL_AREA_STYLE('',(#18757));
#18757 = FILL_AREA_STYLE_COLOUR('',#18498);
#18758 = STYLED_ITEM('color',(#18759),#1825);
#18759 = PRESENTATION_STYLE_ASSIGNMENT((#18760));
#18760 = SURFACE_STYLE_USAGE(.BOTH.,#18761);
#18761 = SURFACE_SIDE_STYLE('',(#18762));
#18762 = SURFACE_STYLE_FILL_AREA(#18763);
#18763 = FILL_AREA_STYLE('',(#18764));
#18764 = FILL_AREA_STYLE_COLOUR('',#18498);
#18765 = STYLED_ITEM('color',(#18766),#1857);
#18766 = PRESENTATION_STYLE_ASSIGNMENT((#18767));
#18767 = SURFACE_STYLE_USAGE(.BOTH.,#18768);
#18768 = SURFACE_SIDE_STYLE('',(#18769));
#18769 = SURFACE_STYLE_FILL_AREA(#18770);
#18770 = FILL_AREA_STYLE('',(#18771));
#18771 = FILL_AREA_STYLE_COLOUR('',#18483);
#18772 = STYLED_ITEM('color',(#18773),#1874);
#18773 = PRESENTATION_STYLE_ASSIGNMENT((#18774));
#18774 = SURFACE_STYLE_USAGE(.BOTH.,#18775);
#18775 = SURFACE_SIDE_STYLE('',(#18776));
#18776 = SURFACE_STYLE_FILL_AREA(#18777);
#18777 = FILL_AREA_STYLE('',(#18778));
#18778 = FILL_AREA_STYLE_COLOUR('',#18483);
#18779 = STYLED_ITEM('color',(#18780),#1901);
#18780 = PRESENTATION_STYLE_ASSIGNMENT((#18781));
#18781 = SURFACE_STYLE_USAGE(.BOTH.,#18782);
#18782 = SURFACE_SIDE_STYLE('',(#18783));
#18783 = SURFACE_STYLE_FILL_AREA(#18784);
#18784 = FILL_AREA_STYLE('',(#18785));
#18785 = FILL_AREA_STYLE_COLOUR('',#18424);
#18786 = MECHANICAL_DESIGN_GEOMETRIC_PRESENTATION_REPRESENTATION('',(
    #18787,#18794,#18801,#18808,#18815,#18822,#18829,#18836,#18843,
    #18850,#18857,#18864,#18871,#18878,#18885,#18892,#18899,#18906,
    #18913,#18920,#18927,#18934,#18941,#18948,#18955,#18962,#18969,
    #18976,#18983,#18990,#18997,#19004,#19011,#19018,#19025,#19032,
    #19039,#19046,#19053,#19060,#19067,#19074,#19081,#19088,#19095,
    #19102,#19109,#19116,#19123,#19130,#19137,#19144,#19151,#19158,
    #19165,#19172,#19179,#19186,#19193,#19200,#19207,#19214,#19221,
    #19228,#19235,#19242,#19249,#19256,#19263,#19270,#19277,#19284,
    #19291,#19298,#19305,#19312),#4060);
#18787 = STYLED_ITEM('color',(#18788),#1956);
#18788 = PRESENTATION_STYLE_ASSIGNMENT((#18789));
#18789 = SURFACE_STYLE_USAGE(.BOTH.,#18790);
#18790 = SURFACE_SIDE_STYLE('',(#18791));
#18791 = SURFACE_STYLE_FILL_AREA(#18792);
#18792 = FILL_AREA_STYLE('',(#18793));
#18793 = FILL_AREA_STYLE_COLOUR('',#16003);
#18794 = STYLED_ITEM('color',(#18795),#1996);
#18795 = PRESENTATION_STYLE_ASSIGNMENT((#18796));
#18796 = SURFACE_STYLE_USAGE(.BOTH.,#18797);
#18797 = SURFACE_SIDE_STYLE('',(#18798));
#18798 = SURFACE_STYLE_FILL_AREA(#18799);
#18799 = FILL_AREA_STYLE('',(#18800));
#18800 = FILL_AREA_STYLE_COLOUR('',#16003);
#18801 = STYLED_ITEM('color',(#18802),#2027);
#18802 = PRESENTATION_STYLE_ASSIGNMENT((#18803));
#18803 = SURFACE_STYLE_USAGE(.BOTH.,#18804);
#18804 = SURFACE_SIDE_STYLE('',(#18805));
#18805 = SURFACE_STYLE_FILL_AREA(#18806);
#18806 = FILL_AREA_STYLE('',(#18807));
#18807 = FILL_AREA_STYLE_COLOUR('',#16003);
#18808 = STYLED_ITEM('color',(#18809),#2058);
#18809 = PRESENTATION_STYLE_ASSIGNMENT((#18810));
#18810 = SURFACE_STYLE_USAGE(.BOTH.,#18811);
#18811 = SURFACE_SIDE_STYLE('',(#18812));
#18812 = SURFACE_STYLE_FILL_AREA(#18813);
#18813 = FILL_AREA_STYLE('',(#18814));
#18814 = FILL_AREA_STYLE_COLOUR('',#16003);
#18815 = STYLED_ITEM('color',(#18816),#2305);
#18816 = PRESENTATION_STYLE_ASSIGNMENT((#18817));
#18817 = SURFACE_STYLE_USAGE(.BOTH.,#18818);
#18818 = SURFACE_SIDE_STYLE('',(#18819));
#18819 = SURFACE_STYLE_FILL_AREA(#18820);
#18820 = FILL_AREA_STYLE('',(#18821));
#18821 = FILL_AREA_STYLE_COLOUR('',#16003);
#18822 = STYLED_ITEM('color',(#18823),#2552);
#18823 = PRESENTATION_STYLE_ASSIGNMENT((#18824));
#18824 = SURFACE_STYLE_USAGE(.BOTH.,#18825);
#18825 = SURFACE_SIDE_STYLE('',(#18826));
#18826 = SURFACE_STYLE_FILL_AREA(#18827);
#18827 = FILL_AREA_STYLE('',(#18828));
#18828 = FILL_AREA_STYLE_COLOUR('',#16003);
#18829 = STYLED_ITEM('color',(#18830),#2569);
#18830 = PRESENTATION_STYLE_ASSIGNMENT((#18831));
#18831 = SURFACE_STYLE_USAGE(.BOTH.,#18832);
#18832 = SURFACE_SIDE_STYLE('',(#18833));
#18833 = SURFACE_STYLE_FILL_AREA(#18834);
#18834 = FILL_AREA_STYLE('',(#18835));
#18835 = FILL_AREA_STYLE_COLOUR('',#16003);
#18836 = STYLED_ITEM('color',(#18837),#2586);
#18837 = PRESENTATION_STYLE_ASSIGNMENT((#18838));
#18838 = SURFACE_STYLE_USAGE(.BOTH.,#18839);
#18839 = SURFACE_SIDE_STYLE('',(#18840));
#18840 = SURFACE_STYLE_FILL_AREA(#18841);
#18841 = FILL_AREA_STYLE('',(#18842));
#18842 = FILL_AREA_STYLE_COLOUR('',#16003);
#18843 = STYLED_ITEM('color',(#18844),#2603);
#18844 = PRESENTATION_STYLE_ASSIGNMENT((#18845));
#18845 = SURFACE_STYLE_USAGE(.BOTH.,#18846);
#18846 = SURFACE_SIDE_STYLE('',(#18847));
#18847 = SURFACE_STYLE_FILL_AREA(#18848);
#18848 = FILL_AREA_STYLE('',(#18849));
#18849 = FILL_AREA_STYLE_COLOUR('',#16003);
#18850 = STYLED_ITEM('color',(#18851),#2620);
#18851 = PRESENTATION_STYLE_ASSIGNMENT((#18852));
#18852 = SURFACE_STYLE_USAGE(.BOTH.,#18853);
#18853 = SURFACE_SIDE_STYLE('',(#18854));
#18854 = SURFACE_STYLE_FILL_AREA(#18855);
#18855 = FILL_AREA_STYLE('',(#18856));
#18856 = FILL_AREA_STYLE_COLOUR('',#16003);
#18857 = STYLED_ITEM('color',(#18858),#2637);
#18858 = PRESENTATION_STYLE_ASSIGNMENT((#18859));
#18859 = SURFACE_STYLE_USAGE(.BOTH.,#18860);
#18860 = SURFACE_SIDE_STYLE('',(#18861));
#18861 = SURFACE_STYLE_FILL_AREA(#18862);
#18862 = FILL_AREA_STYLE('',(#18863));
#18863 = FILL_AREA_STYLE_COLOUR('',#16003);
#18864 = STYLED_ITEM('color',(#18865),#2654);
#18865 = PRESENTATION_STYLE_ASSIGNMENT((#18866));
#18866 = SURFACE_STYLE_USAGE(.BOTH.,#18867);
#18867 = SURFACE_SIDE_STYLE('',(#18868));
#18868 = SURFACE_STYLE_FILL_AREA(#18869);
#18869 = FILL_AREA_STYLE('',(#18870));
#18870 = FILL_AREA_STYLE_COLOUR('',#16003);
#18871 = STYLED_ITEM('color',(#18872),#2671);
#18872 = PRESENTATION_STYLE_ASSIGNMENT((#18873));
#18873 = SURFACE_STYLE_USAGE(.BOTH.,#18874);
#18874 = SURFACE_SIDE_STYLE('',(#18875));
#18875 = SURFACE_STYLE_FILL_AREA(#18876);
#18876 = FILL_AREA_STYLE('',(#18877));
#18877 = FILL_AREA_STYLE_COLOUR('',#16003);
#18878 = STYLED_ITEM('color',(#18879),#2688);
#18879 = PRESENTATION_STYLE_ASSIGNMENT((#18880));
#18880 = SURFACE_STYLE_USAGE(.BOTH.,#18881);
#18881 = SURFACE_SIDE_STYLE('',(#18882));
#18882 = SURFACE_STYLE_FILL_AREA(#18883);
#18883 = FILL_AREA_STYLE('',(#18884));
#18884 = FILL_AREA_STYLE_COLOUR('',#16003);
#18885 = STYLED_ITEM('color',(#18886),#2705);
#18886 = PRESENTATION_STYLE_ASSIGNMENT((#18887));
#18887 = SURFACE_STYLE_USAGE(.BOTH.,#18888);
#18888 = SURFACE_SIDE_STYLE('',(#18889));
#18889 = SURFACE_STYLE_FILL_AREA(#18890);
#18890 = FILL_AREA_STYLE('',(#18891));
#18891 = FILL_AREA_STYLE_COLOUR('',#16003);
#18892 = STYLED_ITEM('color',(#18893),#2722);
#18893 = PRESENTATION_STYLE_ASSIGNMENT((#18894));
#18894 = SURFACE_STYLE_USAGE(.BOTH.,#18895);
#18895 = SURFACE_SIDE_STYLE('',(#18896));
#18896 = SURFACE_STYLE_FILL_AREA(#18897);
#18897 = FILL_AREA_STYLE('',(#18898));
#18898 = FILL_AREA_STYLE_COLOUR('',#16003);
#18899 = STYLED_ITEM('color',(#18900),#2739);
#18900 = PRESENTATION_STYLE_ASSIGNMENT((#18901));
#18901 = SURFACE_STYLE_USAGE(.BOTH.,#18902);
#18902 = SURFACE_SIDE_STYLE('',(#18903));
#18903 = SURFACE_STYLE_FILL_AREA(#18904);
#18904 = FILL_AREA_STYLE('',(#18905));
#18905 = FILL_AREA_STYLE_COLOUR('',#16003);
#18906 = STYLED_ITEM('color',(#18907),#2756);
#18907 = PRESENTATION_STYLE_ASSIGNMENT((#18908));
#18908 = SURFACE_STYLE_USAGE(.BOTH.,#18909);
#18909 = SURFACE_SIDE_STYLE('',(#18910));
#18910 = SURFACE_STYLE_FILL_AREA(#18911);
#18911 = FILL_AREA_STYLE('',(#18912));
#18912 = FILL_AREA_STYLE_COLOUR('',#16003);
#18913 = STYLED_ITEM('color',(#18914),#2773);
#18914 = PRESENTATION_STYLE_ASSIGNMENT((#18915));
#18915 = SURFACE_STYLE_USAGE(.BOTH.,#18916);
#18916 = SURFACE_SIDE_STYLE('',(#18917));
#18917 = SURFACE_STYLE_FILL_AREA(#18918);
#18918 = FILL_AREA_STYLE('',(#18919));
#18919 = FILL_AREA_STYLE_COLOUR('',#16003);
#18920 = STYLED_ITEM('color',(#18921),#2790);
#18921 = PRESENTATION_STYLE_ASSIGNMENT((#18922));
#18922 = SURFACE_STYLE_USAGE(.BOTH.,#18923);
#18923 = SURFACE_SIDE_STYLE('',(#18924));
#18924 = SURFACE_STYLE_FILL_AREA(#18925);
#18925 = FILL_AREA_STYLE('',(#18926));
#18926 = FILL_AREA_STYLE_COLOUR('',#16003);
#18927 = STYLED_ITEM('color',(#18928),#2807);
#18928 = PRESENTATION_STYLE_ASSIGNMENT((#18929));
#18929 = SURFACE_STYLE_USAGE(.BOTH.,#18930);
#18930 = SURFACE_SIDE_STYLE('',(#18931));
#18931 = SURFACE_STYLE_FILL_AREA(#18932);
#18932 = FILL_AREA_STYLE('',(#18933));
#18933 = FILL_AREA_STYLE_COLOUR('',#16003);
#18934 = STYLED_ITEM('color',(#18935),#2824);
#18935 = PRESENTATION_STYLE_ASSIGNMENT((#18936));
#18936 = SURFACE_STYLE_USAGE(.BOTH.,#18937);
#18937 = SURFACE_SIDE_STYLE('',(#18938));
#18938 = SURFACE_STYLE_FILL_AREA(#18939);
#18939 = FILL_AREA_STYLE('',(#18940));
#18940 = FILL_AREA_STYLE_COLOUR('',#16003);
#18941 = STYLED_ITEM('color',(#18942),#2836);
#18942 = PRESENTATION_STYLE_ASSIGNMENT((#18943));
#18943 = SURFACE_STYLE_USAGE(.BOTH.,#18944);
#18944 = SURFACE_SIDE_STYLE('',(#18945));
#18945 = SURFACE_STYLE_FILL_AREA(#18946);
#18946 = FILL_AREA_STYLE('',(#18947));
#18947 = FILL_AREA_STYLE_COLOUR('',#16116);
#18948 = STYLED_ITEM('color',(#18949),#2867);
#18949 = PRESENTATION_STYLE_ASSIGNMENT((#18950));
#18950 = SURFACE_STYLE_USAGE(.BOTH.,#18951);
#18951 = SURFACE_SIDE_STYLE('',(#18952));
#18952 = SURFACE_STYLE_FILL_AREA(#18953);
#18953 = FILL_AREA_STYLE('',(#18954));
#18954 = FILL_AREA_STYLE_COLOUR('',#16116);
#18955 = STYLED_ITEM('color',(#18956),#2891);
#18956 = PRESENTATION_STYLE_ASSIGNMENT((#18957));
#18957 = SURFACE_STYLE_USAGE(.BOTH.,#18958);
#18958 = SURFACE_SIDE_STYLE('',(#18959));
#18959 = SURFACE_STYLE_FILL_AREA(#18960);
#18960 = FILL_AREA_STYLE('',(#18961));
#18961 = FILL_AREA_STYLE_COLOUR('',#16116);
#18962 = STYLED_ITEM('color',(#18963),#2915);
#18963 = PRESENTATION_STYLE_ASSIGNMENT((#18964));
#18964 = SURFACE_STYLE_USAGE(.BOTH.,#18965);
#18965 = SURFACE_SIDE_STYLE('',(#18966));
#18966 = SURFACE_STYLE_FILL_AREA(#18967);
#18967 = FILL_AREA_STYLE('',(#18968));
#18968 = FILL_AREA_STYLE_COLOUR('',#16116);
#18969 = STYLED_ITEM('color',(#18970),#2932);
#18970 = PRESENTATION_STYLE_ASSIGNMENT((#18971));
#18971 = SURFACE_STYLE_USAGE(.BOTH.,#18972);
#18972 = SURFACE_SIDE_STYLE('',(#18973));
#18973 = SURFACE_STYLE_FILL_AREA(#18974);
#18974 = FILL_AREA_STYLE('',(#18975));
#18975 = FILL_AREA_STYLE_COLOUR('',#16116);
#18976 = STYLED_ITEM('color',(#18977),#2963);
#18977 = PRESENTATION_STYLE_ASSIGNMENT((#18978));
#18978 = SURFACE_STYLE_USAGE(.BOTH.,#18979);
#18979 = SURFACE_SIDE_STYLE('',(#18980));
#18980 = SURFACE_STYLE_FILL_AREA(#18981);
#18981 = FILL_AREA_STYLE('',(#18982));
#18982 = FILL_AREA_STYLE_COLOUR('',#16116);
#18983 = STYLED_ITEM('color',(#18984),#2987);
#18984 = PRESENTATION_STYLE_ASSIGNMENT((#18985));
#18985 = SURFACE_STYLE_USAGE(.BOTH.,#18986);
#18986 = SURFACE_SIDE_STYLE('',(#18987));
#18987 = SURFACE_STYLE_FILL_AREA(#18988);
#18988 = FILL_AREA_STYLE('',(#18989));
#18989 = FILL_AREA_STYLE_COLOUR('',#16116);
#18990 = STYLED_ITEM('color',(#18991),#3011);
#18991 = PRESENTATION_STYLE_ASSIGNMENT((#18992));
#18992 = SURFACE_STYLE_USAGE(.BOTH.,#18993);
#18993 = SURFACE_SIDE_STYLE('',(#18994));
#18994 = SURFACE_STYLE_FILL_AREA(#18995);
#18995 = FILL_AREA_STYLE('',(#18996));
#18996 = FILL_AREA_STYLE_COLOUR('',#16116);
#18997 = STYLED_ITEM('color',(#18998),#3028);
#18998 = PRESENTATION_STYLE_ASSIGNMENT((#18999));
#18999 = SURFACE_STYLE_USAGE(.BOTH.,#19000);
#19000 = SURFACE_SIDE_STYLE('',(#19001));
#19001 = SURFACE_STYLE_FILL_AREA(#19002);
#19002 = FILL_AREA_STYLE('',(#19003));
#19003 = FILL_AREA_STYLE_COLOUR('',#16116);
#19004 = STYLED_ITEM('color',(#19005),#3059);
#19005 = PRESENTATION_STYLE_ASSIGNMENT((#19006));
#19006 = SURFACE_STYLE_USAGE(.BOTH.,#19007);
#19007 = SURFACE_SIDE_STYLE('',(#19008));
#19008 = SURFACE_STYLE_FILL_AREA(#19009);
#19009 = FILL_AREA_STYLE('',(#19010));
#19010 = FILL_AREA_STYLE_COLOUR('',#16116);
#19011 = STYLED_ITEM('color',(#19012),#3083);
#19012 = PRESENTATION_STYLE_ASSIGNMENT((#19013));
#19013 = SURFACE_STYLE_USAGE(.BOTH.,#19014);
#19014 = SURFACE_SIDE_STYLE('',(#19015));
#19015 = SURFACE_STYLE_FILL_AREA(#19016);
#19016 = FILL_AREA_STYLE('',(#19017));
#19017 = FILL_AREA_STYLE_COLOUR('',#16116);
#19018 = STYLED_ITEM('color',(#19019),#3107);
#19019 = PRESENTATION_STYLE_ASSIGNMENT((#19020));
#19020 = SURFACE_STYLE_USAGE(.BOTH.,#19021);
#19021 = SURFACE_SIDE_STYLE('',(#19022));
#19022 = SURFACE_STYLE_FILL_AREA(#19023);
#19023 = FILL_AREA_STYLE('',(#19024));
#19024 = FILL_AREA_STYLE_COLOUR('',#16116);
#19025 = STYLED_ITEM('color',(#19026),#3124);
#19026 = PRESENTATION_STYLE_ASSIGNMENT((#19027));
#19027 = SURFACE_STYLE_USAGE(.BOTH.,#19028);
#19028 = SURFACE_SIDE_STYLE('',(#19029));
#19029 = SURFACE_STYLE_FILL_AREA(#19030);
#19030 = FILL_AREA_STYLE('',(#19031));
#19031 = FILL_AREA_STYLE_COLOUR('',#16116);
#19032 = STYLED_ITEM('color',(#19033),#3155);
#19033 = PRESENTATION_STYLE_ASSIGNMENT((#19034));
#19034 = SURFACE_STYLE_USAGE(.BOTH.,#19035);
#19035 = SURFACE_SIDE_STYLE('',(#19036));
#19036 = SURFACE_STYLE_FILL_AREA(#19037);
#19037 = FILL_AREA_STYLE('',(#19038));
#19038 = FILL_AREA_STYLE_COLOUR('',#16116);
#19039 = STYLED_ITEM('color',(#19040),#3179);
#19040 = PRESENTATION_STYLE_ASSIGNMENT((#19041));
#19041 = SURFACE_STYLE_USAGE(.BOTH.,#19042);
#19042 = SURFACE_SIDE_STYLE('',(#19043));
#19043 = SURFACE_STYLE_FILL_AREA(#19044);
#19044 = FILL_AREA_STYLE('',(#19045));
#19045 = FILL_AREA_STYLE_COLOUR('',#16116);
#19046 = STYLED_ITEM('color',(#19047),#3203);
#19047 = PRESENTATION_STYLE_ASSIGNMENT((#19048));
#19048 = SURFACE_STYLE_USAGE(.BOTH.,#19049);
#19049 = SURFACE_SIDE_STYLE('',(#19050));
#19050 = SURFACE_STYLE_FILL_AREA(#19051);
#19051 = FILL_AREA_STYLE('',(#19052));
#19052 = FILL_AREA_STYLE_COLOUR('',#16116);
#19053 = STYLED_ITEM('color',(#19054),#3220);
#19054 = PRESENTATION_STYLE_ASSIGNMENT((#19055));
#19055 = SURFACE_STYLE_USAGE(.BOTH.,#19056);
#19056 = SURFACE_SIDE_STYLE('',(#19057));
#19057 = SURFACE_STYLE_FILL_AREA(#19058);
#19058 = FILL_AREA_STYLE('',(#19059));
#19059 = FILL_AREA_STYLE_COLOUR('',#16116);
#19060 = STYLED_ITEM('color',(#19061),#3251);
#19061 = PRESENTATION_STYLE_ASSIGNMENT((#19062));
#19062 = SURFACE_STYLE_USAGE(.BOTH.,#19063);
#19063 = SURFACE_SIDE_STYLE('',(#19064));
#19064 = SURFACE_STYLE_FILL_AREA(#19065);
#19065 = FILL_AREA_STYLE('',(#19066));
#19066 = FILL_AREA_STYLE_COLOUR('',#16116);
#19067 = STYLED_ITEM('color',(#19068),#3275);
#19068 = PRESENTATION_STYLE_ASSIGNMENT((#19069));
#19069 = SURFACE_STYLE_USAGE(.BOTH.,#19070);
#19070 = SURFACE_SIDE_STYLE('',(#19071));
#19071 = SURFACE_STYLE_FILL_AREA(#19072);
#19072 = FILL_AREA_STYLE('',(#19073));
#19073 = FILL_AREA_STYLE_COLOUR('',#16116);
#19074 = STYLED_ITEM('color',(#19075),#3299);
#19075 = PRESENTATION_STYLE_ASSIGNMENT((#19076));
#19076 = SURFACE_STYLE_USAGE(.BOTH.,#19077);
#19077 = SURFACE_SIDE_STYLE('',(#19078));
#19078 = SURFACE_STYLE_FILL_AREA(#19079);
#19079 = FILL_AREA_STYLE('',(#19080));
#19080 = FILL_AREA_STYLE_COLOUR('',#16116);
#19081 = STYLED_ITEM('color',(#19082),#3316);
#19082 = PRESENTATION_STYLE_ASSIGNMENT((#19083));
#19083 = SURFACE_STYLE_USAGE(.BOTH.,#19084);
#19084 = SURFACE_SIDE_STYLE('',(#19085));
#19085 = SURFACE_STYLE_FILL_AREA(#19086);
#19086 = FILL_AREA_STYLE('',(#19087));
#19087 = FILL_AREA_STYLE_COLOUR('',#16116);
#19088 = STYLED_ITEM('color',(#19089),#3347);
#19089 = PRESENTATION_STYLE_ASSIGNMENT((#19090));
#19090 = SURFACE_STYLE_USAGE(.BOTH.,#19091);
#19091 = SURFACE_SIDE_STYLE('',(#19092));
#19092 = SURFACE_STYLE_FILL_AREA(#19093);
#19093 = FILL_AREA_STYLE('',(#19094));
#19094 = FILL_AREA_STYLE_COLOUR('',#16116);
#19095 = STYLED_ITEM('color',(#19096),#3371);
#19096 = PRESENTATION_STYLE_ASSIGNMENT((#19097));
#19097 = SURFACE_STYLE_USAGE(.BOTH.,#19098);
#19098 = SURFACE_SIDE_STYLE('',(#19099));
#19099 = SURFACE_STYLE_FILL_AREA(#19100);
#19100 = FILL_AREA_STYLE('',(#19101));
#19101 = FILL_AREA_STYLE_COLOUR('',#16116);
#19102 = STYLED_ITEM('color',(#19103),#3395);
#19103 = PRESENTATION_STYLE_ASSIGNMENT((#19104));
#19104 = SURFACE_STYLE_USAGE(.BOTH.,#19105);
#19105 = SURFACE_SIDE_STYLE('',(#19106));
#19106 = SURFACE_STYLE_FILL_AREA(#19107);
#19107 = FILL_AREA_STYLE('',(#19108));
#19108 = FILL_AREA_STYLE_COLOUR('',#16116);
#19109 = STYLED_ITEM('color',(#19110),#3412);
#19110 = PRESENTATION_STYLE_ASSIGNMENT((#19111));
#19111 = SURFACE_STYLE_USAGE(.BOTH.,#19112);
#19112 = SURFACE_SIDE_STYLE('',(#19113));
#19113 = SURFACE_STYLE_FILL_AREA(#19114);
#19114 = FILL_AREA_STYLE('',(#19115));
#19115 = FILL_AREA_STYLE_COLOUR('',#16116);
#19116 = STYLED_ITEM('color',(#19117),#3443);
#19117 = PRESENTATION_STYLE_ASSIGNMENT((#19118));
#19118 = SURFACE_STYLE_USAGE(.BOTH.,#19119);
#19119 = SURFACE_SIDE_STYLE('',(#19120));
#19120 = SURFACE_STYLE_FILL_AREA(#19121);
#19121 = FILL_AREA_STYLE('',(#19122));
#19122 = FILL_AREA_STYLE_COLOUR('',#16116);
#19123 = STYLED_ITEM('color',(#19124),#3467);
#19124 = PRESENTATION_STYLE_ASSIGNMENT((#19125));
#19125 = SURFACE_STYLE_USAGE(.BOTH.,#19126);
#19126 = SURFACE_SIDE_STYLE('',(#19127));
#19127 = SURFACE_STYLE_FILL_AREA(#19128);
#19128 = FILL_AREA_STYLE('',(#19129));
#19129 = FILL_AREA_STYLE_COLOUR('',#16116);
#19130 = STYLED_ITEM('color',(#19131),#3491);
#19131 = PRESENTATION_STYLE_ASSIGNMENT((#19132));
#19132 = SURFACE_STYLE_USAGE(.BOTH.,#19133);
#19133 = SURFACE_SIDE_STYLE('',(#19134));
#19134 = SURFACE_STYLE_FILL_AREA(#19135);
#19135 = FILL_AREA_STYLE('',(#19136));
#19136 = FILL_AREA_STYLE_COLOUR('',#16116);
#19137 = STYLED_ITEM('color',(#19138),#3508);
#19138 = PRESENTATION_STYLE_ASSIGNMENT((#19139));
#19139 = SURFACE_STYLE_USAGE(.BOTH.,#19140);
#19140 = SURFACE_SIDE_STYLE('',(#19141));
#19141 = SURFACE_STYLE_FILL_AREA(#19142);
#19142 = FILL_AREA_STYLE('',(#19143));
#19143 = FILL_AREA_STYLE_COLOUR('',#16116);
#19144 = STYLED_ITEM('color',(#19145),#3539);
#19145 = PRESENTATION_STYLE_ASSIGNMENT((#19146));
#19146 = SURFACE_STYLE_USAGE(.BOTH.,#19147);
#19147 = SURFACE_SIDE_STYLE('',(#19148));
#19148 = SURFACE_STYLE_FILL_AREA(#19149);
#19149 = FILL_AREA_STYLE('',(#19150));
#19150 = FILL_AREA_STYLE_COLOUR('',#16116);
#19151 = STYLED_ITEM('color',(#19152),#3563);
#19152 = PRESENTATION_STYLE_ASSIGNMENT((#19153));
#19153 = SURFACE_STYLE_USAGE(.BOTH.,#19154);
#19154 = SURFACE_SIDE_STYLE('',(#19155));
#19155 = SURFACE_STYLE_FILL_AREA(#19156);
#19156 = FILL_AREA_STYLE('',(#19157));
#19157 = FILL_AREA_STYLE_COLOUR('',#16116);
#19158 = STYLED_ITEM('color',(#19159),#3587);
#19159 = PRESENTATION_STYLE_ASSIGNMENT((#19160));
#19160 = SURFACE_STYLE_USAGE(.BOTH.,#19161);
#19161 = SURFACE_SIDE_STYLE('',(#19162));
#19162 = SURFACE_STYLE_FILL_AREA(#19163);
#19163 = FILL_AREA_STYLE('',(#19164));
#19164 = FILL_AREA_STYLE_COLOUR('',#16116);
#19165 = STYLED_ITEM('color',(#19166),#3604);
#19166 = PRESENTATION_STYLE_ASSIGNMENT((#19167));
#19167 = SURFACE_STYLE_USAGE(.BOTH.,#19168);
#19168 = SURFACE_SIDE_STYLE('',(#19169));
#19169 = SURFACE_STYLE_FILL_AREA(#19170);
#19170 = FILL_AREA_STYLE('',(#19171));
#19171 = FILL_AREA_STYLE_COLOUR('',#16116);
#19172 = STYLED_ITEM('color',(#19173),#3635);
#19173 = PRESENTATION_STYLE_ASSIGNMENT((#19174));
#19174 = SURFACE_STYLE_USAGE(.BOTH.,#19175);
#19175 = SURFACE_SIDE_STYLE('',(#19176));
#19176 = SURFACE_STYLE_FILL_AREA(#19177);
#19177 = FILL_AREA_STYLE('',(#19178));
#19178 = FILL_AREA_STYLE_COLOUR('',#16116);
#19179 = STYLED_ITEM('color',(#19180),#3659);
#19180 = PRESENTATION_STYLE_ASSIGNMENT((#19181));
#19181 = SURFACE_STYLE_USAGE(.BOTH.,#19182);
#19182 = SURFACE_SIDE_STYLE('',(#19183));
#19183 = SURFACE_STYLE_FILL_AREA(#19184);
#19184 = FILL_AREA_STYLE('',(#19185));
#19185 = FILL_AREA_STYLE_COLOUR('',#16116);
#19186 = STYLED_ITEM('color',(#19187),#3683);
#19187 = PRESENTATION_STYLE_ASSIGNMENT((#19188));
#19188 = SURFACE_STYLE_USAGE(.BOTH.,#19189);
#19189 = SURFACE_SIDE_STYLE('',(#19190));
#19190 = SURFACE_STYLE_FILL_AREA(#19191);
#19191 = FILL_AREA_STYLE('',(#19192));
#19192 = FILL_AREA_STYLE_COLOUR('',#16116);
#19193 = STYLED_ITEM('color',(#19194),#3700);
#19194 = PRESENTATION_STYLE_ASSIGNMENT((#19195));
#19195 = SURFACE_STYLE_USAGE(.BOTH.,#19196);
#19196 = SURFACE_SIDE_STYLE('',(#19197));
#19197 = SURFACE_STYLE_FILL_AREA(#19198);
#19198 = FILL_AREA_STYLE('',(#19199));
#19199 = FILL_AREA_STYLE_COLOUR('',#16116);
#19200 = STYLED_ITEM('color',(#19201),#3731);
#19201 = PRESENTATION_STYLE_ASSIGNMENT((#19202));
#19202 = SURFACE_STYLE_USAGE(.BOTH.,#19203);
#19203 = SURFACE_SIDE_STYLE('',(#19204));
#19204 = SURFACE_STYLE_FILL_AREA(#19205);
#19205 = FILL_AREA_STYLE('',(#19206));
#19206 = FILL_AREA_STYLE_COLOUR('',#16116);
#19207 = STYLED_ITEM('color',(#19208),#3755);
#19208 = PRESENTATION_STYLE_ASSIGNMENT((#19209));
#19209 = SURFACE_STYLE_USAGE(.BOTH.,#19210);
#19210 = SURFACE_SIDE_STYLE('',(#19211));
#19211 = SURFACE_STYLE_FILL_AREA(#19212);
#19212 = FILL_AREA_STYLE('',(#19213));
#19213 = FILL_AREA_STYLE_COLOUR('',#16116);
#19214 = STYLED_ITEM('color',(#19215),#3779);
#19215 = PRESENTATION_STYLE_ASSIGNMENT((#19216));
#19216 = SURFACE_STYLE_USAGE(.BOTH.,#19217);
#19217 = SURFACE_SIDE_STYLE('',(#19218));
#19218 = SURFACE_STYLE_FILL_AREA(#19219);
#19219 = FILL_AREA_STYLE('',(#19220));
#19220 = FILL_AREA_STYLE_COLOUR('',#16116);
#19221 = STYLED_ITEM('color',(#19222),#3796);
#19222 = PRESENTATION_STYLE_ASSIGNMENT((#19223));
#19223 = SURFACE_STYLE_USAGE(.BOTH.,#19224);
#19224 = SURFACE_SIDE_STYLE('',(#19225));
#19225 = SURFACE_STYLE_FILL_AREA(#19226);
#19226 = FILL_AREA_STYLE('',(#19227));
#19227 = FILL_AREA_STYLE_COLOUR('',#16116);
#19228 = STYLED_ITEM('color',(#19229),#3827);
#19229 = PRESENTATION_STYLE_ASSIGNMENT((#19230));
#19230 = SURFACE_STYLE_USAGE(.BOTH.,#19231);
#19231 = SURFACE_SIDE_STYLE('',(#19232));
#19232 = SURFACE_STYLE_FILL_AREA(#19233);
#19233 = FILL_AREA_STYLE('',(#19234));
#19234 = FILL_AREA_STYLE_COLOUR('',#16116);
#19235 = STYLED_ITEM('color',(#19236),#3851);
#19236 = PRESENTATION_STYLE_ASSIGNMENT((#19237));
#19237 = SURFACE_STYLE_USAGE(.BOTH.,#19238);
#19238 = SURFACE_SIDE_STYLE('',(#19239));
#19239 = SURFACE_STYLE_FILL_AREA(#19240);
#19240 = FILL_AREA_STYLE('',(#19241));
#19241 = FILL_AREA_STYLE_COLOUR('',#16116);
#19242 = STYLED_ITEM('color',(#19243),#3875);
#19243 = PRESENTATION_STYLE_ASSIGNMENT((#19244));
#19244 = SURFACE_STYLE_USAGE(.BOTH.,#19245);
#19245 = SURFACE_SIDE_STYLE('',(#19246));
#19246 = SURFACE_STYLE_FILL_AREA(#19247);
#19247 = FILL_AREA_STYLE('',(#19248));
#19248 = FILL_AREA_STYLE_COLOUR('',#16116);
#19249 = STYLED_ITEM('color',(#19250),#3892);
#19250 = PRESENTATION_STYLE_ASSIGNMENT((#19251));
#19251 = SURFACE_STYLE_USAGE(.BOTH.,#19252);
#19252 = SURFACE_SIDE_STYLE('',(#19253));
#19253 = SURFACE_STYLE_FILL_AREA(#19254);
#19254 = FILL_AREA_STYLE('',(#19255));
#19255 = FILL_AREA_STYLE_COLOUR('',#16116);
#19256 = STYLED_ITEM('color',(#19257),#3923);
#19257 = PRESENTATION_STYLE_ASSIGNMENT((#19258));
#19258 = SURFACE_STYLE_USAGE(.BOTH.,#19259);
#19259 = SURFACE_SIDE_STYLE('',(#19260));
#19260 = SURFACE_STYLE_FILL_AREA(#19261);
#19261 = FILL_AREA_STYLE('',(#19262));
#19262 = FILL_AREA_STYLE_COLOUR('',#16116);
#19263 = STYLED_ITEM('color',(#19264),#3947);
#19264 = PRESENTATION_STYLE_ASSIGNMENT((#19265));
#19265 = SURFACE_STYLE_USAGE(.BOTH.,#19266);
#19266 = SURFACE_SIDE_STYLE('',(#19267));
#19267 = SURFACE_STYLE_FILL_AREA(#19268);
#19268 = FILL_AREA_STYLE('',(#19269));
#19269 = FILL_AREA_STYLE_COLOUR('',#16116);
#19270 = STYLED_ITEM('color',(#19271),#3971);
#19271 = PRESENTATION_STYLE_ASSIGNMENT((#19272));
#19272 = SURFACE_STYLE_USAGE(.BOTH.,#19273);
#19273 = SURFACE_SIDE_STYLE('',(#19274));
#19274 = SURFACE_STYLE_FILL_AREA(#19275);
#19275 = FILL_AREA_STYLE('',(#19276));
#19276 = FILL_AREA_STYLE_COLOUR('',#16116);
#19277 = STYLED_ITEM('color',(#19278),#3988);
#19278 = PRESENTATION_STYLE_ASSIGNMENT((#19279));
#19279 = SURFACE_STYLE_USAGE(.BOTH.,#19280);
#19280 = SURFACE_SIDE_STYLE('',(#19281));
#19281 = SURFACE_STYLE_FILL_AREA(#19282);
#19282 = FILL_AREA_STYLE('',(#19283));
#19283 = FILL_AREA_STYLE_COLOUR('',#16116);
#19284 = STYLED_ITEM('color',(#19285),#4000);
#19285 = PRESENTATION_STYLE_ASSIGNMENT((#19286));
#19286 = SURFACE_STYLE_USAGE(.BOTH.,#19287);
#19287 = SURFACE_SIDE_STYLE('',(#19288));
#19288 = SURFACE_STYLE_FILL_AREA(#19289);
#19289 = FILL_AREA_STYLE('',(#19290));
#19290 = FILL_AREA_STYLE_COLOUR('',#16116);
#19291 = STYLED_ITEM('color',(#19292),#4012);
#19292 = PRESENTATION_STYLE_ASSIGNMENT((#19293));
#19293 = SURFACE_STYLE_USAGE(.BOTH.,#19294);
#19294 = SURFACE_SIDE_STYLE('',(#19295));
#19295 = SURFACE_STYLE_FILL_AREA(#19296);
#19296 = FILL_AREA_STYLE('',(#19297));
#19297 = FILL_AREA_STYLE_COLOUR('',#16116);
#19298 = STYLED_ITEM('color',(#19299),#4024);
#19299 = PRESENTATION_STYLE_ASSIGNMENT((#19300));
#19300 = SURFACE_STYLE_USAGE(.BOTH.,#19301);
#19301 = SURFACE_SIDE_STYLE('',(#19302));
#19302 = SURFACE_STYLE_FILL_AREA(#19303);
#19303 = FILL_AREA_STYLE('',(#19304));
#19304 = FILL_AREA_STYLE_COLOUR('',#16116);
#19305 = STYLED_ITEM('color',(#19306),#4036);
#19306 = PRESENTATION_STYLE_ASSIGNMENT((#19307));
#19307 = SURFACE_STYLE_USAGE(.BOTH.,#19308);
#19308 = SURFACE_SIDE_STYLE('',(#19309));
#19309 = SURFACE_STYLE_FILL_AREA(#19310);
#19310 = FILL_AREA_STYLE('',(#19311));
#19311 = FILL_AREA_STYLE_COLOUR('',#16116);
#19312 = STYLED_ITEM('color',(#19313),#4048);
#19313 = PRESENTATION_STYLE_ASSIGNMENT((#19314));
#19314 = SURFACE_STYLE_USAGE(.BOTH.,#19315);
#19315 = SURFACE_SIDE_STYLE('',(#19316));
#19316 = SURFACE_STYLE_FILL_AREA(#19317);
#19317 = FILL_AREA_STYLE('',(#19318));
#19318 = FILL_AREA_STYLE_COLOUR('',#16116);
ENDSEC;
END-ISO-10303-21;
